STRUCTURE,STRUCTURE_ID,STRUCTURE_NAME,ACTION,COUNTRY,Country/Region,FREQUENCY,Frequency,RDD_SECTOR,Sector,RDD_TECH,Technology,RDD_TYPE,Type,UNIT,Unit,TIME_PERIOD,Time Period,OBS_VALUE,Observation value,QUALIFIER,Qualifier,CONF_STATUS,Confidential Status,UNIT_MULT,Unit multiplier,DECIMALS,Decimals
DATAFLOW,OECD.IEA:RDDPUBLIC(1.0),Public energy technology RD&D budgets,I,NEWZEALAND,New Zealand,A,Annual,PUBLIC,Total public,RENEWABLE,Group 3: Renewable energy sources,RDD,"Research, development and demonstration",USD_R,USD (constant prices and exchange rates),2000,,2.35,,I,Imputed Value,F,Non-confidential,6,Millions,3,
DATAFLOW,OECD.IEA:RDDPUBLIC(1.0),Public energy technology RD&D budgets,I,NEWZEALAND,New Zealand,A,Annual,PUBLIC,Total public,RENEWABLE,Group 3: Renewable energy sources,RDD,"Research, development and demonstration",USD_R,USD (constant prices and exchange rates),2001,,4.147,,I,Imputed Value,F,Non-confidential,6,Millions,3,
DATAFLOW,OECD.IEA:RDDPUBLIC(1.0),Public energy technology RD&D budgets,I,NEWZEALAND,New Zealand,A,Annual,PUBLIC,Total public,RENEWABLE,Group 3: Renewable energy sources,RDD,"Research, development and demonstration",USD_R,USD (constant prices and exchange rates),2002,,2.98,,I,Imputed Value,F,Non-confidential,6,Millions,3,
DATAFLOW,OECD.IEA:RDDPUBLIC(1.0),Public energy technology RD&D budgets,I,NEWZEALAND,New Zealand,A,Annual,PUBLIC,Total public,RENEWABLE,Group 3: Renewable energy sources,RDD,"Research, development and demonstration",USD_R,USD (constant prices and exchange rates),2003,,4.185,,I,Imputed Value,F,Non-confidential,6,Millions,3,
DATAFLOW,OECD.IEA:RDDPUBLIC(1.0),Public energy technology RD&D budgets,I,NEWZEALAND,New Zealand,A,Annual,PUBLIC,Total public,RENEWABLE,Group 3: Renewable energy sources,RDD,"Research, development and demonstration",USD_R,USD (constant prices and exchange rates),2004,,4.589,,I,Imputed Value,F,Non-confidential,6,Millions,3,
DATAFLOW,OECD.IEA:RDDPUBLIC(1.0),Public energy technology RD&D budgets,I,NEWZEALAND,New Zealand,A,Annual,PUBLIC,Total public,RENEWABLE,Group 3: Renewable energy sources,RDD,"Research, development and demonstration",USD_R,USD (constant prices and exchange rates),2005,,4.513,,I,Imputed Value,F,Non-confidential,6,Millions,3,
DATAFLOW,OECD.IEA:RDDPUBLIC(1.0),Public energy technology RD&D budgets,I,NEWZEALAND,New Zealand,A,Annual,PUBLIC,Total public,RENEWABLE,Group 3: Renewable energy sources,RDD,"Research, development and demonstration",USD_R,USD (constant prices and exchange rates),2006,,4.31,,I,Imputed Value,F,Non-confidential,6,Millions,3,
DATAFLOW,OECD.IEA:RDDPUBLIC(1.0),Public energy technology RD&D budgets,I,NEWZEALAND,New Zealand,A,Annual,PUBLIC,Total public,RENEWABLE,Group 3: Renewable energy sources,RDD,"Research, development and demonstration",USD_R,USD (constant prices and exchange rates),2007,,5.49,,I,Imputed Value,F,Non-confidential,6,Millions,3,
DATAFLOW,OECD.IEA:RDDPUBLIC(1.0),Public energy technology RD&D budgets,I,NEWZEALAND,New Zealand,A,Annual,PUBLIC,Total public,RENEWABLE,Group 3: Renewable energy sources,RDD,"Research, development and demonstration",USD_R,USD (constant prices and exchange rates),2008,,16.68,,I,Imputed Value,F,Non-confidential,6,Millions,3,
DATAFLOW,OECD.IEA:RDDPUBLIC(1.0),Public energy technology RD&D budgets,I,NEWZEALAND,New Zealand,A,Annual,PUBLIC,Total public,RENEWABLE,Group 3: Renewable energy sources,RDD,"Research, development and demonstration",USD_R,USD (constant prices and exchange rates),2009,,16.13,,I,Imputed Value,F,Non-confidential,6,Millions,3,
DATAFLOW,OECD.IEA:RDDPUBLIC(1.0),Public energy technology RD&D budgets,I,NEWZEALAND,New Zealand,A,Annual,PUBLIC,Total public,RENEWABLE,Group 3: Renewable energy sources,RDD,"Research, development and demonstration",USD_R,USD (constant prices and exchange rates),2010,,15.675,,I,Imputed Value,F,Non-confidential,6,Millions,3,
DATAFLOW,OECD.IEA:RDDPUBLIC(1.0),Public energy technology RD&D budgets,I,NEWZEALAND,New Zealand,A,Annual,PUBLIC,Total public,RENEWABLE,Group 3: Renewable energy sources,RDD,"Research, development and demonstration",USD_R,USD (constant prices and exchange rates),2011,,13.969,,I,Imputed Value,F,Non-confidential,6,Millions,3,
DATAFLOW,OECD.IEA:RDDPUBLIC(1.0),Public energy technology RD&D budgets,I,NEWZEALAND,New Zealand,A,Annual,PUBLIC,Total public,RENEWABLE,Group 3: Renewable energy sources,RDD,"Research, development and demonstration",USD_R,USD (constant prices and exchange rates),2012,,10.516,,I,Imputed Value,F,Non-confidential,6,Millions,3,
DATAFLOW,OECD.IEA:RDDPUBLIC(1.0),Public energy technology RD&D budgets,I,NEWZEALAND,New Zealand,A,Annual,PUBLIC,Total public,RENEWABLE,Group 3: Renewable energy sources,RDD,"Research, development and demonstration",USD_R,USD (constant prices and exchange rates),2013,,11.285,,I,Imputed Value,F,Non-confidential,6,Millions,3,
DATAFLOW,OECD.IEA:RDDPUBLIC(1.0),Public energy technology RD&D budgets,I,NEWZEALAND,New Zealand,A,Annual,PUBLIC,Total public,RENEWABLE,Group 3: Renewable energy sources,RDD,"Research, development and demonstration",USD_R,USD (constant prices and exchange rates),2014,,11.016,,I,Imputed Value,F,Non-confidential,6,Millions,3,
DATAFLOW,OECD.IEA:RDDPUBLIC(1.0),Public energy technology RD&D budgets,I,NEWZEALAND,New Zealand,A,Annual,PUBLIC,Total public,RENEWABLE,Group 3: Renewable energy sources,RDD,"Research, development and demonstration",USD_R,USD (constant prices and exchange rates),2015,,7.503,,I,Imputed Value,F,Non-confidential,6,Millions,3,
DATAFLOW,OECD.IEA:RDDPUBLIC(1.0),Public energy technology RD&D budgets,I,NEWZEALAND,New Zealand,A,Annual,PUBLIC,Total public,RENEWABLE,Group 3: Renewable energy sources,RDD,"Research, development and demonstration",USD_R,USD (constant prices and exchange rates),2016,,5.341,,I,Imputed Value,F,Non-confidential,6,Millions,3,
DATAFLOW,OECD.IEA:RDDPUBLIC(1.0),Public energy technology RD&D budgets,I,NEWZEALAND,New Zealand,A,Annual,PUBLIC,Total public,RENEWABLE,Group 3: Renewable energy sources,RDD,"Research, development and demonstration",USD_R,USD (constant prices and exchange rates),2017,,5.878,,I,Imputed Value,F,Non-confidential,6,Millions,3,
DATAFLOW,OECD.IEA:RDDPUBLIC(1.0),Public energy technology RD&D budgets,I,NEWZEALAND,New Zealand,A,Annual,PUBLIC,Total public,RENEWABLE,Group 3: Renewable energy sources,RDD,"Research, development and demonstration",USD_R,USD (constant prices and exchange rates),2018,,8.239,,I,Imputed Value,F,Non-confidential,6,Millions,3,
DATAFLOW,OECD.IEA:RDDPUBLIC(1.0),Public energy technology RD&D budgets,I,NEWZEALAND,New Zealand,A,Annual,PUBLIC,Total public,RENEWABLE,Group 3: Renewable energy sources,RDD,"Research, development and demonstration",USD_R,USD (constant prices and exchange rates),2019,,10.324,,I,Imputed Value,F,Non-confidential,6,Millions,3,
DATAFLOW,OECD.IEA:RDDPUBLIC(1.0),Public energy technology RD&D budgets,I,NEWZEALAND,New Zealand,A,Annual,PUBLIC,Total public,RENEWABLE,Group 3: Renewable energy sources,RDD,"Research, development and demonstration",USD_R,USD (constant prices and exchange rates),2020,,7.557,,I,Imputed Value,F,Non-confidential,6,Millions,3,
DATAFLOW,OECD.IEA:RDDPUBLIC(1.0),Public energy technology RD&D budgets,I,NEWZEALAND,New Zealand,A,Annual,PUBLIC,Total public,RENEWABLE,Group 3: Renewable energy sources,RDD,"Research, development and demonstration",USD_R,USD (constant prices and exchange rates),2021,,7.074,,I,Imputed Value,F,Non-confidential,6,Millions,3,
DATAFLOW,OECD.IEA:RDDPUBLIC(1.0),Public energy technology RD&D budgets,I,NEWZEALAND,New Zealand,A,Annual,PUBLIC,Total public,RENEWABLE,Group 3: Renewable energy sources,RDD,"Research, development and demonstration",USD_R,USD (constant prices and exchange rates),2022,,7.408,,I,Imputed Value,F,Non-confidential,6,Millions,3,
DATAFLOW,OECD.IEA:RDDPUBLIC(1.0),Public energy technology RD&D budgets,I,NEWZEALAND,New Zealand,A,Annual,PUBLIC,Total public,RENEWABLE,Group 3: Renewable energy sources,RDD,"Research, development and demonstration",USD_R,USD (constant prices and exchange rates),2023,,4.449,,I,Imputed Value,F,Non-confidential,6,Millions,3,
DATAFLOW,OECD.IEA:RDDPUBLIC(1.0),Public energy technology RD&D budgets,I,CHILE,Chile,A,Annual,PUBLIC,Total public,FOSSILFUEL,Group 2: Fossil fuels,RDD,"Research, development and demonstration",USD_R,USD (constant prices and exchange rates),2014,,0,,I,Imputed Value,F,Non-confidential,6,Millions,3,
DATAFLOW,OECD.IEA:RDDPUBLIC(1.0),Public energy technology RD&D budgets,I,CHILE,Chile,A,Annual,PUBLIC,Total public,FOSSILFUEL,Group 2: Fossil fuels,RDD,"Research, development and demonstration",USD_R,USD (constant prices and exchange rates),2015,,0,,I,Imputed Value,F,Non-confidential,6,Millions,3,
DATAFLOW,OECD.IEA:RDDPUBLIC(1.0),Public energy technology RD&D budgets,I,CHILE,Chile,A,Annual,PUBLIC,Total public,FOSSILFUEL,Group 2: Fossil fuels,RDD,"Research, development and demonstration",USD_R,USD (constant prices and exchange rates),2016,,0,,I,Imputed Value,F,Non-confidential,6,Millions,3,
DATAFLOW,OECD.IEA:RDDPUBLIC(1.0),Public energy technology RD&D budgets,I,CHILE,Chile,A,Annual,PUBLIC,Total public,FOSSILFUEL,Group 2: Fossil fuels,RDD,"Research, development and demonstration",USD_R,USD (constant prices and exchange rates),2017,,0,,I,Imputed Value,F,Non-confidential,6,Millions,3,
DATAFLOW,OECD.IEA:RDDPUBLIC(1.0),Public energy technology RD&D budgets,I,CHILE,Chile,A,Annual,PUBLIC,Total public,FOSSILFUEL,Group 2: Fossil fuels,RDD,"Research, development and demonstration",USD_R,USD (constant prices and exchange rates),2018,,0,,I,Imputed Value,F,Non-confidential,6,Millions,3,
DATAFLOW,OECD.IEA:RDDPUBLIC(1.0),Public energy technology RD&D budgets,I,CHILE,Chile,A,Annual,PUBLIC,Total public,FOSSILFUEL,Group 2: Fossil fuels,RDD,"Research, development and demonstration",USD_R,USD (constant prices and exchange rates),2019,,0,,I,Imputed Value,F,Non-confidential,6,Millions,3,
DATAFLOW,OECD.IEA:RDDPUBLIC(1.0),Public energy technology RD&D budgets,I,CHILE,Chile,A,Annual,PUBLIC,Total public,FOSSILFUEL,Group 2: Fossil fuels,RDD,"Research, development and demonstration",USD_R,USD (constant prices and exchange rates),2020,,0,,I,Imputed Value,F,Non-confidential,6,Millions,3,
DATAFLOW,OECD.IEA:RDDPUBLIC(1.0),Public energy technology RD&D budgets,I,CHILE,Chile,A,Annual,PUBLIC,Total public,FOSSILFUEL,Group 2: Fossil fuels,RDD,"Research, development and demonstration",USD_R,USD (constant prices and exchange rates),2021,,0,,I,Imputed Value,F,Non-confidential,6,Millions,3,
DATAFLOW,OECD.IEA:RDDPUBLIC(1.0),Public energy technology RD&D budgets,I,CHILE,Chile,A,Annual,PUBLIC,Total public,FOSSILFUEL,Group 2: Fossil fuels,RDD,"Research, development and demonstration",USD_R,USD (constant prices and exchange rates),2022,,0,,I,Imputed Value,F,Non-confidential,6,Millions,3,
DATAFLOW,OECD.IEA:RDDPUBLIC(1.0),Public energy technology RD&D budgets,I,LUXEMBOURG,Luxembourg,A,Annual,PUBLIC,Total public,TOTAL,Total,RDD,"Research, development and demonstration",USD_R,USD (constant prices and exchange rates),2011,,40.134,,I,Imputed Value,F,Non-confidential,6,Millions,3,
DATAFLOW,OECD.IEA:RDDPUBLIC(1.0),Public energy technology RD&D budgets,I,LUXEMBOURG,Luxembourg,A,Annual,PUBLIC,Total public,TOTAL,Total,RDD,"Research, development and demonstration",USD_R,USD (constant prices and exchange rates),2012,,112.585,,I,Imputed Value,F,Non-confidential,6,Millions,3,
DATAFLOW,OECD.IEA:RDDPUBLIC(1.0),Public energy technology RD&D budgets,I,ITALY,Italy,A,Annual,PUBLIC,Total public,TOTAL,Total,RDD,"Research, development and demonstration",USD_R,USD (constant prices and exchange rates),2000,,457.941,,I,Imputed Value,F,Non-confidential,6,Millions,3,
DATAFLOW,OECD.IEA:RDDPUBLIC(1.0),Public energy technology RD&D budgets,I,ITALY,Italy,A,Annual,PUBLIC,Total public,TOTAL,Total,RDD,"Research, development and demonstration",USD_R,USD (constant prices and exchange rates),2001,,478.869,,I,Imputed Value,F,Non-confidential,6,Millions,3,
DATAFLOW,OECD.IEA:RDDPUBLIC(1.0),Public energy technology RD&D budgets,I,ITALY,Italy,A,Annual,PUBLIC,Total public,TOTAL,Total,RDD,"Research, development and demonstration",USD_R,USD (constant prices and exchange rates),2002,,491.909,,I,Imputed Value,F,Non-confidential,6,Millions,3,
DATAFLOW,OECD.IEA:RDDPUBLIC(1.0),Public energy technology RD&D budgets,I,ITALY,Italy,A,Annual,PUBLIC,Total public,TOTAL,Total,RDD,"Research, development and demonstration",USD_R,USD (constant prices and exchange rates),2003,,462.616,,I,Imputed Value,F,Non-confidential,6,Millions,3,
DATAFLOW,OECD.IEA:RDDPUBLIC(1.0),Public energy technology RD&D budgets,I,ITALY,Italy,A,Annual,PUBLIC,Total public,TOTAL,Total,RDD,"Research, development and demonstration",USD_R,USD (constant prices and exchange rates),2004,,441.103,,I,Imputed Value,F,Non-confidential,6,Millions,3,
DATAFLOW,OECD.IEA:RDDPUBLIC(1.0),Public energy technology RD&D budgets,I,ITALY,Italy,A,Annual,PUBLIC,Total public,TOTAL,Total,RDD,"Research, development and demonstration",USD_R,USD (constant prices and exchange rates),2005,,390.767,,I,Imputed Value,F,Non-confidential,6,Millions,3,
DATAFLOW,OECD.IEA:RDDPUBLIC(1.0),Public energy technology RD&D budgets,I,ITALY,Italy,A,Annual,PUBLIC,Total public,TOTAL,Total,RDD,"Research, development and demonstration",USD_R,USD (constant prices and exchange rates),2006,,537.851,,I,Imputed Value,F,Non-confidential,6,Millions,3,
DATAFLOW,OECD.IEA:RDDPUBLIC(1.0),Public energy technology RD&D budgets,I,ITALY,Italy,A,Annual,PUBLIC,Total public,TOTAL,Total,RDD,"Research, development and demonstration",USD_R,USD (constant prices and exchange rates),2007,,512.86,,I,Imputed Value,F,Non-confidential,6,Millions,3,
DATAFLOW,OECD.IEA:RDDPUBLIC(1.0),Public energy technology RD&D budgets,I,ITALY,Italy,A,Annual,PUBLIC,Total public,TOTAL,Total,RDD,"Research, development and demonstration",USD_R,USD (constant prices and exchange rates),2008,,535.552,,I,Imputed Value,F,Non-confidential,6,Millions,3,
DATAFLOW,OECD.IEA:RDDPUBLIC(1.0),Public energy technology RD&D budgets,I,ITALY,Italy,A,Annual,PUBLIC,Total public,TOTAL,Total,RDD,"Research, development and demonstration",USD_R,USD (constant prices and exchange rates),2009,,486.435,,I,Imputed Value,F,Non-confidential,6,Millions,3,
DATAFLOW,OECD.IEA:RDDPUBLIC(1.0),Public energy technology RD&D budgets,I,ITALY,Italy,A,Annual,PUBLIC,Total public,TOTAL,Total,RDD,"Research, development and demonstration",USD_R,USD (constant prices and exchange rates),2010,,644.847,,I,Imputed Value,F,Non-confidential,6,Millions,3,
DATAFLOW,OECD.IEA:RDDPUBLIC(1.0),Public energy technology RD&D budgets,I,ITALY,Italy,A,Annual,PUBLIC,Total public,TOTAL,Total,RDD,"Research, development and demonstration",USD_R,USD (constant prices and exchange rates),2011,,729.053,,I,Imputed Value,F,Non-confidential,6,Millions,3,
DATAFLOW,OECD.IEA:RDDPUBLIC(1.0),Public energy technology RD&D budgets,I,ITALY,Italy,A,Annual,PUBLIC,Total public,TOTAL,Total,RDD,"Research, development and demonstration",USD_R,USD (constant prices and exchange rates),2012,,747.099,,I,Imputed Value,F,Non-confidential,6,Millions,3,
DATAFLOW,OECD.IEA:RDDPUBLIC(1.0),Public energy technology RD&D budgets,I,ITALY,Italy,A,Annual,PUBLIC,Total public,TOTAL,Total,RDD,"Research, development and demonstration",USD_R,USD (constant prices and exchange rates),2013,,697.892,,I,Imputed Value,F,Non-confidential,6,Millions,3,
DATAFLOW,OECD.IEA:RDDPUBLIC(1.0),Public energy technology RD&D budgets,I,ITALY,Italy,A,Annual,PUBLIC,Total public,TOTAL,Total,RDD,"Research, development and demonstration",USD_R,USD (constant prices and exchange rates),2014,,727.899,,I,Imputed Value,F,Non-confidential,6,Millions,3,
DATAFLOW,OECD.IEA:RDDPUBLIC(1.0),Public energy technology RD&D budgets,I,ITALY,Italy,A,Annual,PUBLIC,Total public,TOTAL,Total,RDD,"Research, development and demonstration",USD_R,USD (constant prices and exchange rates),2015,,631.106,,I,Imputed Value,F,Non-confidential,6,Millions,3,
DATAFLOW,OECD.IEA:RDDPUBLIC(1.0),Public energy technology RD&D budgets,I,ITALY,Italy,A,Annual,PUBLIC,Total public,TOTAL,Total,RDD,"Research, development and demonstration",USD_R,USD (constant prices and exchange rates),2016,,545.309,,I,Imputed Value,F,Non-confidential,6,Millions,3,
DATAFLOW,OECD.IEA:RDDPUBLIC(1.0),Public energy technology RD&D budgets,I,ITALY,Italy,A,Annual,PUBLIC,Total public,TOTAL,Total,RDD,"Research, development and demonstration",USD_R,USD (constant prices and exchange rates),2017,,551.376,,I,Imputed Value,F,Non-confidential,6,Millions,3,
DATAFLOW,OECD.IEA:RDDPUBLIC(1.0),Public energy technology RD&D budgets,I,ITALY,Italy,A,Annual,PUBLIC,Total public,TOTAL,Total,RDD,"Research, development and demonstration",USD_R,USD (constant prices and exchange rates),2018,,569.582,,I,Imputed Value,F,Non-confidential,6,Millions,3,
DATAFLOW,OECD.IEA:RDDPUBLIC(1.0),Public energy technology RD&D budgets,I,ITALY,Italy,A,Annual,PUBLIC,Total public,TOTAL,Total,RDD,"Research, development and demonstration",USD_R,USD (constant prices and exchange rates),2019,,634.438,,I,Imputed Value,F,Non-confidential,6,Millions,3,
DATAFLOW,OECD.IEA:RDDPUBLIC(1.0),Public energy technology RD&D budgets,I,ITALY,Italy,A,Annual,PUBLIC,Total public,TOTAL,Total,RDD,"Research, development and demonstration",USD_R,USD (constant prices and exchange rates),2020,,633.538,,I,Imputed Value,F,Non-confidential,6,Millions,3,
DATAFLOW,OECD.IEA:RDDPUBLIC(1.0),Public energy technology RD&D budgets,I,ITALY,Italy,A,Annual,PUBLIC,Total public,TOTAL,Total,RDD,"Research, development and demonstration",USD_R,USD (constant prices and exchange rates),2021,,688.323,,I,Imputed Value,F,Non-confidential,6,Millions,3,
DATAFLOW,OECD.IEA:RDDPUBLIC(1.0),Public energy technology RD&D budgets,I,ITALY,Italy,A,Annual,PUBLIC,Total public,TOTAL,Total,RDD,"Research, development and demonstration",USD_R,USD (constant prices and exchange rates),2022,,630.917,,I,Imputed Value,F,Non-confidential,6,Millions,3,
DATAFLOW,OECD.IEA:RDDPUBLIC(1.0),Public energy technology RD&D budgets,I,SPAIN,Spain,A,Annual,PUBLIC,Total public,FOSSILFUEL,Group 2: Fossil fuels,RDD,"Research, development and demonstration",USD_R,USD (constant prices and exchange rates),2000,,5.671,,I,Imputed Value,F,Non-confidential,6,Millions,3,
DATAFLOW,OECD.IEA:RDDPUBLIC(1.0),Public energy technology RD&D budgets,I,SPAIN,Spain,A,Annual,PUBLIC,Total public,FOSSILFUEL,Group 2: Fossil fuels,RDD,"Research, development and demonstration",USD_R,USD (constant prices and exchange rates),2001,,7.572,,I,Imputed Value,F,Non-confidential,6,Millions,3,
DATAFLOW,OECD.IEA:RDDPUBLIC(1.0),Public energy technology RD&D budgets,I,SPAIN,Spain,A,Annual,PUBLIC,Total public,FOSSILFUEL,Group 2: Fossil fuels,RDD,"Research, development and demonstration",USD_R,USD (constant prices and exchange rates),2002,,4.222,,I,Imputed Value,F,Non-confidential,6,Millions,3,
DATAFLOW,OECD.IEA:RDDPUBLIC(1.0),Public energy technology RD&D budgets,I,SPAIN,Spain,A,Annual,PUBLIC,Total public,FOSSILFUEL,Group 2: Fossil fuels,RDD,"Research, development and demonstration",USD_R,USD (constant prices and exchange rates),2003,,4.707,,I,Imputed Value,F,Non-confidential,6,Millions,3,
DATAFLOW,OECD.IEA:RDDPUBLIC(1.0),Public energy technology RD&D budgets,I,SPAIN,Spain,A,Annual,PUBLIC,Total public,FOSSILFUEL,Group 2: Fossil fuels,RDD,"Research, development and demonstration",USD_R,USD (constant prices and exchange rates),2004,,8.159,,I,Imputed Value,F,Non-confidential,6,Millions,3,
DATAFLOW,OECD.IEA:RDDPUBLIC(1.0),Public energy technology RD&D budgets,I,SPAIN,Spain,A,Annual,PUBLIC,Total public,FOSSILFUEL,Group 2: Fossil fuels,RDD,"Research, development and demonstration",USD_R,USD (constant prices and exchange rates),2005,,7.054,,I,Imputed Value,F,Non-confidential,6,Millions,3,
DATAFLOW,OECD.IEA:RDDPUBLIC(1.0),Public energy technology RD&D budgets,I,SPAIN,Spain,A,Annual,PUBLIC,Total public,FOSSILFUEL,Group 2: Fossil fuels,RDD,"Research, development and demonstration",USD_R,USD (constant prices and exchange rates),2006,,3.894,,I,Imputed Value,F,Non-confidential,6,Millions,3,
DATAFLOW,OECD.IEA:RDDPUBLIC(1.0),Public energy technology RD&D budgets,I,SPAIN,Spain,A,Annual,PUBLIC,Total public,FOSSILFUEL,Group 2: Fossil fuels,RDD,"Research, development and demonstration",USD_R,USD (constant prices and exchange rates),2007,,5.361,,I,Imputed Value,F,Non-confidential,6,Millions,3,
DATAFLOW,OECD.IEA:RDDPUBLIC(1.0),Public energy technology RD&D budgets,I,SPAIN,Spain,A,Annual,PUBLIC,Total public,FOSSILFUEL,Group 2: Fossil fuels,RDD,"Research, development and demonstration",USD_R,USD (constant prices and exchange rates),2008,,6.853,,I,Imputed Value,F,Non-confidential,6,Millions,3,
DATAFLOW,OECD.IEA:RDDPUBLIC(1.0),Public energy technology RD&D budgets,I,SPAIN,Spain,A,Annual,PUBLIC,Total public,FOSSILFUEL,Group 2: Fossil fuels,RDD,"Research, development and demonstration",USD_R,USD (constant prices and exchange rates),2009,,8.764,,I,Imputed Value,F,Non-confidential,6,Millions,3,
DATAFLOW,OECD.IEA:RDDPUBLIC(1.0),Public energy technology RD&D budgets,I,SPAIN,Spain,A,Annual,PUBLIC,Total public,FOSSILFUEL,Group 2: Fossil fuels,RDD,"Research, development and demonstration",USD_R,USD (constant prices and exchange rates),2010,,0,,I,Imputed Value,F,Non-confidential,6,Millions,3,
DATAFLOW,OECD.IEA:RDDPUBLIC(1.0),Public energy technology RD&D budgets,I,SPAIN,Spain,A,Annual,PUBLIC,Total public,FOSSILFUEL,Group 2: Fossil fuels,RDD,"Research, development and demonstration",USD_R,USD (constant prices and exchange rates),2011,,0,,I,Imputed Value,F,Non-confidential,6,Millions,3,
DATAFLOW,OECD.IEA:RDDPUBLIC(1.0),Public energy technology RD&D budgets,I,SPAIN,Spain,A,Annual,PUBLIC,Total public,FOSSILFUEL,Group 2: Fossil fuels,RDD,"Research, development and demonstration",USD_R,USD (constant prices and exchange rates),2012,,8.775,,I,Imputed Value,F,Non-confidential,6,Millions,3,
DATAFLOW,OECD.IEA:RDDPUBLIC(1.0),Public energy technology RD&D budgets,I,SPAIN,Spain,A,Annual,PUBLIC,Total public,FOSSILFUEL,Group 2: Fossil fuels,RDD,"Research, development and demonstration",USD_R,USD (constant prices and exchange rates),2013,,2.343,,I,Imputed Value,F,Non-confidential,6,Millions,3,
DATAFLOW,OECD.IEA:RDDPUBLIC(1.0),Public energy technology RD&D budgets,I,SPAIN,Spain,A,Annual,PUBLIC,Total public,FOSSILFUEL,Group 2: Fossil fuels,RDD,"Research, development and demonstration",USD_R,USD (constant prices and exchange rates),2014,,5.681,,I,Imputed Value,F,Non-confidential,6,Millions,3,
DATAFLOW,OECD.IEA:RDDPUBLIC(1.0),Public energy technology RD&D budgets,I,SPAIN,Spain,A,Annual,PUBLIC,Total public,FOSSILFUEL,Group 2: Fossil fuels,RDD,"Research, development and demonstration",USD_R,USD (constant prices and exchange rates),2015,,13.816,,I,Imputed Value,F,Non-confidential,6,Millions,3,
DATAFLOW,OECD.IEA:RDDPUBLIC(1.0),Public energy technology RD&D budgets,I,SPAIN,Spain,A,Annual,PUBLIC,Total public,FOSSILFUEL,Group 2: Fossil fuels,RDD,"Research, development and demonstration",USD_R,USD (constant prices and exchange rates),2016,,1.6,,I,Imputed Value,F,Non-confidential,6,Millions,3,
DATAFLOW,OECD.IEA:RDDPUBLIC(1.0),Public energy technology RD&D budgets,I,SPAIN,Spain,A,Annual,PUBLIC,Total public,FOSSILFUEL,Group 2: Fossil fuels,RDD,"Research, development and demonstration",USD_R,USD (constant prices and exchange rates),2017,,0,,I,Imputed Value,F,Non-confidential,6,Millions,3,
DATAFLOW,OECD.IEA:RDDPUBLIC(1.0),Public energy technology RD&D budgets,I,SPAIN,Spain,A,Annual,PUBLIC,Total public,FOSSILFUEL,Group 2: Fossil fuels,RDD,"Research, development and demonstration",USD_R,USD (constant prices and exchange rates),2018,,1.257,,I,Imputed Value,F,Non-confidential,6,Millions,3,
DATAFLOW,OECD.IEA:RDDPUBLIC(1.0),Public energy technology RD&D budgets,I,SPAIN,Spain,A,Annual,PUBLIC,Total public,FOSSILFUEL,Group 2: Fossil fuels,RDD,"Research, development and demonstration",USD_R,USD (constant prices and exchange rates),2019,,3.427,,I,Imputed Value,F,Non-confidential,6,Millions,3,
DATAFLOW,OECD.IEA:RDDPUBLIC(1.0),Public energy technology RD&D budgets,I,SPAIN,Spain,A,Annual,PUBLIC,Total public,FOSSILFUEL,Group 2: Fossil fuels,RDD,"Research, development and demonstration",USD_R,USD (constant prices and exchange rates),2020,,1.618,,I,Imputed Value,F,Non-confidential,6,Millions,3,
DATAFLOW,OECD.IEA:RDDPUBLIC(1.0),Public energy technology RD&D budgets,I,SPAIN,Spain,A,Annual,PUBLIC,Total public,FOSSILFUEL,Group 2: Fossil fuels,RDD,"Research, development and demonstration",USD_R,USD (constant prices and exchange rates),2021,,10.484,,I,Imputed Value,F,Non-confidential,6,Millions,3,
DATAFLOW,OECD.IEA:RDDPUBLIC(1.0),Public energy technology RD&D budgets,I,SPAIN,Spain,A,Annual,PUBLIC,Total public,FOSSILFUEL,Group 2: Fossil fuels,RDD,"Research, development and demonstration",USD_R,USD (constant prices and exchange rates),2022,,29.13,,I,Imputed Value,F,Non-confidential,6,Millions,3,
DATAFLOW,OECD.IEA:RDDPUBLIC(1.0),Public energy technology RD&D budgets,I,SPAIN,Spain,A,Annual,PUBLIC,Total public,FOSSILFUEL,Group 2: Fossil fuels,RDD,"Research, development and demonstration",USD_R,USD (constant prices and exchange rates),2023,,58.684,,I,Imputed Value,F,Non-confidential,6,Millions,3,
DATAFLOW,OECD.IEA:RDDPUBLIC(1.0),Public energy technology RD&D budgets,I,HUNGARY,Hungary,A,Annual,PUBLIC,Total public,FOSSILFUEL,Group 2: Fossil fuels,RDD,"Research, development and demonstration",USD_R,USD (constant prices and exchange rates),2000,,0.984,,I,Imputed Value,F,Non-confidential,6,Millions,3,
DATAFLOW,OECD.IEA:RDDPUBLIC(1.0),Public energy technology RD&D budgets,I,HUNGARY,Hungary,A,Annual,PUBLIC,Total public,FOSSILFUEL,Group 2: Fossil fuels,RDD,"Research, development and demonstration",USD_R,USD (constant prices and exchange rates),2001,,0.767,,I,Imputed Value,F,Non-confidential,6,Millions,3,
DATAFLOW,OECD.IEA:RDDPUBLIC(1.0),Public energy technology RD&D budgets,I,HUNGARY,Hungary,A,Annual,PUBLIC,Total public,FOSSILFUEL,Group 2: Fossil fuels,RDD,"Research, development and demonstration",USD_R,USD (constant prices and exchange rates),2002,,0.71,,I,Imputed Value,F,Non-confidential,6,Millions,3,
DATAFLOW,OECD.IEA:RDDPUBLIC(1.0),Public energy technology RD&D budgets,I,HUNGARY,Hungary,A,Annual,PUBLIC,Total public,FOSSILFUEL,Group 2: Fossil fuels,RDD,"Research, development and demonstration",USD_R,USD (constant prices and exchange rates),2003,,0.384,,I,Imputed Value,F,Non-confidential,6,Millions,3,
DATAFLOW,OECD.IEA:RDDPUBLIC(1.0),Public energy technology RD&D budgets,I,HUNGARY,Hungary,A,Annual,PUBLIC,Total public,FOSSILFUEL,Group 2: Fossil fuels,RDD,"Research, development and demonstration",USD_R,USD (constant prices and exchange rates),2004,,0.365,,I,Imputed Value,F,Non-confidential,6,Millions,3,
DATAFLOW,OECD.IEA:RDDPUBLIC(1.0),Public energy technology RD&D budgets,I,HUNGARY,Hungary,A,Annual,PUBLIC,Total public,FOSSILFUEL,Group 2: Fossil fuels,RDD,"Research, development and demonstration",USD_R,USD (constant prices and exchange rates),2005,,0.711,,I,Imputed Value,F,Non-confidential,6,Millions,3,
DATAFLOW,OECD.IEA:RDDPUBLIC(1.0),Public energy technology RD&D budgets,I,HUNGARY,Hungary,A,Annual,PUBLIC,Total public,FOSSILFUEL,Group 2: Fossil fuels,RDD,"Research, development and demonstration",USD_R,USD (constant prices and exchange rates),2006,,0.823,,I,Imputed Value,F,Non-confidential,6,Millions,3,
DATAFLOW,OECD.IEA:RDDPUBLIC(1.0),Public energy technology RD&D budgets,I,HUNGARY,Hungary,A,Annual,PUBLIC,Total public,FOSSILFUEL,Group 2: Fossil fuels,RDD,"Research, development and demonstration",USD_R,USD (constant prices and exchange rates),2007,,0.911,,I,Imputed Value,F,Non-confidential,6,Millions,3,
DATAFLOW,OECD.IEA:RDDPUBLIC(1.0),Public energy technology RD&D budgets,I,HUNGARY,Hungary,A,Annual,PUBLIC,Total public,FOSSILFUEL,Group 2: Fossil fuels,RDD,"Research, development and demonstration",USD_R,USD (constant prices and exchange rates),2008,,0.869,,I,Imputed Value,F,Non-confidential,6,Millions,3,
DATAFLOW,OECD.IEA:RDDPUBLIC(1.0),Public energy technology RD&D budgets,I,HUNGARY,Hungary,A,Annual,PUBLIC,Total public,FOSSILFUEL,Group 2: Fossil fuels,RDD,"Research, development and demonstration",USD_R,USD (constant prices and exchange rates),2009,,0.953,,I,Imputed Value,F,Non-confidential,6,Millions,3,
DATAFLOW,OECD.IEA:RDDPUBLIC(1.0),Public energy technology RD&D budgets,I,HUNGARY,Hungary,A,Annual,PUBLIC,Total public,FOSSILFUEL,Group 2: Fossil fuels,RDD,"Research, development and demonstration",USD_R,USD (constant prices and exchange rates),2010,,0.988,,I,Imputed Value,F,Non-confidential,6,Millions,3,
DATAFLOW,OECD.IEA:RDDPUBLIC(1.0),Public energy technology RD&D budgets,I,HUNGARY,Hungary,A,Annual,PUBLIC,Total public,FOSSILFUEL,Group 2: Fossil fuels,RDD,"Research, development and demonstration",USD_R,USD (constant prices and exchange rates),2011,,0.969,,I,Imputed Value,F,Non-confidential,6,Millions,3,
DATAFLOW,OECD.IEA:RDDPUBLIC(1.0),Public energy technology RD&D budgets,I,HUNGARY,Hungary,A,Annual,PUBLIC,Total public,FOSSILFUEL,Group 2: Fossil fuels,RDD,"Research, development and demonstration",USD_R,USD (constant prices and exchange rates),2012,,0.942,,I,Imputed Value,F,Non-confidential,6,Millions,3,
DATAFLOW,OECD.IEA:RDDPUBLIC(1.0),Public energy technology RD&D budgets,I,HUNGARY,Hungary,A,Annual,PUBLIC,Total public,FOSSILFUEL,Group 2: Fossil fuels,RDD,"Research, development and demonstration",USD_R,USD (constant prices and exchange rates),2013,,0.019,,I,Imputed Value,F,Non-confidential,6,Millions,3,
DATAFLOW,OECD.IEA:RDDPUBLIC(1.0),Public energy technology RD&D budgets,I,HUNGARY,Hungary,A,Annual,PUBLIC,Total public,FOSSILFUEL,Group 2: Fossil fuels,RDD,"Research, development and demonstration",USD_R,USD (constant prices and exchange rates),2015,,0,,I,Imputed Value,F,Non-confidential,6,Millions,3,
DATAFLOW,OECD.IEA:RDDPUBLIC(1.0),Public energy technology RD&D budgets,I,HUNGARY,Hungary,A,Annual,PUBLIC,Total public,FOSSILFUEL,Group 2: Fossil fuels,RDD,"Research, development and demonstration",USD_R,USD (constant prices and exchange rates),2016,,0.04,,I,Imputed Value,F,Non-confidential,6,Millions,3,
DATAFLOW,OECD.IEA:RDDPUBLIC(1.0),Public energy technology RD&D budgets,I,HUNGARY,Hungary,A,Annual,PUBLIC,Total public,FOSSILFUEL,Group 2: Fossil fuels,RDD,"Research, development and demonstration",USD_R,USD (constant prices and exchange rates),2017,,1.211,,I,Imputed Value,F,Non-confidential,6,Millions,3,
DATAFLOW,OECD.IEA:RDDPUBLIC(1.0),Public energy technology RD&D budgets,I,HUNGARY,Hungary,A,Annual,PUBLIC,Total public,FOSSILFUEL,Group 2: Fossil fuels,RDD,"Research, development and demonstration",USD_R,USD (constant prices and exchange rates),2018,,0.354,,I,Imputed Value,F,Non-confidential,6,Millions,3,
DATAFLOW,OECD.IEA:RDDPUBLIC(1.0),Public energy technology RD&D budgets,I,HUNGARY,Hungary,A,Annual,PUBLIC,Total public,FOSSILFUEL,Group 2: Fossil fuels,RDD,"Research, development and demonstration",USD_R,USD (constant prices and exchange rates),2019,,0,,I,Imputed Value,F,Non-confidential,6,Millions,3,
DATAFLOW,OECD.IEA:RDDPUBLIC(1.0),Public energy technology RD&D budgets,I,HUNGARY,Hungary,A,Annual,PUBLIC,Total public,FOSSILFUEL,Group 2: Fossil fuels,RDD,"Research, development and demonstration",USD_R,USD (constant prices and exchange rates),2020,,0,,I,Imputed Value,F,Non-confidential,6,Millions,3,
DATAFLOW,OECD.IEA:RDDPUBLIC(1.0),Public energy technology RD&D budgets,I,HUNGARY,Hungary,A,Annual,PUBLIC,Total public,FOSSILFUEL,Group 2: Fossil fuels,RDD,"Research, development and demonstration",USD_R,USD (constant prices and exchange rates),2021,,0.89,,I,Imputed Value,F,Non-confidential,6,Millions,3,
DATAFLOW,OECD.IEA:RDDPUBLIC(1.0),Public energy technology RD&D budgets,I,HUNGARY,Hungary,A,Annual,PUBLIC,Total public,FOSSILFUEL,Group 2: Fossil fuels,RDD,"Research, development and demonstration",USD_R,USD (constant prices and exchange rates),2022,,0.226,,I,Imputed Value,F,Non-confidential,6,Millions,3,
DATAFLOW,OECD.IEA:RDDPUBLIC(1.0),Public energy technology RD&D budgets,I,HUNGARY,Hungary,A,Annual,PUBLIC,Total public,FOSSILFUEL,Group 2: Fossil fuels,RDD,"Research, development and demonstration",USD_R,USD (constant prices and exchange rates),2023,,0,,I,Imputed Value,F,Non-confidential,6,Millions,3,
DATAFLOW,OECD.IEA:RDDPUBLIC(1.0),Public energy technology RD&D budgets,I,HUNGARY,Hungary,A,Annual,PUBLIC,Total public,FOSSILFUEL,Group 2: Fossil fuels,RDD,"Research, development and demonstration",USD_R,USD (constant prices and exchange rates),2024,,0.097,,P,Provisional Value,F,Non-confidential,6,Millions,3,
DATAFLOW,OECD.IEA:RDDPUBLIC(1.0),Public energy technology RD&D budgets,I,BELGIUM,Belgium,A,Annual,PUBLIC,Total public,FOSSILFUEL,Group 2: Fossil fuels,RDD,"Research, development and demonstration",USD_R,USD (constant prices and exchange rates),2007,,2.948,,I,Imputed Value,F,Non-confidential,6,Millions,3,
DATAFLOW,OECD.IEA:RDDPUBLIC(1.0),Public energy technology RD&D budgets,I,BELGIUM,Belgium,A,Annual,PUBLIC,Total public,FOSSILFUEL,Group 2: Fossil fuels,RDD,"Research, development and demonstration",USD_R,USD (constant prices and exchange rates),2010,,0,,I,Imputed Value,F,Non-confidential,6,Millions,3,
DATAFLOW,OECD.IEA:RDDPUBLIC(1.0),Public energy technology RD&D budgets,I,BELGIUM,Belgium,A,Annual,PUBLIC,Total public,FOSSILFUEL,Group 2: Fossil fuels,RDD,"Research, development and demonstration",USD_R,USD (constant prices and exchange rates),2011,,0,,I,Imputed Value,F,Non-confidential,6,Millions,3,
DATAFLOW,OECD.IEA:RDDPUBLIC(1.0),Public energy technology RD&D budgets,I,BELGIUM,Belgium,A,Annual,PUBLIC,Total public,FOSSILFUEL,Group 2: Fossil fuels,RDD,"Research, development and demonstration",USD_R,USD (constant prices and exchange rates),2012,,3.516,,I,Imputed Value,F,Non-confidential,6,Millions,3,
DATAFLOW,OECD.IEA:RDDPUBLIC(1.0),Public energy technology RD&D budgets,I,BELGIUM,Belgium,A,Annual,PUBLIC,Total public,FOSSILFUEL,Group 2: Fossil fuels,RDD,"Research, development and demonstration",USD_R,USD (constant prices and exchange rates),2013,,0.141,,I,Imputed Value,F,Non-confidential,6,Millions,3,
DATAFLOW,OECD.IEA:RDDPUBLIC(1.0),Public energy technology RD&D budgets,I,BELGIUM,Belgium,A,Annual,PUBLIC,Total public,FOSSILFUEL,Group 2: Fossil fuels,RDD,"Research, development and demonstration",USD_R,USD (constant prices and exchange rates),2014,,2.187,,I,Imputed Value,F,Non-confidential,6,Millions,3,
DATAFLOW,OECD.IEA:RDDPUBLIC(1.0),Public energy technology RD&D budgets,I,BELGIUM,Belgium,A,Annual,PUBLIC,Total public,FOSSILFUEL,Group 2: Fossil fuels,RDD,"Research, development and demonstration",USD_R,USD (constant prices and exchange rates),2015,,2.455,,I,Imputed Value,F,Non-confidential,6,Millions,3,
DATAFLOW,OECD.IEA:RDDPUBLIC(1.0),Public energy technology RD&D budgets,I,BELGIUM,Belgium,A,Annual,PUBLIC,Total public,FOSSILFUEL,Group 2: Fossil fuels,RDD,"Research, development and demonstration",USD_R,USD (constant prices and exchange rates),2016,,0.944,,I,Imputed Value,F,Non-confidential,6,Millions,3,
DATAFLOW,OECD.IEA:RDDPUBLIC(1.0),Public energy technology RD&D budgets,I,BELGIUM,Belgium,A,Annual,PUBLIC,Total public,FOSSILFUEL,Group 2: Fossil fuels,RDD,"Research, development and demonstration",USD_R,USD (constant prices and exchange rates),2018,,1.094,,I,Imputed Value,F,Non-confidential,6,Millions,3,
DATAFLOW,OECD.IEA:RDDPUBLIC(1.0),Public energy technology RD&D budgets,I,BELGIUM,Belgium,A,Annual,PUBLIC,Total public,FOSSILFUEL,Group 2: Fossil fuels,RDD,"Research, development and demonstration",USD_R,USD (constant prices and exchange rates),2019,,0.413,,I,Imputed Value,F,Non-confidential,6,Millions,3,
DATAFLOW,OECD.IEA:RDDPUBLIC(1.0),Public energy technology RD&D budgets,I,BELGIUM,Belgium,A,Annual,PUBLIC,Total public,FOSSILFUEL,Group 2: Fossil fuels,RDD,"Research, development and demonstration",USD_R,USD (constant prices and exchange rates),2020,,4.44,,I,Imputed Value,F,Non-confidential,6,Millions,3,
DATAFLOW,OECD.IEA:RDDPUBLIC(1.0),Public energy technology RD&D budgets,I,BELGIUM,Belgium,A,Annual,PUBLIC,Total public,FOSSILFUEL,Group 2: Fossil fuels,RDD,"Research, development and demonstration",USD_R,USD (constant prices and exchange rates),2021,,3.962,,I,Imputed Value,F,Non-confidential,6,Millions,3,
DATAFLOW,OECD.IEA:RDDPUBLIC(1.0),Public energy technology RD&D budgets,I,BELGIUM,Belgium,A,Annual,PUBLIC,Total public,FOSSILFUEL,Group 2: Fossil fuels,RDD,"Research, development and demonstration",USD_R,USD (constant prices and exchange rates),2022,,27.813,,I,Imputed Value,F,Non-confidential,6,Millions,3,
DATAFLOW,OECD.IEA:RDDPUBLIC(1.0),Public energy technology RD&D budgets,I,BELGIUM,Belgium,A,Annual,PUBLIC,Total public,FOSSILFUEL,Group 2: Fossil fuels,RDD,"Research, development and demonstration",USD_R,USD (constant prices and exchange rates),2023,,72.364,,I,Imputed Value,F,Non-confidential,6,Millions,3,
DATAFLOW,OECD.IEA:RDDPUBLIC(1.0),Public energy technology RD&D budgets,I,BELGIUM,Belgium,A,Annual,PUBLIC,Total public,FOSSILFUEL,Group 2: Fossil fuels,RDD,"Research, development and demonstration",USD_R,USD (constant prices and exchange rates),2024,,6.345,,P,Provisional Value,F,Non-confidential,6,Millions,3,
DATAFLOW,OECD.IEA:RDDPUBLIC(1.0),Public energy technology RD&D budgets,I,GERMANY,Germany,A,Annual,PUBLIC,Total public,FOSSILFUEL,Group 2: Fossil fuels,RDD,"Research, development and demonstration",USD_R,USD (constant prices and exchange rates),2000,,15.793,,I,Imputed Value,F,Non-confidential,6,Millions,3,
DATAFLOW,OECD.IEA:RDDPUBLIC(1.0),Public energy technology RD&D budgets,I,GERMANY,Germany,A,Annual,PUBLIC,Total public,FOSSILFUEL,Group 2: Fossil fuels,RDD,"Research, development and demonstration",USD_R,USD (constant prices and exchange rates),2001,,29.785,,I,Imputed Value,F,Non-confidential,6,Millions,3,
DATAFLOW,OECD.IEA:RDDPUBLIC(1.0),Public energy technology RD&D budgets,I,GERMANY,Germany,A,Annual,PUBLIC,Total public,FOSSILFUEL,Group 2: Fossil fuels,RDD,"Research, development and demonstration",USD_R,USD (constant prices and exchange rates),2002,,22.652,,I,Imputed Value,F,Non-confidential,6,Millions,3,
DATAFLOW,OECD.IEA:RDDPUBLIC(1.0),Public energy technology RD&D budgets,I,GERMANY,Germany,A,Annual,PUBLIC,Total public,FOSSILFUEL,Group 2: Fossil fuels,RDD,"Research, development and demonstration",USD_R,USD (constant prices and exchange rates),2003,,13.243,,I,Imputed Value,F,Non-confidential,6,Millions,3,
DATAFLOW,OECD.IEA:RDDPUBLIC(1.0),Public energy technology RD&D budgets,I,GERMANY,Germany,A,Annual,PUBLIC,Total public,FOSSILFUEL,Group 2: Fossil fuels,RDD,"Research, development and demonstration",USD_R,USD (constant prices and exchange rates),2004,,16.114,,I,Imputed Value,F,Non-confidential,6,Millions,3,
DATAFLOW,OECD.IEA:RDDPUBLIC(1.0),Public energy technology RD&D budgets,I,GERMANY,Germany,A,Annual,PUBLIC,Total public,FOSSILFUEL,Group 2: Fossil fuels,RDD,"Research, development and demonstration",USD_R,USD (constant prices and exchange rates),2005,,18.71,,I,Imputed Value,F,Non-confidential,6,Millions,3,
DATAFLOW,OECD.IEA:RDDPUBLIC(1.0),Public energy technology RD&D budgets,I,GERMANY,Germany,A,Annual,PUBLIC,Total public,FOSSILFUEL,Group 2: Fossil fuels,RDD,"Research, development and demonstration",USD_R,USD (constant prices and exchange rates),2006,,20.902,,I,Imputed Value,F,Non-confidential,6,Millions,3,
DATAFLOW,OECD.IEA:RDDPUBLIC(1.0),Public energy technology RD&D budgets,I,GERMANY,Germany,A,Annual,PUBLIC,Total public,FOSSILFUEL,Group 2: Fossil fuels,RDD,"Research, development and demonstration",USD_R,USD (constant prices and exchange rates),2007,,32.164,,I,Imputed Value,F,Non-confidential,6,Millions,3,
DATAFLOW,OECD.IEA:RDDPUBLIC(1.0),Public energy technology RD&D budgets,I,GERMANY,Germany,A,Annual,PUBLIC,Total public,FOSSILFUEL,Group 2: Fossil fuels,RDD,"Research, development and demonstration",USD_R,USD (constant prices and exchange rates),2008,,52.642,,I,Imputed Value,F,Non-confidential,6,Millions,3,
DATAFLOW,OECD.IEA:RDDPUBLIC(1.0),Public energy technology RD&D budgets,I,GERMANY,Germany,A,Annual,PUBLIC,Total public,FOSSILFUEL,Group 2: Fossil fuels,RDD,"Research, development and demonstration",USD_R,USD (constant prices and exchange rates),2009,,49.571,,I,Imputed Value,F,Non-confidential,6,Millions,3,
DATAFLOW,OECD.IEA:RDDPUBLIC(1.0),Public energy technology RD&D budgets,I,GERMANY,Germany,A,Annual,PUBLIC,Total public,FOSSILFUEL,Group 2: Fossil fuels,RDD,"Research, development and demonstration",USD_R,USD (constant prices and exchange rates),2010,,40.609,,I,Imputed Value,F,Non-confidential,6,Millions,3,
DATAFLOW,OECD.IEA:RDDPUBLIC(1.0),Public energy technology RD&D budgets,I,GERMANY,Germany,A,Annual,PUBLIC,Total public,FOSSILFUEL,Group 2: Fossil fuels,RDD,"Research, development and demonstration",USD_R,USD (constant prices and exchange rates),2011,,51.404,,I,Imputed Value,F,Non-confidential,6,Millions,3,
DATAFLOW,OECD.IEA:RDDPUBLIC(1.0),Public energy technology RD&D budgets,I,GERMANY,Germany,A,Annual,PUBLIC,Total public,FOSSILFUEL,Group 2: Fossil fuels,RDD,"Research, development and demonstration",USD_R,USD (constant prices and exchange rates),2012,,41.144,,I,Imputed Value,F,Non-confidential,6,Millions,3,
DATAFLOW,OECD.IEA:RDDPUBLIC(1.0),Public energy technology RD&D budgets,I,GERMANY,Germany,A,Annual,PUBLIC,Total public,FOSSILFUEL,Group 2: Fossil fuels,RDD,"Research, development and demonstration",USD_R,USD (constant prices and exchange rates),2013,,47.584,,I,Imputed Value,F,Non-confidential,6,Millions,3,
DATAFLOW,OECD.IEA:RDDPUBLIC(1.0),Public energy technology RD&D budgets,I,GERMANY,Germany,A,Annual,PUBLIC,Total public,FOSSILFUEL,Group 2: Fossil fuels,RDD,"Research, development and demonstration",USD_R,USD (constant prices and exchange rates),2014,,44.513,,I,Imputed Value,F,Non-confidential,6,Millions,3,
DATAFLOW,OECD.IEA:RDDPUBLIC(1.0),Public energy technology RD&D budgets,I,GERMANY,Germany,A,Annual,PUBLIC,Total public,FOSSILFUEL,Group 2: Fossil fuels,RDD,"Research, development and demonstration",USD_R,USD (constant prices and exchange rates),2015,,44.08,,I,Imputed Value,F,Non-confidential,6,Millions,3,
DATAFLOW,OECD.IEA:RDDPUBLIC(1.0),Public energy technology RD&D budgets,I,GERMANY,Germany,A,Annual,PUBLIC,Total public,FOSSILFUEL,Group 2: Fossil fuels,RDD,"Research, development and demonstration",USD_R,USD (constant prices and exchange rates),2016,,55.439,,I,Imputed Value,F,Non-confidential,6,Millions,3,
DATAFLOW,OECD.IEA:RDDPUBLIC(1.0),Public energy technology RD&D budgets,I,GERMANY,Germany,A,Annual,PUBLIC,Total public,FOSSILFUEL,Group 2: Fossil fuels,RDD,"Research, development and demonstration",USD_R,USD (constant prices and exchange rates),2017,,63.296,,I,Imputed Value,F,Non-confidential,6,Millions,3,
DATAFLOW,OECD.IEA:RDDPUBLIC(1.0),Public energy technology RD&D budgets,I,GERMANY,Germany,A,Annual,PUBLIC,Total public,FOSSILFUEL,Group 2: Fossil fuels,RDD,"Research, development and demonstration",USD_R,USD (constant prices and exchange rates),2018,,62.756,,I,Imputed Value,F,Non-confidential,6,Millions,3,
DATAFLOW,OECD.IEA:RDDPUBLIC(1.0),Public energy technology RD&D budgets,I,GERMANY,Germany,A,Annual,PUBLIC,Total public,FOSSILFUEL,Group 2: Fossil fuels,RDD,"Research, development and demonstration",USD_R,USD (constant prices and exchange rates),2019,,25.906,,I,Imputed Value,F,Non-confidential,6,Millions,3,
DATAFLOW,OECD.IEA:RDDPUBLIC(1.0),Public energy technology RD&D budgets,I,GERMANY,Germany,A,Annual,PUBLIC,Total public,FOSSILFUEL,Group 2: Fossil fuels,RDD,"Research, development and demonstration",USD_R,USD (constant prices and exchange rates),2020,,41.181,,I,Imputed Value,F,Non-confidential,6,Millions,3,
DATAFLOW,OECD.IEA:RDDPUBLIC(1.0),Public energy technology RD&D budgets,I,GERMANY,Germany,A,Annual,PUBLIC,Total public,FOSSILFUEL,Group 2: Fossil fuels,RDD,"Research, development and demonstration",USD_R,USD (constant prices and exchange rates),2021,,41.61,,I,Imputed Value,F,Non-confidential,6,Millions,3,
DATAFLOW,OECD.IEA:RDDPUBLIC(1.0),Public energy technology RD&D budgets,I,GERMANY,Germany,A,Annual,PUBLIC,Total public,FOSSILFUEL,Group 2: Fossil fuels,RDD,"Research, development and demonstration",USD_R,USD (constant prices and exchange rates),2022,,53.637,,I,Imputed Value,F,Non-confidential,6,Millions,3,
DATAFLOW,OECD.IEA:RDDPUBLIC(1.0),Public energy technology RD&D budgets,I,GERMANY,Germany,A,Annual,PUBLIC,Total public,FOSSILFUEL,Group 2: Fossil fuels,RDD,"Research, development and demonstration",USD_R,USD (constant prices and exchange rates),2023,,46.976,,I,Imputed Value,F,Non-confidential,6,Millions,3,
DATAFLOW,OECD.IEA:RDDPUBLIC(1.0),Public energy technology RD&D budgets,I,FRANCE,France,A,Annual,PUBLIC,Total public,RENEWABLE,Group 3: Renewable energy sources,RDD,"Research, development and demonstration",USD_R,USD (constant prices and exchange rates),2000,,20.984,,I,Imputed Value,F,Non-confidential,6,Millions,3,
DATAFLOW,OECD.IEA:RDDPUBLIC(1.0),Public energy technology RD&D budgets,I,FRANCE,France,A,Annual,PUBLIC,Total public,RENEWABLE,Group 3: Renewable energy sources,RDD,"Research, development and demonstration",USD_R,USD (constant prices and exchange rates),2001,,28.226,,I,Imputed Value,F,Non-confidential,6,Millions,3,
DATAFLOW,OECD.IEA:RDDPUBLIC(1.0),Public energy technology RD&D budgets,I,FRANCE,France,A,Annual,PUBLIC,Total public,RENEWABLE,Group 3: Renewable energy sources,RDD,"Research, development and demonstration",USD_R,USD (constant prices and exchange rates),2002,,72.602,,I,Imputed Value,F,Non-confidential,6,Millions,3,
DATAFLOW,OECD.IEA:RDDPUBLIC(1.0),Public energy technology RD&D budgets,I,FRANCE,France,A,Annual,PUBLIC,Total public,RENEWABLE,Group 3: Renewable energy sources,RDD,"Research, development and demonstration",USD_R,USD (constant prices and exchange rates),2003,,63.985,,I,Imputed Value,F,Non-confidential,6,Millions,3,
DATAFLOW,OECD.IEA:RDDPUBLIC(1.0),Public energy technology RD&D budgets,I,FRANCE,France,A,Annual,PUBLIC,Total public,RENEWABLE,Group 3: Renewable energy sources,RDD,"Research, development and demonstration",USD_R,USD (constant prices and exchange rates),2004,,74.795,,I,Imputed Value,F,Non-confidential,6,Millions,3,
DATAFLOW,OECD.IEA:RDDPUBLIC(1.0),Public energy technology RD&D budgets,I,FRANCE,France,A,Annual,PUBLIC,Total public,RENEWABLE,Group 3: Renewable energy sources,RDD,"Research, development and demonstration",USD_R,USD (constant prices and exchange rates),2005,,99.172,,I,Imputed Value,F,Non-confidential,6,Millions,3,
DATAFLOW,OECD.IEA:RDDPUBLIC(1.0),Public energy technology RD&D budgets,I,FRANCE,France,A,Annual,PUBLIC,Total public,RENEWABLE,Group 3: Renewable energy sources,RDD,"Research, development and demonstration",USD_R,USD (constant prices and exchange rates),2006,,119.699,,I,Imputed Value,F,Non-confidential,6,Millions,3,
DATAFLOW,OECD.IEA:RDDPUBLIC(1.0),Public energy technology RD&D budgets,I,FRANCE,France,A,Annual,PUBLIC,Total public,RENEWABLE,Group 3: Renewable energy sources,RDD,"Research, development and demonstration",USD_R,USD (constant prices and exchange rates),2007,,152.032,,I,Imputed Value,F,Non-confidential,6,Millions,3,
DATAFLOW,OECD.IEA:RDDPUBLIC(1.0),Public energy technology RD&D budgets,I,FRANCE,France,A,Annual,PUBLIC,Total public,RENEWABLE,Group 3: Renewable energy sources,RDD,"Research, development and demonstration",USD_R,USD (constant prices and exchange rates),2008,,193.155,,I,Imputed Value,F,Non-confidential,6,Millions,3,
DATAFLOW,OECD.IEA:RDDPUBLIC(1.0),Public energy technology RD&D budgets,I,FRANCE,France,A,Annual,PUBLIC,Total public,RENEWABLE,Group 3: Renewable energy sources,RDD,"Research, development and demonstration",USD_R,USD (constant prices and exchange rates),2009,,310.004,,I,Imputed Value,F,Non-confidential,6,Millions,3,
DATAFLOW,OECD.IEA:RDDPUBLIC(1.0),Public energy technology RD&D budgets,I,FRANCE,France,A,Annual,PUBLIC,Total public,RENEWABLE,Group 3: Renewable energy sources,RDD,"Research, development and demonstration",USD_R,USD (constant prices and exchange rates),2010,,237.781,,I,Imputed Value,F,Non-confidential,6,Millions,3,
DATAFLOW,OECD.IEA:RDDPUBLIC(1.0),Public energy technology RD&D budgets,I,FRANCE,France,A,Annual,PUBLIC,Total public,RENEWABLE,Group 3: Renewable energy sources,RDD,"Research, development and demonstration",USD_R,USD (constant prices and exchange rates),2011,,293.717,,I,Imputed Value,F,Non-confidential,6,Millions,3,
DATAFLOW,OECD.IEA:RDDPUBLIC(1.0),Public energy technology RD&D budgets,I,FRANCE,France,A,Annual,PUBLIC,Total public,RENEWABLE,Group 3: Renewable energy sources,RDD,"Research, development and demonstration",USD_R,USD (constant prices and exchange rates),2012,,285.472,,I,Imputed Value,F,Non-confidential,6,Millions,3,
DATAFLOW,OECD.IEA:RDDPUBLIC(1.0),Public energy technology RD&D budgets,I,FRANCE,France,A,Annual,PUBLIC,Total public,RENEWABLE,Group 3: Renewable energy sources,RDD,"Research, development and demonstration",USD_R,USD (constant prices and exchange rates),2013,,328.92,,I,Imputed Value,F,Non-confidential,6,Millions,3,
DATAFLOW,OECD.IEA:RDDPUBLIC(1.0),Public energy technology RD&D budgets,I,FRANCE,France,A,Annual,PUBLIC,Total public,RENEWABLE,Group 3: Renewable energy sources,RDD,"Research, development and demonstration",USD_R,USD (constant prices and exchange rates),2014,,316.884,,I,Imputed Value,F,Non-confidential,6,Millions,3,
DATAFLOW,OECD.IEA:RDDPUBLIC(1.0),Public energy technology RD&D budgets,I,FRANCE,France,A,Annual,PUBLIC,Total public,RENEWABLE,Group 3: Renewable energy sources,RDD,"Research, development and demonstration",USD_R,USD (constant prices and exchange rates),2015,,313.78,,I,Imputed Value,F,Non-confidential,6,Millions,3,
DATAFLOW,OECD.IEA:RDDPUBLIC(1.0),Public energy technology RD&D budgets,I,FRANCE,France,A,Annual,PUBLIC,Total public,RENEWABLE,Group 3: Renewable energy sources,RDD,"Research, development and demonstration",USD_R,USD (constant prices and exchange rates),2016,,280.597,,I,Imputed Value,F,Non-confidential,6,Millions,3,
DATAFLOW,OECD.IEA:RDDPUBLIC(1.0),Public energy technology RD&D budgets,I,FRANCE,France,A,Annual,PUBLIC,Total public,RENEWABLE,Group 3: Renewable energy sources,RDD,"Research, development and demonstration",USD_R,USD (constant prices and exchange rates),2017,,228.198,,I,Imputed Value,F,Non-confidential,6,Millions,3,
DATAFLOW,OECD.IEA:RDDPUBLIC(1.0),Public energy technology RD&D budgets,I,FRANCE,France,A,Annual,PUBLIC,Total public,RENEWABLE,Group 3: Renewable energy sources,RDD,"Research, development and demonstration",USD_R,USD (constant prices and exchange rates),2018,,228.52,,I,Imputed Value,F,Non-confidential,6,Millions,3,
DATAFLOW,OECD.IEA:RDDPUBLIC(1.0),Public energy technology RD&D budgets,I,FRANCE,France,A,Annual,PUBLIC,Total public,RENEWABLE,Group 3: Renewable energy sources,RDD,"Research, development and demonstration",USD_R,USD (constant prices and exchange rates),2019,,223.435,,I,Imputed Value,F,Non-confidential,6,Millions,3,
DATAFLOW,OECD.IEA:RDDPUBLIC(1.0),Public energy technology RD&D budgets,I,FRANCE,France,A,Annual,PUBLIC,Total public,RENEWABLE,Group 3: Renewable energy sources,RDD,"Research, development and demonstration",USD_R,USD (constant prices and exchange rates),2020,,235.828,,I,Imputed Value,F,Non-confidential,6,Millions,3,
DATAFLOW,OECD.IEA:RDDPUBLIC(1.0),Public energy technology RD&D budgets,I,FRANCE,France,A,Annual,PUBLIC,Total public,RENEWABLE,Group 3: Renewable energy sources,RDD,"Research, development and demonstration",USD_R,USD (constant prices and exchange rates),2021,,270.232,,I,Imputed Value,F,Non-confidential,6,Millions,3,
DATAFLOW,OECD.IEA:RDDPUBLIC(1.0),Public energy technology RD&D budgets,I,FRANCE,France,A,Annual,PUBLIC,Total public,RENEWABLE,Group 3: Renewable energy sources,RDD,"Research, development and demonstration",USD_R,USD (constant prices and exchange rates),2022,,340.259,,I,Imputed Value,F,Non-confidential,6,Millions,3,
DATAFLOW,OECD.IEA:RDDPUBLIC(1.0),Public energy technology RD&D budgets,I,FRANCE,France,A,Annual,PUBLIC,Total public,RENEWABLE,Group 3: Renewable energy sources,RDD,"Research, development and demonstration",USD_R,USD (constant prices and exchange rates),2023,,284.789,,I,Imputed Value,F,Non-confidential,6,Millions,3,
DATAFLOW,OECD.IEA:RDDPUBLIC(1.0),Public energy technology RD&D budgets,I,FRANCE,France,A,Annual,PUBLIC,Total public,RENEWABLE,Group 3: Renewable energy sources,RDD,"Research, development and demonstration",USD_R,USD (constant prices and exchange rates),2024,,255.778,,P,Provisional Value,F,Non-confidential,6,Millions,3,
DATAFLOW,OECD.IEA:RDDPUBLIC(1.0),Public energy technology RD&D budgets,I,IRELAND,Ireland,A,Annual,PUBLIC,Total public,FOSSILFUEL,Group 2: Fossil fuels,RDD,"Research, development and demonstration",USD_R,USD (constant prices and exchange rates),2002,,0.302,,I,Imputed Value,F,Non-confidential,6,Millions,3,
DATAFLOW,OECD.IEA:RDDPUBLIC(1.0),Public energy technology RD&D budgets,I,IRELAND,Ireland,A,Annual,PUBLIC,Total public,FOSSILFUEL,Group 2: Fossil fuels,RDD,"Research, development and demonstration",USD_R,USD (constant prices and exchange rates),2003,,0.44,,I,Imputed Value,F,Non-confidential,6,Millions,3,
DATAFLOW,OECD.IEA:RDDPUBLIC(1.0),Public energy technology RD&D budgets,I,IRELAND,Ireland,A,Annual,PUBLIC,Total public,FOSSILFUEL,Group 2: Fossil fuels,RDD,"Research, development and demonstration",USD_R,USD (constant prices and exchange rates),2004,,0.202,,I,Imputed Value,F,Non-confidential,6,Millions,3,
DATAFLOW,OECD.IEA:RDDPUBLIC(1.0),Public energy technology RD&D budgets,I,IRELAND,Ireland,A,Annual,PUBLIC,Total public,FOSSILFUEL,Group 2: Fossil fuels,RDD,"Research, development and demonstration",USD_R,USD (constant prices and exchange rates),2005,,0.535,,I,Imputed Value,F,Non-confidential,6,Millions,3,
DATAFLOW,OECD.IEA:RDDPUBLIC(1.0),Public energy technology RD&D budgets,I,IRELAND,Ireland,A,Annual,PUBLIC,Total public,FOSSILFUEL,Group 2: Fossil fuels,RDD,"Research, development and demonstration",USD_R,USD (constant prices and exchange rates),2006,,0.385,,I,Imputed Value,F,Non-confidential,6,Millions,3,
DATAFLOW,OECD.IEA:RDDPUBLIC(1.0),Public energy technology RD&D budgets,I,IRELAND,Ireland,A,Annual,PUBLIC,Total public,FOSSILFUEL,Group 2: Fossil fuels,RDD,"Research, development and demonstration",USD_R,USD (constant prices and exchange rates),2007,,0.82,,I,Imputed Value,F,Non-confidential,6,Millions,3,
DATAFLOW,OECD.IEA:RDDPUBLIC(1.0),Public energy technology RD&D budgets,I,IRELAND,Ireland,A,Annual,PUBLIC,Total public,FOSSILFUEL,Group 2: Fossil fuels,RDD,"Research, development and demonstration",USD_R,USD (constant prices and exchange rates),2008,,0.497,,I,Imputed Value,F,Non-confidential,6,Millions,3,
DATAFLOW,OECD.IEA:RDDPUBLIC(1.0),Public energy technology RD&D budgets,I,IRELAND,Ireland,A,Annual,PUBLIC,Total public,FOSSILFUEL,Group 2: Fossil fuels,RDD,"Research, development and demonstration",USD_R,USD (constant prices and exchange rates),2009,,0.611,,I,Imputed Value,F,Non-confidential,6,Millions,3,
DATAFLOW,OECD.IEA:RDDPUBLIC(1.0),Public energy technology RD&D budgets,I,IRELAND,Ireland,A,Annual,PUBLIC,Total public,FOSSILFUEL,Group 2: Fossil fuels,RDD,"Research, development and demonstration",USD_R,USD (constant prices and exchange rates),2010,,0.656,,I,Imputed Value,F,Non-confidential,6,Millions,3,
DATAFLOW,OECD.IEA:RDDPUBLIC(1.0),Public energy technology RD&D budgets,I,IRELAND,Ireland,A,Annual,PUBLIC,Total public,FOSSILFUEL,Group 2: Fossil fuels,RDD,"Research, development and demonstration",USD_R,USD (constant prices and exchange rates),2011,,0.102,,I,Imputed Value,F,Non-confidential,6,Millions,3,
DATAFLOW,OECD.IEA:RDDPUBLIC(1.0),Public energy technology RD&D budgets,I,IRELAND,Ireland,A,Annual,PUBLIC,Total public,FOSSILFUEL,Group 2: Fossil fuels,RDD,"Research, development and demonstration",USD_R,USD (constant prices and exchange rates),2012,,0.1,,I,Imputed Value,F,Non-confidential,6,Millions,3,
DATAFLOW,OECD.IEA:RDDPUBLIC(1.0),Public energy technology RD&D budgets,I,IRELAND,Ireland,A,Annual,PUBLIC,Total public,FOSSILFUEL,Group 2: Fossil fuels,RDD,"Research, development and demonstration",USD_R,USD (constant prices and exchange rates),2013,,0,,I,Imputed Value,F,Non-confidential,6,Millions,3,
DATAFLOW,OECD.IEA:RDDPUBLIC(1.0),Public energy technology RD&D budgets,I,IRELAND,Ireland,A,Annual,PUBLIC,Total public,FOSSILFUEL,Group 2: Fossil fuels,RDD,"Research, development and demonstration",USD_R,USD (constant prices and exchange rates),2014,,0,,I,Imputed Value,F,Non-confidential,6,Millions,3,
DATAFLOW,OECD.IEA:RDDPUBLIC(1.0),Public energy technology RD&D budgets,I,IRELAND,Ireland,A,Annual,PUBLIC,Total public,FOSSILFUEL,Group 2: Fossil fuels,RDD,"Research, development and demonstration",USD_R,USD (constant prices and exchange rates),2015,,0.147,,I,Imputed Value,F,Non-confidential,6,Millions,3,
DATAFLOW,OECD.IEA:RDDPUBLIC(1.0),Public energy technology RD&D budgets,I,IRELAND,Ireland,A,Annual,PUBLIC,Total public,FOSSILFUEL,Group 2: Fossil fuels,RDD,"Research, development and demonstration",USD_R,USD (constant prices and exchange rates),2016,,0.531,,I,Imputed Value,F,Non-confidential,6,Millions,3,
DATAFLOW,OECD.IEA:RDDPUBLIC(1.0),Public energy technology RD&D budgets,I,IRELAND,Ireland,A,Annual,PUBLIC,Total public,FOSSILFUEL,Group 2: Fossil fuels,RDD,"Research, development and demonstration",USD_R,USD (constant prices and exchange rates),2017,,0.236,,I,Imputed Value,F,Non-confidential,6,Millions,3,
DATAFLOW,OECD.IEA:RDDPUBLIC(1.0),Public energy technology RD&D budgets,I,IRELAND,Ireland,A,Annual,PUBLIC,Total public,FOSSILFUEL,Group 2: Fossil fuels,RDD,"Research, development and demonstration",USD_R,USD (constant prices and exchange rates),2018,,0.881,,I,Imputed Value,F,Non-confidential,6,Millions,3,
DATAFLOW,OECD.IEA:RDDPUBLIC(1.0),Public energy technology RD&D budgets,I,IRELAND,Ireland,A,Annual,PUBLIC,Total public,FOSSILFUEL,Group 2: Fossil fuels,RDD,"Research, development and demonstration",USD_R,USD (constant prices and exchange rates),2019,,1.22,,I,Imputed Value,F,Non-confidential,6,Millions,3,
DATAFLOW,OECD.IEA:RDDPUBLIC(1.0),Public energy technology RD&D budgets,I,IRELAND,Ireland,A,Annual,PUBLIC,Total public,FOSSILFUEL,Group 2: Fossil fuels,RDD,"Research, development and demonstration",USD_R,USD (constant prices and exchange rates),2020,,1.164,,I,Imputed Value,F,Non-confidential,6,Millions,3,
DATAFLOW,OECD.IEA:RDDPUBLIC(1.0),Public energy technology RD&D budgets,I,IRELAND,Ireland,A,Annual,PUBLIC,Total public,FOSSILFUEL,Group 2: Fossil fuels,RDD,"Research, development and demonstration",USD_R,USD (constant prices and exchange rates),2021,,1.036,,I,Imputed Value,F,Non-confidential,6,Millions,3,
DATAFLOW,OECD.IEA:RDDPUBLIC(1.0),Public energy technology RD&D budgets,I,IRELAND,Ireland,A,Annual,PUBLIC,Total public,FOSSILFUEL,Group 2: Fossil fuels,RDD,"Research, development and demonstration",USD_R,USD (constant prices and exchange rates),2022,,0.832,,I,Imputed Value,F,Non-confidential,6,Millions,3,
DATAFLOW,OECD.IEA:RDDPUBLIC(1.0),Public energy technology RD&D budgets,I,IRELAND,Ireland,A,Annual,PUBLIC,Total public,FOSSILFUEL,Group 2: Fossil fuels,RDD,"Research, development and demonstration",USD_R,USD (constant prices and exchange rates),2023,,0.518,,I,Imputed Value,F,Non-confidential,6,Millions,3,
DATAFLOW,OECD.IEA:RDDPUBLIC(1.0),Public energy technology RD&D budgets,I,IRELAND,Ireland,A,Annual,PUBLIC,Total public,FOSSILFUEL,Group 2: Fossil fuels,RDD,"Research, development and demonstration",USD_R,USD (constant prices and exchange rates),2024,,0.786,,P,Provisional Value,F,Non-confidential,6,Millions,3,
DATAFLOW,OECD.IEA:RDDPUBLIC(1.0),Public energy technology RD&D budgets,I,UK,United Kingdom,A,Annual,PUBLIC,Total public,RENEWABLE,Group 3: Renewable energy sources,RDD,"Research, development and demonstration",USD_R,USD (constant prices and exchange rates),2000,,10.186,,I,Imputed Value,F,Non-confidential,6,Millions,3,
DATAFLOW,OECD.IEA:RDDPUBLIC(1.0),Public energy technology RD&D budgets,I,UK,United Kingdom,A,Annual,PUBLIC,Total public,RENEWABLE,Group 3: Renewable energy sources,RDD,"Research, development and demonstration",USD_R,USD (constant prices and exchange rates),2001,,13.936,,I,Imputed Value,F,Non-confidential,6,Millions,3,
DATAFLOW,OECD.IEA:RDDPUBLIC(1.0),Public energy technology RD&D budgets,I,UK,United Kingdom,A,Annual,PUBLIC,Total public,RENEWABLE,Group 3: Renewable energy sources,RDD,"Research, development and demonstration",USD_R,USD (constant prices and exchange rates),2002,,23.457,,I,Imputed Value,F,Non-confidential,6,Millions,3,
DATAFLOW,OECD.IEA:RDDPUBLIC(1.0),Public energy technology RD&D budgets,I,UK,United Kingdom,A,Annual,PUBLIC,Total public,RENEWABLE,Group 3: Renewable energy sources,RDD,"Research, development and demonstration",USD_R,USD (constant prices and exchange rates),2003,,25.329,,I,Imputed Value,F,Non-confidential,6,Millions,3,
DATAFLOW,OECD.IEA:RDDPUBLIC(1.0),Public energy technology RD&D budgets,I,UK,United Kingdom,A,Annual,PUBLIC,Total public,RENEWABLE,Group 3: Renewable energy sources,RDD,"Research, development and demonstration",USD_R,USD (constant prices and exchange rates),2004,,41.85,,I,Imputed Value,F,Non-confidential,6,Millions,3,
DATAFLOW,OECD.IEA:RDDPUBLIC(1.0),Public energy technology RD&D budgets,I,UK,United Kingdom,A,Annual,PUBLIC,Total public,RENEWABLE,Group 3: Renewable energy sources,RDD,"Research, development and demonstration",USD_R,USD (constant prices and exchange rates),2005,,75.593,,I,Imputed Value,F,Non-confidential,6,Millions,3,
DATAFLOW,OECD.IEA:RDDPUBLIC(1.0),Public energy technology RD&D budgets,I,UK,United Kingdom,A,Annual,PUBLIC,Total public,RENEWABLE,Group 3: Renewable energy sources,RDD,"Research, development and demonstration",USD_R,USD (constant prices and exchange rates),2006,,99.59,,I,Imputed Value,F,Non-confidential,6,Millions,3,
DATAFLOW,OECD.IEA:RDDPUBLIC(1.0),Public energy technology RD&D budgets,I,UK,United Kingdom,A,Annual,PUBLIC,Total public,RENEWABLE,Group 3: Renewable energy sources,RDD,"Research, development and demonstration",USD_R,USD (constant prices and exchange rates),2007,,145.041,,I,Imputed Value,F,Non-confidential,6,Millions,3,
DATAFLOW,OECD.IEA:RDDPUBLIC(1.0),Public energy technology RD&D budgets,I,UK,United Kingdom,A,Annual,PUBLIC,Total public,RENEWABLE,Group 3: Renewable energy sources,RDD,"Research, development and demonstration",USD_R,USD (constant prices and exchange rates),2008,,88.349,,I,Imputed Value,F,Non-confidential,6,Millions,3,
DATAFLOW,OECD.IEA:RDDPUBLIC(1.0),Public energy technology RD&D budgets,I,UK,United Kingdom,A,Annual,PUBLIC,Total public,RENEWABLE,Group 3: Renewable energy sources,RDD,"Research, development and demonstration",USD_R,USD (constant prices and exchange rates),2009,,167.719,,I,Imputed Value,F,Non-confidential,6,Millions,3,
DATAFLOW,OECD.IEA:RDDPUBLIC(1.0),Public energy technology RD&D budgets,I,UK,United Kingdom,A,Annual,PUBLIC,Total public,RENEWABLE,Group 3: Renewable energy sources,RDD,"Research, development and demonstration",USD_R,USD (constant prices and exchange rates),2010,,308.014,,I,Imputed Value,F,Non-confidential,6,Millions,3,
DATAFLOW,OECD.IEA:RDDPUBLIC(1.0),Public energy technology RD&D budgets,I,UK,United Kingdom,A,Annual,PUBLIC,Total public,RENEWABLE,Group 3: Renewable energy sources,RDD,"Research, development and demonstration",USD_R,USD (constant prices and exchange rates),2011,,105.779,,I,Imputed Value,F,Non-confidential,6,Millions,3,
DATAFLOW,OECD.IEA:RDDPUBLIC(1.0),Public energy technology RD&D budgets,I,UK,United Kingdom,A,Annual,PUBLIC,Total public,RENEWABLE,Group 3: Renewable energy sources,RDD,"Research, development and demonstration",USD_R,USD (constant prices and exchange rates),2012,,104.026,,I,Imputed Value,F,Non-confidential,6,Millions,3,
DATAFLOW,OECD.IEA:RDDPUBLIC(1.0),Public energy technology RD&D budgets,I,UK,United Kingdom,A,Annual,PUBLIC,Total public,RENEWABLE,Group 3: Renewable energy sources,RDD,"Research, development and demonstration",USD_R,USD (constant prices and exchange rates),2013,,155.061,,I,Imputed Value,F,Non-confidential,6,Millions,3,
DATAFLOW,OECD.IEA:RDDPUBLIC(1.0),Public energy technology RD&D budgets,I,UK,United Kingdom,A,Annual,PUBLIC,Total public,RENEWABLE,Group 3: Renewable energy sources,RDD,"Research, development and demonstration",USD_R,USD (constant prices and exchange rates),2014,,118.747,,I,Imputed Value,F,Non-confidential,6,Millions,3,
DATAFLOW,OECD.IEA:RDDPUBLIC(1.0),Public energy technology RD&D budgets,I,UK,United Kingdom,A,Annual,PUBLIC,Total public,RENEWABLE,Group 3: Renewable energy sources,RDD,"Research, development and demonstration",USD_R,USD (constant prices and exchange rates),2015,,118.306,,I,Imputed Value,F,Non-confidential,6,Millions,3,
DATAFLOW,OECD.IEA:RDDPUBLIC(1.0),Public energy technology RD&D budgets,I,UK,United Kingdom,A,Annual,PUBLIC,Total public,RENEWABLE,Group 3: Renewable energy sources,RDD,"Research, development and demonstration",USD_R,USD (constant prices and exchange rates),2016,,204.176,,I,Imputed Value,F,Non-confidential,6,Millions,3,
DATAFLOW,OECD.IEA:RDDPUBLIC(1.0),Public energy technology RD&D budgets,I,UK,United Kingdom,A,Annual,PUBLIC,Total public,RENEWABLE,Group 3: Renewable energy sources,RDD,"Research, development and demonstration",USD_R,USD (constant prices and exchange rates),2017,,166.006,,I,Imputed Value,F,Non-confidential,6,Millions,3,
DATAFLOW,OECD.IEA:RDDPUBLIC(1.0),Public energy technology RD&D budgets,I,UK,United Kingdom,A,Annual,PUBLIC,Total public,RENEWABLE,Group 3: Renewable energy sources,RDD,"Research, development and demonstration",USD_R,USD (constant prices and exchange rates),2018,,202.418,,I,Imputed Value,F,Non-confidential,6,Millions,3,
DATAFLOW,OECD.IEA:RDDPUBLIC(1.0),Public energy technology RD&D budgets,I,UK,United Kingdom,A,Annual,PUBLIC,Total public,RENEWABLE,Group 3: Renewable energy sources,RDD,"Research, development and demonstration",USD_R,USD (constant prices and exchange rates),2019,,179.35,,I,Imputed Value,F,Non-confidential,6,Millions,3,
DATAFLOW,OECD.IEA:RDDPUBLIC(1.0),Public energy technology RD&D budgets,I,UK,United Kingdom,A,Annual,PUBLIC,Total public,RENEWABLE,Group 3: Renewable energy sources,RDD,"Research, development and demonstration",USD_R,USD (constant prices and exchange rates),2020,,183.386,,I,Imputed Value,F,Non-confidential,6,Millions,3,
DATAFLOW,OECD.IEA:RDDPUBLIC(1.0),Public energy technology RD&D budgets,I,UK,United Kingdom,A,Annual,PUBLIC,Total public,RENEWABLE,Group 3: Renewable energy sources,RDD,"Research, development and demonstration",USD_R,USD (constant prices and exchange rates),2021,,242.967,,I,Imputed Value,F,Non-confidential,6,Millions,3,
DATAFLOW,OECD.IEA:RDDPUBLIC(1.0),Public energy technology RD&D budgets,I,UK,United Kingdom,A,Annual,PUBLIC,Total public,RENEWABLE,Group 3: Renewable energy sources,RDD,"Research, development and demonstration",USD_R,USD (constant prices and exchange rates),2022,,214.786,,I,Imputed Value,F,Non-confidential,6,Millions,3,
DATAFLOW,OECD.IEA:RDDPUBLIC(1.0),Public energy technology RD&D budgets,I,UK,United Kingdom,A,Annual,PUBLIC,Total public,RENEWABLE,Group 3: Renewable energy sources,RDD,"Research, development and demonstration",USD_R,USD (constant prices and exchange rates),2023,,249.95,,I,Imputed Value,F,Non-confidential,6,Millions,3,
DATAFLOW,OECD.IEA:RDDPUBLIC(1.0),Public energy technology RD&D budgets,I,UK,United Kingdom,A,Annual,PUBLIC,Total public,RENEWABLE,Group 3: Renewable energy sources,RDD,"Research, development and demonstration",USD_R,USD (constant prices and exchange rates),2024,,310.19,,P,Provisional Value,F,Non-confidential,6,Millions,3,
DATAFLOW,OECD.IEA:RDDPUBLIC(1.0),Public energy technology RD&D budgets,I,JAPAN,Japan,A,Annual,PUBLIC,Total public,RENEWABLE,Group 3: Renewable energy sources,RDD,"Research, development and demonstration",USD_R,USD (constant prices and exchange rates),2000,,117.627,,I,Imputed Value,F,Non-confidential,6,Millions,3,
DATAFLOW,OECD.IEA:RDDPUBLIC(1.0),Public energy technology RD&D budgets,I,JAPAN,Japan,A,Annual,PUBLIC,Total public,RENEWABLE,Group 3: Renewable energy sources,RDD,"Research, development and demonstration",USD_R,USD (constant prices and exchange rates),2001,,106.667,,I,Imputed Value,F,Non-confidential,6,Millions,3,
DATAFLOW,OECD.IEA:RDDPUBLIC(1.0),Public energy technology RD&D budgets,I,JAPAN,Japan,A,Annual,PUBLIC,Total public,RENEWABLE,Group 3: Renewable energy sources,RDD,"Research, development and demonstration",USD_R,USD (constant prices and exchange rates),2002,,134.84,,I,Imputed Value,F,Non-confidential,6,Millions,3,
DATAFLOW,OECD.IEA:RDDPUBLIC(1.0),Public energy technology RD&D budgets,I,JAPAN,Japan,A,Annual,PUBLIC,Total public,RENEWABLE,Group 3: Renewable energy sources,RDD,"Research, development and demonstration",USD_R,USD (constant prices and exchange rates),2003,,110.359,,I,Imputed Value,F,Non-confidential,6,Millions,3,
DATAFLOW,OECD.IEA:RDDPUBLIC(1.0),Public energy technology RD&D budgets,I,JAPAN,Japan,A,Annual,PUBLIC,Total public,RENEWABLE,Group 3: Renewable energy sources,RDD,"Research, development and demonstration",USD_R,USD (constant prices and exchange rates),2004,,239.293,,I,Imputed Value,F,Non-confidential,6,Millions,3,
DATAFLOW,OECD.IEA:RDDPUBLIC(1.0),Public energy technology RD&D budgets,I,JAPAN,Japan,A,Annual,PUBLIC,Total public,RENEWABLE,Group 3: Renewable energy sources,RDD,"Research, development and demonstration",USD_R,USD (constant prices and exchange rates),2005,,178.474,,I,Imputed Value,F,Non-confidential,6,Millions,3,
DATAFLOW,OECD.IEA:RDDPUBLIC(1.0),Public energy technology RD&D budgets,I,JAPAN,Japan,A,Annual,PUBLIC,Total public,RENEWABLE,Group 3: Renewable energy sources,RDD,"Research, development and demonstration",USD_R,USD (constant prices and exchange rates),2006,,194.546,,I,Imputed Value,F,Non-confidential,6,Millions,3,
DATAFLOW,OECD.IEA:RDDPUBLIC(1.0),Public energy technology RD&D budgets,I,JAPAN,Japan,A,Annual,PUBLIC,Total public,RENEWABLE,Group 3: Renewable energy sources,RDD,"Research, development and demonstration",USD_R,USD (constant prices and exchange rates),2007,,146.031,,I,Imputed Value,F,Non-confidential,6,Millions,3,
DATAFLOW,OECD.IEA:RDDPUBLIC(1.0),Public energy technology RD&D budgets,I,JAPAN,Japan,A,Annual,PUBLIC,Total public,RENEWABLE,Group 3: Renewable energy sources,RDD,"Research, development and demonstration",USD_R,USD (constant prices and exchange rates),2008,,143.386,,I,Imputed Value,F,Non-confidential,6,Millions,3,
DATAFLOW,OECD.IEA:RDDPUBLIC(1.0),Public energy technology RD&D budgets,I,JAPAN,Japan,A,Annual,PUBLIC,Total public,RENEWABLE,Group 3: Renewable energy sources,RDD,"Research, development and demonstration",USD_R,USD (constant prices and exchange rates),2009,,92.875,,I,Imputed Value,F,Non-confidential,6,Millions,3,
DATAFLOW,OECD.IEA:RDDPUBLIC(1.0),Public energy technology RD&D budgets,I,JAPAN,Japan,A,Annual,PUBLIC,Total public,RENEWABLE,Group 3: Renewable energy sources,RDD,"Research, development and demonstration",USD_R,USD (constant prices and exchange rates),2010,,151.69,,I,Imputed Value,F,Non-confidential,6,Millions,3,
DATAFLOW,OECD.IEA:RDDPUBLIC(1.0),Public energy technology RD&D budgets,I,JAPAN,Japan,A,Annual,PUBLIC,Total public,RENEWABLE,Group 3: Renewable energy sources,RDD,"Research, development and demonstration",USD_R,USD (constant prices and exchange rates),2011,,697.651,,I,Imputed Value,F,Non-confidential,6,Millions,3,
DATAFLOW,OECD.IEA:RDDPUBLIC(1.0),Public energy technology RD&D budgets,I,JAPAN,Japan,A,Annual,PUBLIC,Total public,RENEWABLE,Group 3: Renewable energy sources,RDD,"Research, development and demonstration",USD_R,USD (constant prices and exchange rates),2012,,606.031,,I,Imputed Value,F,Non-confidential,6,Millions,3,
DATAFLOW,OECD.IEA:RDDPUBLIC(1.0),Public energy technology RD&D budgets,I,JAPAN,Japan,A,Annual,PUBLIC,Total public,RENEWABLE,Group 3: Renewable energy sources,RDD,"Research, development and demonstration",USD_R,USD (constant prices and exchange rates),2013,,564.211,,I,Imputed Value,F,Non-confidential,6,Millions,3,
DATAFLOW,OECD.IEA:RDDPUBLIC(1.0),Public energy technology RD&D budgets,I,JAPAN,Japan,A,Annual,PUBLIC,Total public,RENEWABLE,Group 3: Renewable energy sources,RDD,"Research, development and demonstration",USD_R,USD (constant prices and exchange rates),2014,,533.372,,I,Imputed Value,F,Non-confidential,6,Millions,3,
DATAFLOW,OECD.IEA:RDDPUBLIC(1.0),Public energy technology RD&D budgets,I,JAPAN,Japan,A,Annual,PUBLIC,Total public,RENEWABLE,Group 3: Renewable energy sources,RDD,"Research, development and demonstration",USD_R,USD (constant prices and exchange rates),2015,,361.457,,I,Imputed Value,F,Non-confidential,6,Millions,3,
DATAFLOW,OECD.IEA:RDDPUBLIC(1.0),Public energy technology RD&D budgets,I,JAPAN,Japan,A,Annual,PUBLIC,Total public,RENEWABLE,Group 3: Renewable energy sources,RDD,"Research, development and demonstration",USD_R,USD (constant prices and exchange rates),2016,,305.905,,I,Imputed Value,F,Non-confidential,6,Millions,3,
DATAFLOW,OECD.IEA:RDDPUBLIC(1.0),Public energy technology RD&D budgets,I,JAPAN,Japan,A,Annual,PUBLIC,Total public,RENEWABLE,Group 3: Renewable energy sources,RDD,"Research, development and demonstration",USD_R,USD (constant prices and exchange rates),2017,,259.32,,I,Imputed Value,F,Non-confidential,6,Millions,3,
DATAFLOW,OECD.IEA:RDDPUBLIC(1.0),Public energy technology RD&D budgets,I,JAPAN,Japan,A,Annual,PUBLIC,Total public,RENEWABLE,Group 3: Renewable energy sources,RDD,"Research, development and demonstration",USD_R,USD (constant prices and exchange rates),2018,,348.43,,I,Imputed Value,F,Non-confidential,6,Millions,3,
DATAFLOW,OECD.IEA:RDDPUBLIC(1.0),Public energy technology RD&D budgets,I,JAPAN,Japan,A,Annual,PUBLIC,Total public,RENEWABLE,Group 3: Renewable energy sources,RDD,"Research, development and demonstration",USD_R,USD (constant prices and exchange rates),2019,,250.791,,I,Imputed Value,F,Non-confidential,6,Millions,3,
DATAFLOW,OECD.IEA:RDDPUBLIC(1.0),Public energy technology RD&D budgets,I,JAPAN,Japan,A,Annual,PUBLIC,Total public,RENEWABLE,Group 3: Renewable energy sources,RDD,"Research, development and demonstration",USD_R,USD (constant prices and exchange rates),2020,,306.82,,I,Imputed Value,F,Non-confidential,6,Millions,3,
DATAFLOW,OECD.IEA:RDDPUBLIC(1.0),Public energy technology RD&D budgets,I,JAPAN,Japan,A,Annual,PUBLIC,Total public,RENEWABLE,Group 3: Renewable energy sources,RDD,"Research, development and demonstration",USD_R,USD (constant prices and exchange rates),2021,,325.841,,I,Imputed Value,F,Non-confidential,6,Millions,3,
DATAFLOW,OECD.IEA:RDDPUBLIC(1.0),Public energy technology RD&D budgets,I,JAPAN,Japan,A,Annual,PUBLIC,Total public,RENEWABLE,Group 3: Renewable energy sources,RDD,"Research, development and demonstration",USD_R,USD (constant prices and exchange rates),2022,,298.81,,I,Imputed Value,F,Non-confidential,6,Millions,3,
DATAFLOW,OECD.IEA:RDDPUBLIC(1.0),Public energy technology RD&D budgets,I,JAPAN,Japan,A,Annual,PUBLIC,Total public,RENEWABLE,Group 3: Renewable energy sources,RDD,"Research, development and demonstration",USD_R,USD (constant prices and exchange rates),2023,,220.12,,I,Imputed Value,F,Non-confidential,6,Millions,3,
DATAFLOW,OECD.IEA:RDDPUBLIC(1.0),Public energy technology RD&D budgets,I,JAPAN,Japan,A,Annual,PUBLIC,Total public,RENEWABLE,Group 3: Renewable energy sources,RDD,"Research, development and demonstration",USD_R,USD (constant prices and exchange rates),2024,,229.703,,P,Provisional Value,F,Non-confidential,6,Millions,3,
DATAFLOW,OECD.IEA:RDDPUBLIC(1.0),Public energy technology RD&D budgets,I,FINLAND,Finland,A,Annual,PUBLIC,Total public,TOTAL,Total,RDD,"Research, development and demonstration",USD_R,USD (constant prices and exchange rates),2000,,110.451,,I,Imputed Value,F,Non-confidential,6,Millions,3,
DATAFLOW,OECD.IEA:RDDPUBLIC(1.0),Public energy technology RD&D budgets,I,FINLAND,Finland,A,Annual,PUBLIC,Total public,TOTAL,Total,RDD,"Research, development and demonstration",USD_R,USD (constant prices and exchange rates),2001,,102.374,,I,Imputed Value,F,Non-confidential,6,Millions,3,
DATAFLOW,OECD.IEA:RDDPUBLIC(1.0),Public energy technology RD&D budgets,I,FINLAND,Finland,A,Annual,PUBLIC,Total public,TOTAL,Total,RDD,"Research, development and demonstration",USD_R,USD (constant prices and exchange rates),2002,,114.13,,I,Imputed Value,F,Non-confidential,6,Millions,3,
DATAFLOW,OECD.IEA:RDDPUBLIC(1.0),Public energy technology RD&D budgets,I,FINLAND,Finland,A,Annual,PUBLIC,Total public,TOTAL,Total,RDD,"Research, development and demonstration",USD_R,USD (constant prices and exchange rates),2003,,95.449,,I,Imputed Value,F,Non-confidential,6,Millions,3,
DATAFLOW,OECD.IEA:RDDPUBLIC(1.0),Public energy technology RD&D budgets,I,FINLAND,Finland,A,Annual,PUBLIC,Total public,TOTAL,Total,RDD,"Research, development and demonstration",USD_R,USD (constant prices and exchange rates),2004,,128.507,,I,Imputed Value,F,Non-confidential,6,Millions,3,
DATAFLOW,OECD.IEA:RDDPUBLIC(1.0),Public energy technology RD&D budgets,I,FINLAND,Finland,A,Annual,PUBLIC,Total public,TOTAL,Total,RDD,"Research, development and demonstration",USD_R,USD (constant prices and exchange rates),2005,,125.279,,I,Imputed Value,F,Non-confidential,6,Millions,3,
DATAFLOW,OECD.IEA:RDDPUBLIC(1.0),Public energy technology RD&D budgets,I,FINLAND,Finland,A,Annual,PUBLIC,Total public,TOTAL,Total,RDD,"Research, development and demonstration",USD_R,USD (constant prices and exchange rates),2006,,159.14,,I,Imputed Value,F,Non-confidential,6,Millions,3,
DATAFLOW,OECD.IEA:RDDPUBLIC(1.0),Public energy technology RD&D budgets,I,FINLAND,Finland,A,Annual,PUBLIC,Total public,TOTAL,Total,RDD,"Research, development and demonstration",USD_R,USD (constant prices and exchange rates),2007,,219.125,,I,Imputed Value,F,Non-confidential,6,Millions,3,
DATAFLOW,OECD.IEA:RDDPUBLIC(1.0),Public energy technology RD&D budgets,I,FINLAND,Finland,A,Annual,PUBLIC,Total public,TOTAL,Total,RDD,"Research, development and demonstration",USD_R,USD (constant prices and exchange rates),2008,,251.374,,I,Imputed Value,F,Non-confidential,6,Millions,3,
DATAFLOW,OECD.IEA:RDDPUBLIC(1.0),Public energy technology RD&D budgets,I,FINLAND,Finland,A,Annual,PUBLIC,Total public,TOTAL,Total,RDD,"Research, development and demonstration",USD_R,USD (constant prices and exchange rates),2009,,341.938,,I,Imputed Value,F,Non-confidential,6,Millions,3,
DATAFLOW,OECD.IEA:RDDPUBLIC(1.0),Public energy technology RD&D budgets,I,FINLAND,Finland,A,Annual,PUBLIC,Total public,TOTAL,Total,RDD,"Research, development and demonstration",USD_R,USD (constant prices and exchange rates),2010,,391.809,,I,Imputed Value,F,Non-confidential,6,Millions,3,
DATAFLOW,OECD.IEA:RDDPUBLIC(1.0),Public energy technology RD&D budgets,I,FINLAND,Finland,A,Annual,PUBLIC,Total public,TOTAL,Total,RDD,"Research, development and demonstration",USD_R,USD (constant prices and exchange rates),2011,,361.954,,I,Imputed Value,F,Non-confidential,6,Millions,3,
DATAFLOW,OECD.IEA:RDDPUBLIC(1.0),Public energy technology RD&D budgets,I,FINLAND,Finland,A,Annual,PUBLIC,Total public,TOTAL,Total,RDD,"Research, development and demonstration",USD_R,USD (constant prices and exchange rates),2012,,320.885,,I,Imputed Value,F,Non-confidential,6,Millions,3,
DATAFLOW,OECD.IEA:RDDPUBLIC(1.0),Public energy technology RD&D budgets,I,FINLAND,Finland,A,Annual,PUBLIC,Total public,TOTAL,Total,RDD,"Research, development and demonstration",USD_R,USD (constant prices and exchange rates),2013,,314.449,,I,Imputed Value,F,Non-confidential,6,Millions,3,
DATAFLOW,OECD.IEA:RDDPUBLIC(1.0),Public energy technology RD&D budgets,I,FINLAND,Finland,A,Annual,PUBLIC,Total public,TOTAL,Total,RDD,"Research, development and demonstration",USD_R,USD (constant prices and exchange rates),2014,,288.192,,I,Imputed Value,F,Non-confidential,6,Millions,3,
DATAFLOW,OECD.IEA:RDDPUBLIC(1.0),Public energy technology RD&D budgets,I,FINLAND,Finland,A,Annual,PUBLIC,Total public,TOTAL,Total,RDD,"Research, development and demonstration",USD_R,USD (constant prices and exchange rates),2015,,311.227,,I,Imputed Value,F,Non-confidential,6,Millions,3,
DATAFLOW,OECD.IEA:RDDPUBLIC(1.0),Public energy technology RD&D budgets,I,FINLAND,Finland,A,Annual,PUBLIC,Total public,TOTAL,Total,RDD,"Research, development and demonstration",USD_R,USD (constant prices and exchange rates),2016,,247.715,,I,Imputed Value,F,Non-confidential,6,Millions,3,
DATAFLOW,OECD.IEA:RDDPUBLIC(1.0),Public energy technology RD&D budgets,I,FINLAND,Finland,A,Annual,PUBLIC,Total public,TOTAL,Total,RDD,"Research, development and demonstration",USD_R,USD (constant prices and exchange rates),2017,,279.47,,I,Imputed Value,F,Non-confidential,6,Millions,3,
DATAFLOW,OECD.IEA:RDDPUBLIC(1.0),Public energy technology RD&D budgets,I,FINLAND,Finland,A,Annual,PUBLIC,Total public,TOTAL,Total,RDD,"Research, development and demonstration",USD_R,USD (constant prices and exchange rates),2018,,241.834,,I,Imputed Value,F,Non-confidential,6,Millions,3,
DATAFLOW,OECD.IEA:RDDPUBLIC(1.0),Public energy technology RD&D budgets,I,FINLAND,Finland,A,Annual,PUBLIC,Total public,TOTAL,Total,RDD,"Research, development and demonstration",USD_R,USD (constant prices and exchange rates),2019,,197.713,,I,Imputed Value,F,Non-confidential,6,Millions,3,
DATAFLOW,OECD.IEA:RDDPUBLIC(1.0),Public energy technology RD&D budgets,I,FINLAND,Finland,A,Annual,PUBLIC,Total public,TOTAL,Total,RDD,"Research, development and demonstration",USD_R,USD (constant prices and exchange rates),2020,,180.076,,I,Imputed Value,F,Non-confidential,6,Millions,3,
DATAFLOW,OECD.IEA:RDDPUBLIC(1.0),Public energy technology RD&D budgets,I,FINLAND,Finland,A,Annual,PUBLIC,Total public,TOTAL,Total,RDD,"Research, development and demonstration",USD_R,USD (constant prices and exchange rates),2021,,169.525,,I,Imputed Value,F,Non-confidential,6,Millions,3,
DATAFLOW,OECD.IEA:RDDPUBLIC(1.0),Public energy technology RD&D budgets,I,FINLAND,Finland,A,Annual,PUBLIC,Total public,TOTAL,Total,RDD,"Research, development and demonstration",USD_R,USD (constant prices and exchange rates),2022,,185.677,,I,Imputed Value,F,Non-confidential,6,Millions,3,
DATAFLOW,OECD.IEA:RDDPUBLIC(1.0),Public energy technology RD&D budgets,I,FINLAND,Finland,A,Annual,PUBLIC,Total public,TOTAL,Total,RDD,"Research, development and demonstration",USD_R,USD (constant prices and exchange rates),2023,,210.881,,I,Imputed Value,F,Non-confidential,6,Millions,3,
DATAFLOW,OECD.IEA:RDDPUBLIC(1.0),Public energy technology RD&D budgets,I,IEAAO,IEA Asia Oceania,A,Annual,PUBLIC,Total public,RENEWABLE,Group 3: Renewable energy sources,RDD,"Research, development and demonstration",USD_R,USD (constant prices and exchange rates),2000,,151.746,,I,Imputed Value,F,Non-confidential,6,Millions,3,
DATAFLOW,OECD.IEA:RDDPUBLIC(1.0),Public energy technology RD&D budgets,I,IEAAO,IEA Asia Oceania,A,Annual,PUBLIC,Total public,RENEWABLE,Group 3: Renewable energy sources,RDD,"Research, development and demonstration",USD_R,USD (constant prices and exchange rates),2001,,144.173,,I,Imputed Value,F,Non-confidential,6,Millions,3,
DATAFLOW,OECD.IEA:RDDPUBLIC(1.0),Public energy technology RD&D budgets,I,IEAAO,IEA Asia Oceania,A,Annual,PUBLIC,Total public,RENEWABLE,Group 3: Renewable energy sources,RDD,"Research, development and demonstration",USD_R,USD (constant prices and exchange rates),2002,,171.977,,I,Imputed Value,F,Non-confidential,6,Millions,3,
DATAFLOW,OECD.IEA:RDDPUBLIC(1.0),Public energy technology RD&D budgets,I,IEAAO,IEA Asia Oceania,A,Annual,PUBLIC,Total public,RENEWABLE,Group 3: Renewable energy sources,RDD,"Research, development and demonstration",USD_R,USD (constant prices and exchange rates),2003,,151.145,,I,Imputed Value,F,Non-confidential,6,Millions,3,
DATAFLOW,OECD.IEA:RDDPUBLIC(1.0),Public energy technology RD&D budgets,I,IEAAO,IEA Asia Oceania,A,Annual,PUBLIC,Total public,RENEWABLE,Group 3: Renewable energy sources,RDD,"Research, development and demonstration",USD_R,USD (constant prices and exchange rates),2004,,331.725,,I,Imputed Value,F,Non-confidential,6,Millions,3,
DATAFLOW,OECD.IEA:RDDPUBLIC(1.0),Public energy technology RD&D budgets,I,IEAAO,IEA Asia Oceania,A,Annual,PUBLIC,Total public,RENEWABLE,Group 3: Renewable energy sources,RDD,"Research, development and demonstration",USD_R,USD (constant prices and exchange rates),2005,,269.133,,I,Imputed Value,F,Non-confidential,6,Millions,3,
DATAFLOW,OECD.IEA:RDDPUBLIC(1.0),Public energy technology RD&D budgets,I,IEAAO,IEA Asia Oceania,A,Annual,PUBLIC,Total public,RENEWABLE,Group 3: Renewable energy sources,RDD,"Research, development and demonstration",USD_R,USD (constant prices and exchange rates),2006,,315.006,,I,Imputed Value,F,Non-confidential,6,Millions,3,
DATAFLOW,OECD.IEA:RDDPUBLIC(1.0),Public energy technology RD&D budgets,I,IEAAO,IEA Asia Oceania,A,Annual,PUBLIC,Total public,RENEWABLE,Group 3: Renewable energy sources,RDD,"Research, development and demonstration",USD_R,USD (constant prices and exchange rates),2007,,280.237,,I,Imputed Value,F,Non-confidential,6,Millions,3,
DATAFLOW,OECD.IEA:RDDPUBLIC(1.0),Public energy technology RD&D budgets,I,IEAAO,IEA Asia Oceania,A,Annual,PUBLIC,Total public,RENEWABLE,Group 3: Renewable energy sources,RDD,"Research, development and demonstration",USD_R,USD (constant prices and exchange rates),2008,,294.915,,I,Imputed Value,F,Non-confidential,6,Millions,3,
DATAFLOW,OECD.IEA:RDDPUBLIC(1.0),Public energy technology RD&D budgets,I,IEAAO,IEA Asia Oceania,A,Annual,PUBLIC,Total public,RENEWABLE,Group 3: Renewable energy sources,RDD,"Research, development and demonstration",USD_R,USD (constant prices and exchange rates),2009,,325.044,,I,Imputed Value,F,Non-confidential,6,Millions,3,
DATAFLOW,OECD.IEA:RDDPUBLIC(1.0),Public energy technology RD&D budgets,I,IEAAO,IEA Asia Oceania,A,Annual,PUBLIC,Total public,RENEWABLE,Group 3: Renewable energy sources,RDD,"Research, development and demonstration",USD_R,USD (constant prices and exchange rates),2010,,422.381,,I,Imputed Value,F,Non-confidential,6,Millions,3,
DATAFLOW,OECD.IEA:RDDPUBLIC(1.0),Public energy technology RD&D budgets,I,IEAAO,IEA Asia Oceania,A,Annual,PUBLIC,Total public,RENEWABLE,Group 3: Renewable energy sources,RDD,"Research, development and demonstration",USD_R,USD (constant prices and exchange rates),2011,,1036.093,,I,Imputed Value,F,Non-confidential,6,Millions,3,
DATAFLOW,OECD.IEA:RDDPUBLIC(1.0),Public energy technology RD&D budgets,I,IEAAO,IEA Asia Oceania,A,Annual,PUBLIC,Total public,RENEWABLE,Group 3: Renewable energy sources,RDD,"Research, development and demonstration",USD_R,USD (constant prices and exchange rates),2012,,1020.182,,I,Imputed Value,F,Non-confidential,6,Millions,3,
DATAFLOW,OECD.IEA:RDDPUBLIC(1.0),Public energy technology RD&D budgets,I,IEAAO,IEA Asia Oceania,A,Annual,PUBLIC,Total public,RENEWABLE,Group 3: Renewable energy sources,RDD,"Research, development and demonstration",USD_R,USD (constant prices and exchange rates),2013,,1199.911,,I,Imputed Value,F,Non-confidential,6,Millions,3,
DATAFLOW,OECD.IEA:RDDPUBLIC(1.0),Public energy technology RD&D budgets,I,IEAAO,IEA Asia Oceania,A,Annual,PUBLIC,Total public,RENEWABLE,Group 3: Renewable energy sources,RDD,"Research, development and demonstration",USD_R,USD (constant prices and exchange rates),2014,,778.709,,I,Imputed Value,F,Non-confidential,6,Millions,3,
DATAFLOW,OECD.IEA:RDDPUBLIC(1.0),Public energy technology RD&D budgets,I,IEAAO,IEA Asia Oceania,A,Annual,PUBLIC,Total public,RENEWABLE,Group 3: Renewable energy sources,RDD,"Research, development and demonstration",USD_R,USD (constant prices and exchange rates),2015,,638.457,,I,Imputed Value,F,Non-confidential,6,Millions,3,
DATAFLOW,OECD.IEA:RDDPUBLIC(1.0),Public energy technology RD&D budgets,I,IEAAO,IEA Asia Oceania,A,Annual,PUBLIC,Total public,RENEWABLE,Group 3: Renewable energy sources,RDD,"Research, development and demonstration",USD_R,USD (constant prices and exchange rates),2016,,504.732,,I,Imputed Value,F,Non-confidential,6,Millions,3,
DATAFLOW,OECD.IEA:RDDPUBLIC(1.0),Public energy technology RD&D budgets,I,IEAAO,IEA Asia Oceania,A,Annual,PUBLIC,Total public,RENEWABLE,Group 3: Renewable energy sources,RDD,"Research, development and demonstration",USD_R,USD (constant prices and exchange rates),2017,,454.72,,I,Imputed Value,F,Non-confidential,6,Millions,3,
DATAFLOW,OECD.IEA:RDDPUBLIC(1.0),Public energy technology RD&D budgets,I,IEAAO,IEA Asia Oceania,A,Annual,PUBLIC,Total public,RENEWABLE,Group 3: Renewable energy sources,RDD,"Research, development and demonstration",USD_R,USD (constant prices and exchange rates),2018,,544.817,,I,Imputed Value,F,Non-confidential,6,Millions,3,
DATAFLOW,OECD.IEA:RDDPUBLIC(1.0),Public energy technology RD&D budgets,I,IEAAO,IEA Asia Oceania,A,Annual,PUBLIC,Total public,RENEWABLE,Group 3: Renewable energy sources,RDD,"Research, development and demonstration",USD_R,USD (constant prices and exchange rates),2019,,482.118,,I,Imputed Value,F,Non-confidential,6,Millions,3,
DATAFLOW,OECD.IEA:RDDPUBLIC(1.0),Public energy technology RD&D budgets,I,IEAAO,IEA Asia Oceania,A,Annual,PUBLIC,Total public,RENEWABLE,Group 3: Renewable energy sources,RDD,"Research, development and demonstration",USD_R,USD (constant prices and exchange rates),2020,,526.779,,I,Imputed Value,F,Non-confidential,6,Millions,3,
DATAFLOW,OECD.IEA:RDDPUBLIC(1.0),Public energy technology RD&D budgets,I,IEAAO,IEA Asia Oceania,A,Annual,PUBLIC,Total public,RENEWABLE,Group 3: Renewable energy sources,RDD,"Research, development and demonstration",USD_R,USD (constant prices and exchange rates),2021,,541.987,,I,Imputed Value,F,Non-confidential,6,Millions,3,
DATAFLOW,OECD.IEA:RDDPUBLIC(1.0),Public energy technology RD&D budgets,I,IEAAO,IEA Asia Oceania,A,Annual,PUBLIC,Total public,RENEWABLE,Group 3: Renewable energy sources,RDD,"Research, development and demonstration",USD_R,USD (constant prices and exchange rates),2022,,501.336,,I,Imputed Value,F,Non-confidential,6,Millions,3,
DATAFLOW,OECD.IEA:RDDPUBLIC(1.0),Public energy technology RD&D budgets,I,IEAAO,IEA Asia Oceania,A,Annual,PUBLIC,Total public,RENEWABLE,Group 3: Renewable energy sources,RDD,"Research, development and demonstration",USD_R,USD (constant prices and exchange rates),2023,,405.742,,I,Imputed Value,F,Non-confidential,6,Millions,3,
DATAFLOW,OECD.IEA:RDDPUBLIC(1.0),Public energy technology RD&D budgets,I,IEAAO,IEA Asia Oceania,A,Annual,PUBLIC,Total public,RENEWABLE,Group 3: Renewable energy sources,RDD,"Research, development and demonstration",USD_R,USD (constant prices and exchange rates),2024,,357.097,,I,Imputed Value,F,Non-confidential,6,Millions,3,
DATAFLOW,OECD.IEA:RDDPUBLIC(1.0),Public energy technology RD&D budgets,I,NEWZEALAND,New Zealand,A,Annual,PUBLIC,Total public,TOTAL,Total,RDD,"Research, development and demonstration",USD_R,USD (constant prices and exchange rates),2000,,7.533,,I,Imputed Value,F,Non-confidential,6,Millions,3,
DATAFLOW,OECD.IEA:RDDPUBLIC(1.0),Public energy technology RD&D budgets,I,NEWZEALAND,New Zealand,A,Annual,PUBLIC,Total public,TOTAL,Total,RDD,"Research, development and demonstration",USD_R,USD (constant prices and exchange rates),2001,,10.104,,I,Imputed Value,F,Non-confidential,6,Millions,3,
DATAFLOW,OECD.IEA:RDDPUBLIC(1.0),Public energy technology RD&D budgets,I,NEWZEALAND,New Zealand,A,Annual,PUBLIC,Total public,TOTAL,Total,RDD,"Research, development and demonstration",USD_R,USD (constant prices and exchange rates),2002,,11.262,,I,Imputed Value,F,Non-confidential,6,Millions,3,
DATAFLOW,OECD.IEA:RDDPUBLIC(1.0),Public energy technology RD&D budgets,I,NEWZEALAND,New Zealand,A,Annual,PUBLIC,Total public,TOTAL,Total,RDD,"Research, development and demonstration",USD_R,USD (constant prices and exchange rates),2003,,12.734,,I,Imputed Value,F,Non-confidential,6,Millions,3,
DATAFLOW,OECD.IEA:RDDPUBLIC(1.0),Public energy technology RD&D budgets,I,NEWZEALAND,New Zealand,A,Annual,PUBLIC,Total public,TOTAL,Total,RDD,"Research, development and demonstration",USD_R,USD (constant prices and exchange rates),2004,,14.345,,I,Imputed Value,F,Non-confidential,6,Millions,3,
DATAFLOW,OECD.IEA:RDDPUBLIC(1.0),Public energy technology RD&D budgets,I,NEWZEALAND,New Zealand,A,Annual,PUBLIC,Total public,TOTAL,Total,RDD,"Research, development and demonstration",USD_R,USD (constant prices and exchange rates),2005,,14.056,,I,Imputed Value,F,Non-confidential,6,Millions,3,
DATAFLOW,OECD.IEA:RDDPUBLIC(1.0),Public energy technology RD&D budgets,I,NEWZEALAND,New Zealand,A,Annual,PUBLIC,Total public,TOTAL,Total,RDD,"Research, development and demonstration",USD_R,USD (constant prices and exchange rates),2006,,17.19,,I,Imputed Value,F,Non-confidential,6,Millions,3,
DATAFLOW,OECD.IEA:RDDPUBLIC(1.0),Public energy technology RD&D budgets,I,NEWZEALAND,New Zealand,A,Annual,PUBLIC,Total public,TOTAL,Total,RDD,"Research, development and demonstration",USD_R,USD (constant prices and exchange rates),2007,,21.229,,I,Imputed Value,F,Non-confidential,6,Millions,3,
DATAFLOW,OECD.IEA:RDDPUBLIC(1.0),Public energy technology RD&D budgets,I,NEWZEALAND,New Zealand,A,Annual,PUBLIC,Total public,TOTAL,Total,RDD,"Research, development and demonstration",USD_R,USD (constant prices and exchange rates),2008,,31.219,,I,Imputed Value,F,Non-confidential,6,Millions,3,
DATAFLOW,OECD.IEA:RDDPUBLIC(1.0),Public energy technology RD&D budgets,I,NEWZEALAND,New Zealand,A,Annual,PUBLIC,Total public,TOTAL,Total,RDD,"Research, development and demonstration",USD_R,USD (constant prices and exchange rates),2009,,30.433,,I,Imputed Value,F,Non-confidential,6,Millions,3,
DATAFLOW,OECD.IEA:RDDPUBLIC(1.0),Public energy technology RD&D budgets,I,NEWZEALAND,New Zealand,A,Annual,PUBLIC,Total public,TOTAL,Total,RDD,"Research, development and demonstration",USD_R,USD (constant prices and exchange rates),2010,,29.771,,I,Imputed Value,F,Non-confidential,6,Millions,3,
DATAFLOW,OECD.IEA:RDDPUBLIC(1.0),Public energy technology RD&D budgets,I,NEWZEALAND,New Zealand,A,Annual,PUBLIC,Total public,TOTAL,Total,RDD,"Research, development and demonstration",USD_R,USD (constant prices and exchange rates),2011,,22.132,,I,Imputed Value,F,Non-confidential,6,Millions,3,
DATAFLOW,OECD.IEA:RDDPUBLIC(1.0),Public energy technology RD&D budgets,I,NEWZEALAND,New Zealand,A,Annual,PUBLIC,Total public,TOTAL,Total,RDD,"Research, development and demonstration",USD_R,USD (constant prices and exchange rates),2012,,18.526,,I,Imputed Value,F,Non-confidential,6,Millions,3,
DATAFLOW,OECD.IEA:RDDPUBLIC(1.0),Public energy technology RD&D budgets,I,NEWZEALAND,New Zealand,A,Annual,PUBLIC,Total public,TOTAL,Total,RDD,"Research, development and demonstration",USD_R,USD (constant prices and exchange rates),2013,,18.215,,I,Imputed Value,F,Non-confidential,6,Millions,3,
DATAFLOW,OECD.IEA:RDDPUBLIC(1.0),Public energy technology RD&D budgets,I,NEWZEALAND,New Zealand,A,Annual,PUBLIC,Total public,TOTAL,Total,RDD,"Research, development and demonstration",USD_R,USD (constant prices and exchange rates),2014,,18.393,,I,Imputed Value,F,Non-confidential,6,Millions,3,
DATAFLOW,OECD.IEA:RDDPUBLIC(1.0),Public energy technology RD&D budgets,I,NEWZEALAND,New Zealand,A,Annual,PUBLIC,Total public,TOTAL,Total,RDD,"Research, development and demonstration",USD_R,USD (constant prices and exchange rates),2015,,17.965,,I,Imputed Value,F,Non-confidential,6,Millions,3,
DATAFLOW,OECD.IEA:RDDPUBLIC(1.0),Public energy technology RD&D budgets,I,NEWZEALAND,New Zealand,A,Annual,PUBLIC,Total public,TOTAL,Total,RDD,"Research, development and demonstration",USD_R,USD (constant prices and exchange rates),2016,,12.287,,I,Imputed Value,F,Non-confidential,6,Millions,3,
DATAFLOW,OECD.IEA:RDDPUBLIC(1.0),Public energy technology RD&D budgets,I,NEWZEALAND,New Zealand,A,Annual,PUBLIC,Total public,TOTAL,Total,RDD,"Research, development and demonstration",USD_R,USD (constant prices and exchange rates),2017,,24.848,,I,Imputed Value,F,Non-confidential,6,Millions,3,
DATAFLOW,OECD.IEA:RDDPUBLIC(1.0),Public energy technology RD&D budgets,I,NEWZEALAND,New Zealand,A,Annual,PUBLIC,Total public,TOTAL,Total,RDD,"Research, development and demonstration",USD_R,USD (constant prices and exchange rates),2018,,22.828,,I,Imputed Value,F,Non-confidential,6,Millions,3,
DATAFLOW,OECD.IEA:RDDPUBLIC(1.0),Public energy technology RD&D budgets,I,NEWZEALAND,New Zealand,A,Annual,PUBLIC,Total public,TOTAL,Total,RDD,"Research, development and demonstration",USD_R,USD (constant prices and exchange rates),2019,,23.871,,I,Imputed Value,F,Non-confidential,6,Millions,3,
DATAFLOW,OECD.IEA:RDDPUBLIC(1.0),Public energy technology RD&D budgets,I,NEWZEALAND,New Zealand,A,Annual,PUBLIC,Total public,TOTAL,Total,RDD,"Research, development and demonstration",USD_R,USD (constant prices and exchange rates),2020,,20.873,,I,Imputed Value,F,Non-confidential,6,Millions,3,
DATAFLOW,OECD.IEA:RDDPUBLIC(1.0),Public energy technology RD&D budgets,I,NEWZEALAND,New Zealand,A,Annual,PUBLIC,Total public,TOTAL,Total,RDD,"Research, development and demonstration",USD_R,USD (constant prices and exchange rates),2021,,15.145,,I,Imputed Value,F,Non-confidential,6,Millions,3,
DATAFLOW,OECD.IEA:RDDPUBLIC(1.0),Public energy technology RD&D budgets,I,NEWZEALAND,New Zealand,A,Annual,PUBLIC,Total public,TOTAL,Total,RDD,"Research, development and demonstration",USD_R,USD (constant prices and exchange rates),2022,,16.484,,I,Imputed Value,F,Non-confidential,6,Millions,3,
DATAFLOW,OECD.IEA:RDDPUBLIC(1.0),Public energy technology RD&D budgets,I,NEWZEALAND,New Zealand,A,Annual,PUBLIC,Total public,TOTAL,Total,RDD,"Research, development and demonstration",USD_R,USD (constant prices and exchange rates),2023,,5.557,,I,Imputed Value,F,Non-confidential,6,Millions,3,
DATAFLOW,OECD.IEA:RDDPUBLIC(1.0),Public energy technology RD&D budgets,I,ESTONIA,Estonia,A,Annual,PUBLIC,Total public,FOSSILFUEL,Group 2: Fossil fuels,RDD,"Research, development and demonstration",USD_R,USD (constant prices and exchange rates),2011,,4.072,,I,Imputed Value,F,Non-confidential,6,Millions,3,
DATAFLOW,OECD.IEA:RDDPUBLIC(1.0),Public energy technology RD&D budgets,I,ESTONIA,Estonia,A,Annual,PUBLIC,Total public,FOSSILFUEL,Group 2: Fossil fuels,RDD,"Research, development and demonstration",USD_R,USD (constant prices and exchange rates),2012,,0.759,,I,Imputed Value,F,Non-confidential,6,Millions,3,
DATAFLOW,OECD.IEA:RDDPUBLIC(1.0),Public energy technology RD&D budgets,I,ESTONIA,Estonia,A,Annual,PUBLIC,Total public,FOSSILFUEL,Group 2: Fossil fuels,RDD,"Research, development and demonstration",USD_R,USD (constant prices and exchange rates),2013,,1.342,,I,Imputed Value,F,Non-confidential,6,Millions,3,
DATAFLOW,OECD.IEA:RDDPUBLIC(1.0),Public energy technology RD&D budgets,I,ESTONIA,Estonia,A,Annual,PUBLIC,Total public,FOSSILFUEL,Group 2: Fossil fuels,RDD,"Research, development and demonstration",USD_R,USD (constant prices and exchange rates),2014,,1.165,,I,Imputed Value,F,Non-confidential,6,Millions,3,
DATAFLOW,OECD.IEA:RDDPUBLIC(1.0),Public energy technology RD&D budgets,I,ESTONIA,Estonia,A,Annual,PUBLIC,Total public,FOSSILFUEL,Group 2: Fossil fuels,RDD,"Research, development and demonstration",USD_R,USD (constant prices and exchange rates),2015,,0.365,,I,Imputed Value,F,Non-confidential,6,Millions,3,
DATAFLOW,OECD.IEA:RDDPUBLIC(1.0),Public energy technology RD&D budgets,I,ESTONIA,Estonia,A,Annual,PUBLIC,Total public,FOSSILFUEL,Group 2: Fossil fuels,RDD,"Research, development and demonstration",USD_R,USD (constant prices and exchange rates),2016,,0.158,,I,Imputed Value,F,Non-confidential,6,Millions,3,
DATAFLOW,OECD.IEA:RDDPUBLIC(1.0),Public energy technology RD&D budgets,I,ESTONIA,Estonia,A,Annual,PUBLIC,Total public,FOSSILFUEL,Group 2: Fossil fuels,RDD,"Research, development and demonstration",USD_R,USD (constant prices and exchange rates),2017,,0.04,,I,Imputed Value,F,Non-confidential,6,Millions,3,
DATAFLOW,OECD.IEA:RDDPUBLIC(1.0),Public energy technology RD&D budgets,I,ESTONIA,Estonia,A,Annual,PUBLIC,Total public,FOSSILFUEL,Group 2: Fossil fuels,RDD,"Research, development and demonstration",USD_R,USD (constant prices and exchange rates),2018,,0.076,,I,Imputed Value,F,Non-confidential,6,Millions,3,
DATAFLOW,OECD.IEA:RDDPUBLIC(1.0),Public energy technology RD&D budgets,I,ESTONIA,Estonia,A,Annual,PUBLIC,Total public,FOSSILFUEL,Group 2: Fossil fuels,RDD,"Research, development and demonstration",USD_R,USD (constant prices and exchange rates),2019,,1.561,,I,Imputed Value,F,Non-confidential,6,Millions,3,
DATAFLOW,OECD.IEA:RDDPUBLIC(1.0),Public energy technology RD&D budgets,I,ESTONIA,Estonia,A,Annual,PUBLIC,Total public,FOSSILFUEL,Group 2: Fossil fuels,RDD,"Research, development and demonstration",USD_R,USD (constant prices and exchange rates),2020,,1.905,,I,Imputed Value,F,Non-confidential,6,Millions,3,
DATAFLOW,OECD.IEA:RDDPUBLIC(1.0),Public energy technology RD&D budgets,I,ESTONIA,Estonia,A,Annual,PUBLIC,Total public,FOSSILFUEL,Group 2: Fossil fuels,RDD,"Research, development and demonstration",USD_R,USD (constant prices and exchange rates),2021,,0.779,,I,Imputed Value,F,Non-confidential,6,Millions,3,
DATAFLOW,OECD.IEA:RDDPUBLIC(1.0),Public energy technology RD&D budgets,I,ESTONIA,Estonia,A,Annual,PUBLIC,Total public,FOSSILFUEL,Group 2: Fossil fuels,RDD,"Research, development and demonstration",USD_R,USD (constant prices and exchange rates),2022,,1.07,,I,Imputed Value,F,Non-confidential,6,Millions,3,
DATAFLOW,OECD.IEA:RDDPUBLIC(1.0),Public energy technology RD&D budgets,I,ESTONIA,Estonia,A,Annual,PUBLIC,Total public,FOSSILFUEL,Group 2: Fossil fuels,RDD,"Research, development and demonstration",USD_R,USD (constant prices and exchange rates),2023,,0.023,,I,Imputed Value,F,Non-confidential,6,Millions,3,
DATAFLOW,OECD.IEA:RDDPUBLIC(1.0),Public energy technology RD&D budgets,I,ESTONIA,Estonia,A,Annual,PUBLIC,Total public,FOSSILFUEL,Group 2: Fossil fuels,RDD,"Research, development and demonstration",USD_R,USD (constant prices and exchange rates),2024,,0,,P,Provisional Value,F,Non-confidential,6,Millions,3,
DATAFLOW,OECD.IEA:RDDPUBLIC(1.0),Public energy technology RD&D budgets,I,TURKIYE,Republic of Türkiye,A,Annual,PUBLIC,Total public,RENEWABLE,Group 3: Renewable energy sources,RDD,"Research, development and demonstration",USD_R,USD (constant prices and exchange rates),2000,,1.867,,I,Imputed Value,F,Non-confidential,6,Millions,3,
DATAFLOW,OECD.IEA:RDDPUBLIC(1.0),Public energy technology RD&D budgets,I,TURKIYE,Republic of Türkiye,A,Annual,PUBLIC,Total public,RENEWABLE,Group 3: Renewable energy sources,RDD,"Research, development and demonstration",USD_R,USD (constant prices and exchange rates),2001,,0.738,,I,Imputed Value,F,Non-confidential,6,Millions,3,
DATAFLOW,OECD.IEA:RDDPUBLIC(1.0),Public energy technology RD&D budgets,I,TURKIYE,Republic of Türkiye,A,Annual,PUBLIC,Total public,RENEWABLE,Group 3: Renewable energy sources,RDD,"Research, development and demonstration",USD_R,USD (constant prices and exchange rates),2002,,1.543,,I,Imputed Value,F,Non-confidential,6,Millions,3,
DATAFLOW,OECD.IEA:RDDPUBLIC(1.0),Public energy technology RD&D budgets,I,TURKIYE,Republic of Türkiye,A,Annual,PUBLIC,Total public,RENEWABLE,Group 3: Renewable energy sources,RDD,"Research, development and demonstration",USD_R,USD (constant prices and exchange rates),2003,,0.927,,I,Imputed Value,F,Non-confidential,6,Millions,3,
DATAFLOW,OECD.IEA:RDDPUBLIC(1.0),Public energy technology RD&D budgets,I,TURKIYE,Republic of Türkiye,A,Annual,PUBLIC,Total public,RENEWABLE,Group 3: Renewable energy sources,RDD,"Research, development and demonstration",USD_R,USD (constant prices and exchange rates),2004,,0.576,,I,Imputed Value,F,Non-confidential,6,Millions,3,
DATAFLOW,OECD.IEA:RDDPUBLIC(1.0),Public energy technology RD&D budgets,I,TURKIYE,Republic of Türkiye,A,Annual,PUBLIC,Total public,RENEWABLE,Group 3: Renewable energy sources,RDD,"Research, development and demonstration",USD_R,USD (constant prices and exchange rates),2005,,1.172,,I,Imputed Value,F,Non-confidential,6,Millions,3,
DATAFLOW,OECD.IEA:RDDPUBLIC(1.0),Public energy technology RD&D budgets,I,TURKIYE,Republic of Türkiye,A,Annual,PUBLIC,Total public,RENEWABLE,Group 3: Renewable energy sources,RDD,"Research, development and demonstration",USD_R,USD (constant prices and exchange rates),2006,,1.587,,I,Imputed Value,F,Non-confidential,6,Millions,3,
DATAFLOW,OECD.IEA:RDDPUBLIC(1.0),Public energy technology RD&D budgets,I,TURKIYE,Republic of Türkiye,A,Annual,PUBLIC,Total public,RENEWABLE,Group 3: Renewable energy sources,RDD,"Research, development and demonstration",USD_R,USD (constant prices and exchange rates),2007,,1.148,,I,Imputed Value,F,Non-confidential,6,Millions,3,
DATAFLOW,OECD.IEA:RDDPUBLIC(1.0),Public energy technology RD&D budgets,I,TURKIYE,Republic of Türkiye,A,Annual,PUBLIC,Total public,RENEWABLE,Group 3: Renewable energy sources,RDD,"Research, development and demonstration",USD_R,USD (constant prices and exchange rates),2008,,1.479,,I,Imputed Value,F,Non-confidential,6,Millions,3,
DATAFLOW,OECD.IEA:RDDPUBLIC(1.0),Public energy technology RD&D budgets,I,TURKIYE,Republic of Türkiye,A,Annual,PUBLIC,Total public,RENEWABLE,Group 3: Renewable energy sources,RDD,"Research, development and demonstration",USD_R,USD (constant prices and exchange rates),2009,,2.014,,I,Imputed Value,F,Non-confidential,6,Millions,3,
DATAFLOW,OECD.IEA:RDDPUBLIC(1.0),Public energy technology RD&D budgets,I,TURKIYE,Republic of Türkiye,A,Annual,PUBLIC,Total public,RENEWABLE,Group 3: Renewable energy sources,RDD,"Research, development and demonstration",USD_R,USD (constant prices and exchange rates),2014,,15.467,,I,Imputed Value,F,Non-confidential,6,Millions,3,
DATAFLOW,OECD.IEA:RDDPUBLIC(1.0),Public energy technology RD&D budgets,I,TURKIYE,Republic of Türkiye,A,Annual,PUBLIC,Total public,RENEWABLE,Group 3: Renewable energy sources,RDD,"Research, development and demonstration",USD_R,USD (constant prices and exchange rates),2015,,11.603,,I,Imputed Value,F,Non-confidential,6,Millions,3,
DATAFLOW,OECD.IEA:RDDPUBLIC(1.0),Public energy technology RD&D budgets,I,TURKIYE,Republic of Türkiye,A,Annual,PUBLIC,Total public,RENEWABLE,Group 3: Renewable energy sources,RDD,"Research, development and demonstration",USD_R,USD (constant prices and exchange rates),2016,,30.583,,I,Imputed Value,F,Non-confidential,6,Millions,3,
DATAFLOW,OECD.IEA:RDDPUBLIC(1.0),Public energy technology RD&D budgets,I,TURKIYE,Republic of Türkiye,A,Annual,PUBLIC,Total public,RENEWABLE,Group 3: Renewable energy sources,RDD,"Research, development and demonstration",USD_R,USD (constant prices and exchange rates),2017,,25.67,,I,Imputed Value,F,Non-confidential,6,Millions,3,
DATAFLOW,OECD.IEA:RDDPUBLIC(1.0),Public energy technology RD&D budgets,I,TURKIYE,Republic of Türkiye,A,Annual,PUBLIC,Total public,RENEWABLE,Group 3: Renewable energy sources,RDD,"Research, development and demonstration",USD_R,USD (constant prices and exchange rates),2018,,31.482,,I,Imputed Value,F,Non-confidential,6,Millions,3,
DATAFLOW,OECD.IEA:RDDPUBLIC(1.0),Public energy technology RD&D budgets,I,TURKIYE,Republic of Türkiye,A,Annual,PUBLIC,Total public,RENEWABLE,Group 3: Renewable energy sources,RDD,"Research, development and demonstration",USD_R,USD (constant prices and exchange rates),2019,,15.934,,I,Imputed Value,F,Non-confidential,6,Millions,3,
DATAFLOW,OECD.IEA:RDDPUBLIC(1.0),Public energy technology RD&D budgets,I,TURKIYE,Republic of Türkiye,A,Annual,PUBLIC,Total public,RENEWABLE,Group 3: Renewable energy sources,RDD,"Research, development and demonstration",USD_R,USD (constant prices and exchange rates),2020,,12.695,,I,Imputed Value,F,Non-confidential,6,Millions,3,
DATAFLOW,OECD.IEA:RDDPUBLIC(1.0),Public energy technology RD&D budgets,I,TURKIYE,Republic of Türkiye,A,Annual,PUBLIC,Total public,RENEWABLE,Group 3: Renewable energy sources,RDD,"Research, development and demonstration",USD_R,USD (constant prices and exchange rates),2021,,16.773,,I,Imputed Value,F,Non-confidential,6,Millions,3,
DATAFLOW,OECD.IEA:RDDPUBLIC(1.0),Public energy technology RD&D budgets,I,TURKIYE,Republic of Türkiye,A,Annual,PUBLIC,Total public,RENEWABLE,Group 3: Renewable energy sources,RDD,"Research, development and demonstration",USD_R,USD (constant prices and exchange rates),2022,,6.469,,I,Imputed Value,F,Non-confidential,6,Millions,3,
DATAFLOW,OECD.IEA:RDDPUBLIC(1.0),Public energy technology RD&D budgets,I,TURKIYE,Republic of Türkiye,A,Annual,PUBLIC,Total public,RENEWABLE,Group 3: Renewable energy sources,RDD,"Research, development and demonstration",USD_R,USD (constant prices and exchange rates),2023,,8.826,,I,Imputed Value,F,Non-confidential,6,Millions,3,
DATAFLOW,OECD.IEA:RDDPUBLIC(1.0),Public energy technology RD&D budgets,I,TURKIYE,Republic of Türkiye,A,Annual,PUBLIC,Total public,RENEWABLE,Group 3: Renewable energy sources,RDD,"Research, development and demonstration",USD_R,USD (constant prices and exchange rates),2024,,12.486,,P,Provisional Value,F,Non-confidential,6,Millions,3,
DATAFLOW,OECD.IEA:RDDPUBLIC(1.0),Public energy technology RD&D budgets,I,NORWAY,Norway,A,Annual,PUBLIC,Total public,FOSSILFUEL,Group 2: Fossil fuels,RDD,"Research, development and demonstration",USD_R,USD (constant prices and exchange rates),2000,,43.988,,I,Imputed Value,F,Non-confidential,6,Millions,3,
DATAFLOW,OECD.IEA:RDDPUBLIC(1.0),Public energy technology RD&D budgets,I,NORWAY,Norway,A,Annual,PUBLIC,Total public,FOSSILFUEL,Group 2: Fossil fuels,RDD,"Research, development and demonstration",USD_R,USD (constant prices and exchange rates),2001,,40.782,,I,Imputed Value,F,Non-confidential,6,Millions,3,
DATAFLOW,OECD.IEA:RDDPUBLIC(1.0),Public energy technology RD&D budgets,I,NORWAY,Norway,A,Annual,PUBLIC,Total public,FOSSILFUEL,Group 2: Fossil fuels,RDD,"Research, development and demonstration",USD_R,USD (constant prices and exchange rates),2002,,32.695,,I,Imputed Value,F,Non-confidential,6,Millions,3,
DATAFLOW,OECD.IEA:RDDPUBLIC(1.0),Public energy technology RD&D budgets,I,NORWAY,Norway,A,Annual,PUBLIC,Total public,FOSSILFUEL,Group 2: Fossil fuels,RDD,"Research, development and demonstration",USD_R,USD (constant prices and exchange rates),2003,,39.214,,I,Imputed Value,F,Non-confidential,6,Millions,3,
DATAFLOW,OECD.IEA:RDDPUBLIC(1.0),Public energy technology RD&D budgets,I,NORWAY,Norway,A,Annual,PUBLIC,Total public,FOSSILFUEL,Group 2: Fossil fuels,RDD,"Research, development and demonstration",USD_R,USD (constant prices and exchange rates),2004,,58,,I,Imputed Value,F,Non-confidential,6,Millions,3,
DATAFLOW,OECD.IEA:RDDPUBLIC(1.0),Public energy technology RD&D budgets,I,NORWAY,Norway,A,Annual,PUBLIC,Total public,FOSSILFUEL,Group 2: Fossil fuels,RDD,"Research, development and demonstration",USD_R,USD (constant prices and exchange rates),2005,,58.741,,I,Imputed Value,F,Non-confidential,6,Millions,3,
DATAFLOW,OECD.IEA:RDDPUBLIC(1.0),Public energy technology RD&D budgets,I,NORWAY,Norway,A,Annual,PUBLIC,Total public,FOSSILFUEL,Group 2: Fossil fuels,RDD,"Research, development and demonstration",USD_R,USD (constant prices and exchange rates),2006,,74.385,,I,Imputed Value,F,Non-confidential,6,Millions,3,
DATAFLOW,OECD.IEA:RDDPUBLIC(1.0),Public energy technology RD&D budgets,I,NORWAY,Norway,A,Annual,PUBLIC,Total public,FOSSILFUEL,Group 2: Fossil fuels,RDD,"Research, development and demonstration",USD_R,USD (constant prices and exchange rates),2007,,80.345,,I,Imputed Value,F,Non-confidential,6,Millions,3,
DATAFLOW,OECD.IEA:RDDPUBLIC(1.0),Public energy technology RD&D budgets,I,NORWAY,Norway,A,Annual,PUBLIC,Total public,FOSSILFUEL,Group 2: Fossil fuels,RDD,"Research, development and demonstration",USD_R,USD (constant prices and exchange rates),2008,,72.567,,I,Imputed Value,F,Non-confidential,6,Millions,3,
DATAFLOW,OECD.IEA:RDDPUBLIC(1.0),Public energy technology RD&D budgets,I,NORWAY,Norway,A,Annual,PUBLIC,Total public,FOSSILFUEL,Group 2: Fossil fuels,RDD,"Research, development and demonstration",USD_R,USD (constant prices and exchange rates),2009,,225.174,,I,Imputed Value,F,Non-confidential,6,Millions,3,
DATAFLOW,OECD.IEA:RDDPUBLIC(1.0),Public energy technology RD&D budgets,I,NORWAY,Norway,A,Annual,PUBLIC,Total public,FOSSILFUEL,Group 2: Fossil fuels,RDD,"Research, development and demonstration",USD_R,USD (constant prices and exchange rates),2010,,338.147,,I,Imputed Value,F,Non-confidential,6,Millions,3,
DATAFLOW,OECD.IEA:RDDPUBLIC(1.0),Public energy technology RD&D budgets,I,NORWAY,Norway,A,Annual,PUBLIC,Total public,FOSSILFUEL,Group 2: Fossil fuels,RDD,"Research, development and demonstration",USD_R,USD (constant prices and exchange rates),2011,,290.389,,I,Imputed Value,F,Non-confidential,6,Millions,3,
DATAFLOW,OECD.IEA:RDDPUBLIC(1.0),Public energy technology RD&D budgets,I,NORWAY,Norway,A,Annual,PUBLIC,Total public,FOSSILFUEL,Group 2: Fossil fuels,RDD,"Research, development and demonstration",USD_R,USD (constant prices and exchange rates),2012,,240.105,,I,Imputed Value,F,Non-confidential,6,Millions,3,
DATAFLOW,OECD.IEA:RDDPUBLIC(1.0),Public energy technology RD&D budgets,I,NORWAY,Norway,A,Annual,PUBLIC,Total public,FOSSILFUEL,Group 2: Fossil fuels,RDD,"Research, development and demonstration",USD_R,USD (constant prices and exchange rates),2013,,155.33,,I,Imputed Value,F,Non-confidential,6,Millions,3,
DATAFLOW,OECD.IEA:RDDPUBLIC(1.0),Public energy technology RD&D budgets,I,NORWAY,Norway,A,Annual,PUBLIC,Total public,FOSSILFUEL,Group 2: Fossil fuels,RDD,"Research, development and demonstration",USD_R,USD (constant prices and exchange rates),2014,,140.066,,I,Imputed Value,F,Non-confidential,6,Millions,3,
DATAFLOW,OECD.IEA:RDDPUBLIC(1.0),Public energy technology RD&D budgets,I,NORWAY,Norway,A,Annual,PUBLIC,Total public,FOSSILFUEL,Group 2: Fossil fuels,RDD,"Research, development and demonstration",USD_R,USD (constant prices and exchange rates),2015,,139.798,,I,Imputed Value,F,Non-confidential,6,Millions,3,
DATAFLOW,OECD.IEA:RDDPUBLIC(1.0),Public energy technology RD&D budgets,I,NORWAY,Norway,A,Annual,PUBLIC,Total public,FOSSILFUEL,Group 2: Fossil fuels,RDD,"Research, development and demonstration",USD_R,USD (constant prices and exchange rates),2016,,179.01,,I,Imputed Value,F,Non-confidential,6,Millions,3,
DATAFLOW,OECD.IEA:RDDPUBLIC(1.0),Public energy technology RD&D budgets,I,NORWAY,Norway,A,Annual,PUBLIC,Total public,FOSSILFUEL,Group 2: Fossil fuels,RDD,"Research, development and demonstration",USD_R,USD (constant prices and exchange rates),2017,,145.626,,I,Imputed Value,F,Non-confidential,6,Millions,3,
DATAFLOW,OECD.IEA:RDDPUBLIC(1.0),Public energy technology RD&D budgets,I,NORWAY,Norway,A,Annual,PUBLIC,Total public,FOSSILFUEL,Group 2: Fossil fuels,RDD,"Research, development and demonstration",USD_R,USD (constant prices and exchange rates),2018,,130.718,,I,Imputed Value,F,Non-confidential,6,Millions,3,
DATAFLOW,OECD.IEA:RDDPUBLIC(1.0),Public energy technology RD&D budgets,I,NORWAY,Norway,A,Annual,PUBLIC,Total public,FOSSILFUEL,Group 2: Fossil fuels,RDD,"Research, development and demonstration",USD_R,USD (constant prices and exchange rates),2019,,123.163,,I,Imputed Value,F,Non-confidential,6,Millions,3,
DATAFLOW,OECD.IEA:RDDPUBLIC(1.0),Public energy technology RD&D budgets,I,NORWAY,Norway,A,Annual,PUBLIC,Total public,FOSSILFUEL,Group 2: Fossil fuels,RDD,"Research, development and demonstration",USD_R,USD (constant prices and exchange rates),2020,,129.74,,I,Imputed Value,F,Non-confidential,6,Millions,3,
DATAFLOW,OECD.IEA:RDDPUBLIC(1.0),Public energy technology RD&D budgets,I,NORWAY,Norway,A,Annual,PUBLIC,Total public,FOSSILFUEL,Group 2: Fossil fuels,RDD,"Research, development and demonstration",USD_R,USD (constant prices and exchange rates),2021,,110.815,,I,Imputed Value,F,Non-confidential,6,Millions,3,
DATAFLOW,OECD.IEA:RDDPUBLIC(1.0),Public energy technology RD&D budgets,I,NORWAY,Norway,A,Annual,PUBLIC,Total public,FOSSILFUEL,Group 2: Fossil fuels,RDD,"Research, development and demonstration",USD_R,USD (constant prices and exchange rates),2022,,89.051,,I,Imputed Value,F,Non-confidential,6,Millions,3,
DATAFLOW,OECD.IEA:RDDPUBLIC(1.0),Public energy technology RD&D budgets,I,NORWAY,Norway,A,Annual,PUBLIC,Total public,FOSSILFUEL,Group 2: Fossil fuels,RDD,"Research, development and demonstration",USD_R,USD (constant prices and exchange rates),2023,,103.678,,I,Imputed Value,F,Non-confidential,6,Millions,3,
DATAFLOW,OECD.IEA:RDDPUBLIC(1.0),Public energy technology RD&D budgets,I,NORWAY,Norway,A,Annual,PUBLIC,Total public,FOSSILFUEL,Group 2: Fossil fuels,RDD,"Research, development and demonstration",USD_R,USD (constant prices and exchange rates),2024,,108.296,,P,Provisional Value,F,Non-confidential,6,Millions,3,
DATAFLOW,OECD.IEA:RDDPUBLIC(1.0),Public energy technology RD&D budgets,I,GREECE,Greece,A,Annual,PUBLIC,Total public,RENEWABLE,Group 3: Renewable energy sources,RDD,"Research, development and demonstration",USD_R,USD (constant prices and exchange rates),2000,,2.845,,I,Imputed Value,F,Non-confidential,6,Millions,3,
DATAFLOW,OECD.IEA:RDDPUBLIC(1.0),Public energy technology RD&D budgets,I,GREECE,Greece,A,Annual,PUBLIC,Total public,RENEWABLE,Group 3: Renewable energy sources,RDD,"Research, development and demonstration",USD_R,USD (constant prices and exchange rates),2001,,4.232,,I,Imputed Value,F,Non-confidential,6,Millions,3,
DATAFLOW,OECD.IEA:RDDPUBLIC(1.0),Public energy technology RD&D budgets,I,GREECE,Greece,A,Annual,PUBLIC,Total public,RENEWABLE,Group 3: Renewable energy sources,RDD,"Research, development and demonstration",USD_R,USD (constant prices and exchange rates),2002,,5.004,,I,Imputed Value,F,Non-confidential,6,Millions,3,
DATAFLOW,OECD.IEA:RDDPUBLIC(1.0),Public energy technology RD&D budgets,I,GREECE,Greece,A,Annual,PUBLIC,Total public,RENEWABLE,Group 3: Renewable energy sources,RDD,"Research, development and demonstration",USD_R,USD (constant prices and exchange rates),2005,,8.176,,I,Imputed Value,F,Non-confidential,6,Millions,3,
DATAFLOW,OECD.IEA:RDDPUBLIC(1.0),Public energy technology RD&D budgets,I,GREECE,Greece,A,Annual,PUBLIC,Total public,RENEWABLE,Group 3: Renewable energy sources,RDD,"Research, development and demonstration",USD_R,USD (constant prices and exchange rates),2006,,9.278,,I,Imputed Value,F,Non-confidential,6,Millions,3,
DATAFLOW,OECD.IEA:RDDPUBLIC(1.0),Public energy technology RD&D budgets,I,GREECE,Greece,A,Annual,PUBLIC,Total public,RENEWABLE,Group 3: Renewable energy sources,RDD,"Research, development and demonstration",USD_R,USD (constant prices and exchange rates),2010,,2.981,,I,Imputed Value,F,Non-confidential,6,Millions,3,
DATAFLOW,OECD.IEA:RDDPUBLIC(1.0),Public energy technology RD&D budgets,I,GREECE,Greece,A,Annual,PUBLIC,Total public,RENEWABLE,Group 3: Renewable energy sources,RDD,"Research, development and demonstration",USD_R,USD (constant prices and exchange rates),2011,,2.596,,I,Imputed Value,F,Non-confidential,6,Millions,3,
DATAFLOW,OECD.IEA:RDDPUBLIC(1.0),Public energy technology RD&D budgets,I,KOREA,Korea,A,Annual,PUBLIC,Total public,FOSSILFUEL,Group 2: Fossil fuels,RDD,"Research, development and demonstration",USD_R,USD (constant prices and exchange rates),2002,,15.82,,I,Imputed Value,F,Non-confidential,6,Millions,3,
DATAFLOW,OECD.IEA:RDDPUBLIC(1.0),Public energy technology RD&D budgets,I,KOREA,Korea,A,Annual,PUBLIC,Total public,FOSSILFUEL,Group 2: Fossil fuels,RDD,"Research, development and demonstration",USD_R,USD (constant prices and exchange rates),2003,,16.394,,I,Imputed Value,F,Non-confidential,6,Millions,3,
DATAFLOW,OECD.IEA:RDDPUBLIC(1.0),Public energy technology RD&D budgets,I,KOREA,Korea,A,Annual,PUBLIC,Total public,FOSSILFUEL,Group 2: Fossil fuels,RDD,"Research, development and demonstration",USD_R,USD (constant prices and exchange rates),2004,,9.088,,I,Imputed Value,F,Non-confidential,6,Millions,3,
DATAFLOW,OECD.IEA:RDDPUBLIC(1.0),Public energy technology RD&D budgets,I,KOREA,Korea,A,Annual,PUBLIC,Total public,FOSSILFUEL,Group 2: Fossil fuels,RDD,"Research, development and demonstration",USD_R,USD (constant prices and exchange rates),2005,,8.275,,I,Imputed Value,F,Non-confidential,6,Millions,3,
DATAFLOW,OECD.IEA:RDDPUBLIC(1.0),Public energy technology RD&D budgets,I,KOREA,Korea,A,Annual,PUBLIC,Total public,FOSSILFUEL,Group 2: Fossil fuels,RDD,"Research, development and demonstration",USD_R,USD (constant prices and exchange rates),2006,,10.749,,I,Imputed Value,F,Non-confidential,6,Millions,3,
DATAFLOW,OECD.IEA:RDDPUBLIC(1.0),Public energy technology RD&D budgets,I,KOREA,Korea,A,Annual,PUBLIC,Total public,FOSSILFUEL,Group 2: Fossil fuels,RDD,"Research, development and demonstration",USD_R,USD (constant prices and exchange rates),2007,,68.522,,I,Imputed Value,F,Non-confidential,6,Millions,3,
DATAFLOW,OECD.IEA:RDDPUBLIC(1.0),Public energy technology RD&D budgets,I,KOREA,Korea,A,Annual,PUBLIC,Total public,FOSSILFUEL,Group 2: Fossil fuels,RDD,"Research, development and demonstration",USD_R,USD (constant prices and exchange rates),2008,,56.749,,I,Imputed Value,F,Non-confidential,6,Millions,3,
DATAFLOW,OECD.IEA:RDDPUBLIC(1.0),Public energy technology RD&D budgets,I,KOREA,Korea,A,Annual,PUBLIC,Total public,FOSSILFUEL,Group 2: Fossil fuels,RDD,"Research, development and demonstration",USD_R,USD (constant prices and exchange rates),2009,,80.752,,I,Imputed Value,F,Non-confidential,6,Millions,3,
DATAFLOW,OECD.IEA:RDDPUBLIC(1.0),Public energy technology RD&D budgets,I,KOREA,Korea,A,Annual,PUBLIC,Total public,FOSSILFUEL,Group 2: Fossil fuels,RDD,"Research, development and demonstration",USD_R,USD (constant prices and exchange rates),2010,,80.208,,I,Imputed Value,F,Non-confidential,6,Millions,3,
DATAFLOW,OECD.IEA:RDDPUBLIC(1.0),Public energy technology RD&D budgets,I,KOREA,Korea,A,Annual,PUBLIC,Total public,FOSSILFUEL,Group 2: Fossil fuels,RDD,"Research, development and demonstration",USD_R,USD (constant prices and exchange rates),2011,,70.62,,I,Imputed Value,F,Non-confidential,6,Millions,3,
DATAFLOW,OECD.IEA:RDDPUBLIC(1.0),Public energy technology RD&D budgets,I,KOREA,Korea,A,Annual,PUBLIC,Total public,FOSSILFUEL,Group 2: Fossil fuels,RDD,"Research, development and demonstration",USD_R,USD (constant prices and exchange rates),2012,,93.17,,I,Imputed Value,F,Non-confidential,6,Millions,3,
DATAFLOW,OECD.IEA:RDDPUBLIC(1.0),Public energy technology RD&D budgets,I,KOREA,Korea,A,Annual,PUBLIC,Total public,FOSSILFUEL,Group 2: Fossil fuels,RDD,"Research, development and demonstration",USD_R,USD (constant prices and exchange rates),2013,,104.343,,I,Imputed Value,F,Non-confidential,6,Millions,3,
DATAFLOW,OECD.IEA:RDDPUBLIC(1.0),Public energy technology RD&D budgets,I,KOREA,Korea,A,Annual,PUBLIC,Total public,FOSSILFUEL,Group 2: Fossil fuels,RDD,"Research, development and demonstration",USD_R,USD (constant prices and exchange rates),2014,,91.779,,I,Imputed Value,F,Non-confidential,6,Millions,3,
DATAFLOW,OECD.IEA:RDDPUBLIC(1.0),Public energy technology RD&D budgets,I,KOREA,Korea,A,Annual,PUBLIC,Total public,FOSSILFUEL,Group 2: Fossil fuels,RDD,"Research, development and demonstration",USD_R,USD (constant prices and exchange rates),2015,,91.966,,I,Imputed Value,F,Non-confidential,6,Millions,3,
DATAFLOW,OECD.IEA:RDDPUBLIC(1.0),Public energy technology RD&D budgets,I,KOREA,Korea,A,Annual,PUBLIC,Total public,FOSSILFUEL,Group 2: Fossil fuels,RDD,"Research, development and demonstration",USD_R,USD (constant prices and exchange rates),2016,,54.299,,I,Imputed Value,F,Non-confidential,6,Millions,3,
DATAFLOW,OECD.IEA:RDDPUBLIC(1.0),Public energy technology RD&D budgets,I,KOREA,Korea,A,Annual,PUBLIC,Total public,FOSSILFUEL,Group 2: Fossil fuels,RDD,"Research, development and demonstration",USD_R,USD (constant prices and exchange rates),2017,,49.279,,I,Imputed Value,F,Non-confidential,6,Millions,3,
DATAFLOW,OECD.IEA:RDDPUBLIC(1.0),Public energy technology RD&D budgets,I,KOREA,Korea,A,Annual,PUBLIC,Total public,FOSSILFUEL,Group 2: Fossil fuels,RDD,"Research, development and demonstration",USD_R,USD (constant prices and exchange rates),2018,,42.19,,I,Imputed Value,F,Non-confidential,6,Millions,3,
DATAFLOW,OECD.IEA:RDDPUBLIC(1.0),Public energy technology RD&D budgets,I,KOREA,Korea,A,Annual,PUBLIC,Total public,FOSSILFUEL,Group 2: Fossil fuels,RDD,"Research, development and demonstration",USD_R,USD (constant prices and exchange rates),2019,,45.183,,I,Imputed Value,F,Non-confidential,6,Millions,3,
DATAFLOW,OECD.IEA:RDDPUBLIC(1.0),Public energy technology RD&D budgets,I,KOREA,Korea,A,Annual,PUBLIC,Total public,FOSSILFUEL,Group 2: Fossil fuels,RDD,"Research, development and demonstration",USD_R,USD (constant prices and exchange rates),2020,,63.024,,I,Imputed Value,F,Non-confidential,6,Millions,3,
DATAFLOW,OECD.IEA:RDDPUBLIC(1.0),Public energy technology RD&D budgets,I,KOREA,Korea,A,Annual,PUBLIC,Total public,FOSSILFUEL,Group 2: Fossil fuels,RDD,"Research, development and demonstration",USD_R,USD (constant prices and exchange rates),2021,,114.135,,I,Imputed Value,F,Non-confidential,6,Millions,3,
DATAFLOW,OECD.IEA:RDDPUBLIC(1.0),Public energy technology RD&D budgets,I,KOREA,Korea,A,Annual,PUBLIC,Total public,FOSSILFUEL,Group 2: Fossil fuels,RDD,"Research, development and demonstration",USD_R,USD (constant prices and exchange rates),2022,,106.669,,I,Imputed Value,F,Non-confidential,6,Millions,3,
DATAFLOW,OECD.IEA:RDDPUBLIC(1.0),Public energy technology RD&D budgets,I,KOREA,Korea,A,Annual,PUBLIC,Total public,FOSSILFUEL,Group 2: Fossil fuels,RDD,"Research, development and demonstration",USD_R,USD (constant prices and exchange rates),2023,,101.232,,I,Imputed Value,F,Non-confidential,6,Millions,3,
DATAFLOW,OECD.IEA:RDDPUBLIC(1.0),Public energy technology RD&D budgets,I,KOREA,Korea,A,Annual,PUBLIC,Total public,FOSSILFUEL,Group 2: Fossil fuels,RDD,"Research, development and demonstration",USD_R,USD (constant prices and exchange rates),2024,,60.437,,P,Provisional Value,F,Non-confidential,6,Millions,3,
DATAFLOW,OECD.IEA:RDDPUBLIC(1.0),Public energy technology RD&D budgets,I,USA,United States,A,Annual,PUBLIC,Total public,FOSSILFUEL,Group 2: Fossil fuels,RDD,"Research, development and demonstration",USD_R,USD (constant prices and exchange rates),2000,,357.788,,I,Imputed Value,F,Non-confidential,6,Millions,3,
DATAFLOW,OECD.IEA:RDDPUBLIC(1.0),Public energy technology RD&D budgets,I,USA,United States,A,Annual,PUBLIC,Total public,FOSSILFUEL,Group 2: Fossil fuels,RDD,"Research, development and demonstration",USD_R,USD (constant prices and exchange rates),2001,,595.067,,I,Imputed Value,F,Non-confidential,6,Millions,3,
DATAFLOW,OECD.IEA:RDDPUBLIC(1.0),Public energy technology RD&D budgets,I,USA,United States,A,Annual,PUBLIC,Total public,FOSSILFUEL,Group 2: Fossil fuels,RDD,"Research, development and demonstration",USD_R,USD (constant prices and exchange rates),2002,,704.923,,I,Imputed Value,F,Non-confidential,6,Millions,3,
DATAFLOW,OECD.IEA:RDDPUBLIC(1.0),Public energy technology RD&D budgets,I,USA,United States,A,Annual,PUBLIC,Total public,FOSSILFUEL,Group 2: Fossil fuels,RDD,"Research, development and demonstration",USD_R,USD (constant prices and exchange rates),2003,,677.4,,I,Imputed Value,F,Non-confidential,6,Millions,3,
DATAFLOW,OECD.IEA:RDDPUBLIC(1.0),Public energy technology RD&D budgets,I,USA,United States,A,Annual,PUBLIC,Total public,FOSSILFUEL,Group 2: Fossil fuels,RDD,"Research, development and demonstration",USD_R,USD (constant prices and exchange rates),2004,,683.72,,I,Imputed Value,F,Non-confidential,6,Millions,3,
DATAFLOW,OECD.IEA:RDDPUBLIC(1.0),Public energy technology RD&D budgets,I,USA,United States,A,Annual,PUBLIC,Total public,FOSSILFUEL,Group 2: Fossil fuels,RDD,"Research, development and demonstration",USD_R,USD (constant prices and exchange rates),2005,,618.56,,I,Imputed Value,F,Non-confidential,6,Millions,3,
DATAFLOW,OECD.IEA:RDDPUBLIC(1.0),Public energy technology RD&D budgets,I,USA,United States,A,Annual,PUBLIC,Total public,FOSSILFUEL,Group 2: Fossil fuels,RDD,"Research, development and demonstration",USD_R,USD (constant prices and exchange rates),2006,,616.273,,I,Imputed Value,F,Non-confidential,6,Millions,3,
DATAFLOW,OECD.IEA:RDDPUBLIC(1.0),Public energy technology RD&D budgets,I,USA,United States,A,Annual,PUBLIC,Total public,FOSSILFUEL,Group 2: Fossil fuels,RDD,"Research, development and demonstration",USD_R,USD (constant prices and exchange rates),2007,,656.814,,I,Imputed Value,F,Non-confidential,6,Millions,3,
DATAFLOW,OECD.IEA:RDDPUBLIC(1.0),Public energy technology RD&D budgets,I,USA,United States,A,Annual,PUBLIC,Total public,FOSSILFUEL,Group 2: Fossil fuels,RDD,"Research, development and demonstration",USD_R,USD (constant prices and exchange rates),2008,,806.034,,I,Imputed Value,F,Non-confidential,6,Millions,3,
DATAFLOW,OECD.IEA:RDDPUBLIC(1.0),Public energy technology RD&D budgets,I,USA,United States,A,Annual,PUBLIC,Total public,FOSSILFUEL,Group 2: Fossil fuels,RDD,"Research, development and demonstration",USD_R,USD (constant prices and exchange rates),2009,,4754.669,,I,Imputed Value,F,Non-confidential,6,Millions,3,
DATAFLOW,OECD.IEA:RDDPUBLIC(1.0),Public energy technology RD&D budgets,I,USA,United States,A,Annual,PUBLIC,Total public,FOSSILFUEL,Group 2: Fossil fuels,RDD,"Research, development and demonstration",USD_R,USD (constant prices and exchange rates),2010,,643.694,,I,Imputed Value,F,Non-confidential,6,Millions,3,
DATAFLOW,OECD.IEA:RDDPUBLIC(1.0),Public energy technology RD&D budgets,I,USA,United States,A,Annual,PUBLIC,Total public,FOSSILFUEL,Group 2: Fossil fuels,RDD,"Research, development and demonstration",USD_R,USD (constant prices and exchange rates),2011,,692.352,,I,Imputed Value,F,Non-confidential,6,Millions,3,
DATAFLOW,OECD.IEA:RDDPUBLIC(1.0),Public energy technology RD&D budgets,I,USA,United States,A,Annual,PUBLIC,Total public,FOSSILFUEL,Group 2: Fossil fuels,RDD,"Research, development and demonstration",USD_R,USD (constant prices and exchange rates),2012,,422.54,,I,Imputed Value,F,Non-confidential,6,Millions,3,
DATAFLOW,OECD.IEA:RDDPUBLIC(1.0),Public energy technology RD&D budgets,I,USA,United States,A,Annual,PUBLIC,Total public,FOSSILFUEL,Group 2: Fossil fuels,RDD,"Research, development and demonstration",USD_R,USD (constant prices and exchange rates),2013,,457.167,,I,Imputed Value,F,Non-confidential,6,Millions,3,
DATAFLOW,OECD.IEA:RDDPUBLIC(1.0),Public energy technology RD&D budgets,I,USA,United States,A,Annual,PUBLIC,Total public,FOSSILFUEL,Group 2: Fossil fuels,RDD,"Research, development and demonstration",USD_R,USD (constant prices and exchange rates),2014,,550.935,,I,Imputed Value,F,Non-confidential,6,Millions,3,
DATAFLOW,OECD.IEA:RDDPUBLIC(1.0),Public energy technology RD&D budgets,I,USA,United States,A,Annual,PUBLIC,Total public,FOSSILFUEL,Group 2: Fossil fuels,RDD,"Research, development and demonstration",USD_R,USD (constant prices and exchange rates),2015,,535.134,,I,Imputed Value,F,Non-confidential,6,Millions,3,
DATAFLOW,OECD.IEA:RDDPUBLIC(1.0),Public energy technology RD&D budgets,I,EU_COMMISSION,European Union Funding,A,Annual,PUBLIC,Total public,TOTAL,Total,RDD,"Research, development and demonstration",USD_R,USD (constant prices and exchange rates),2014,,1585.397,,I,Imputed Value,F,Non-confidential,6,Millions,3,
DATAFLOW,OECD.IEA:RDDPUBLIC(1.0),Public energy technology RD&D budgets,I,EU_COMMISSION,European Union Funding,A,Annual,PUBLIC,Total public,TOTAL,Total,RDD,"Research, development and demonstration",USD_R,USD (constant prices and exchange rates),2015,,1819.567,,I,Imputed Value,F,Non-confidential,6,Millions,3,
DATAFLOW,OECD.IEA:RDDPUBLIC(1.0),Public energy technology RD&D budgets,I,EU_COMMISSION,European Union Funding,A,Annual,PUBLIC,Total public,TOTAL,Total,RDD,"Research, development and demonstration",USD_R,USD (constant prices and exchange rates),2016,,1788.774,,I,Imputed Value,F,Non-confidential,6,Millions,3,
DATAFLOW,OECD.IEA:RDDPUBLIC(1.0),Public energy technology RD&D budgets,I,EU_COMMISSION,European Union Funding,A,Annual,PUBLIC,Total public,TOTAL,Total,RDD,"Research, development and demonstration",USD_R,USD (constant prices and exchange rates),2017,,2038.436,,I,Imputed Value,F,Non-confidential,6,Millions,3,
DATAFLOW,OECD.IEA:RDDPUBLIC(1.0),Public energy technology RD&D budgets,I,EU_COMMISSION,European Union Funding,A,Annual,PUBLIC,Total public,TOTAL,Total,RDD,"Research, development and demonstration",USD_R,USD (constant prices and exchange rates),2018,,1949.284,,I,Imputed Value,F,Non-confidential,6,Millions,3,
DATAFLOW,OECD.IEA:RDDPUBLIC(1.0),Public energy technology RD&D budgets,I,EU_COMMISSION,European Union Funding,A,Annual,PUBLIC,Total public,TOTAL,Total,RDD,"Research, development and demonstration",USD_R,USD (constant prices and exchange rates),2019,,2055.529,,I,Imputed Value,F,Non-confidential,6,Millions,3,
DATAFLOW,OECD.IEA:RDDPUBLIC(1.0),Public energy technology RD&D budgets,I,EU_COMMISSION,European Union Funding,A,Annual,PUBLIC,Total public,TOTAL,Total,RDD,"Research, development and demonstration",USD_R,USD (constant prices and exchange rates),2020,,4842.829,,I,Imputed Value,F,Non-confidential,6,Millions,3,
DATAFLOW,OECD.IEA:RDDPUBLIC(1.0),Public energy technology RD&D budgets,I,EU_COMMISSION,European Union Funding,A,Annual,PUBLIC,Total public,TOTAL,Total,RDD,"Research, development and demonstration",USD_R,USD (constant prices and exchange rates),2021,,5443.14,,I,Imputed Value,F,Non-confidential,6,Millions,3,
DATAFLOW,OECD.IEA:RDDPUBLIC(1.0),Public energy technology RD&D budgets,I,EU_COMMISSION,European Union Funding,A,Annual,PUBLIC,Total public,TOTAL,Total,RDD,"Research, development and demonstration",USD_R,USD (constant prices and exchange rates),2022,,7560.666,,I,Imputed Value,F,Non-confidential,6,Millions,3,
DATAFLOW,OECD.IEA:RDDPUBLIC(1.0),Public energy technology RD&D budgets,I,EU_COMMISSION,European Union Funding,A,Annual,PUBLIC,Total public,TOTAL,Total,RDD,"Research, development and demonstration",USD_R,USD (constant prices and exchange rates),2023,,9196.859,,I,Imputed Value,F,Non-confidential,6,Millions,3,
DATAFLOW,OECD.IEA:RDDPUBLIC(1.0),Public energy technology RD&D budgets,I,EU_COMMISSION,European Union Funding,A,Annual,PUBLIC,Total public,TOTAL,Total,RDD,"Research, development and demonstration",USD_R,USD (constant prices and exchange rates),2024,,5294.205,,P,Provisional Value,F,Non-confidential,6,Millions,3,
DATAFLOW,OECD.IEA:RDDPUBLIC(1.0),Public energy technology RD&D budgets,I,SWEDEN,Sweden,A,Annual,PUBLIC,Total public,RENEWABLE,Group 3: Renewable energy sources,RDD,"Research, development and demonstration",USD_R,USD (constant prices and exchange rates),2000,,35.099,,I,Imputed Value,F,Non-confidential,6,Millions,3,
DATAFLOW,OECD.IEA:RDDPUBLIC(1.0),Public energy technology RD&D budgets,I,SWEDEN,Sweden,A,Annual,PUBLIC,Total public,RENEWABLE,Group 3: Renewable energy sources,RDD,"Research, development and demonstration",USD_R,USD (constant prices and exchange rates),2001,,37.711,,I,Imputed Value,F,Non-confidential,6,Millions,3,
DATAFLOW,OECD.IEA:RDDPUBLIC(1.0),Public energy technology RD&D budgets,I,SWEDEN,Sweden,A,Annual,PUBLIC,Total public,RENEWABLE,Group 3: Renewable energy sources,RDD,"Research, development and demonstration",USD_R,USD (constant prices and exchange rates),2002,,35.345,,I,Imputed Value,F,Non-confidential,6,Millions,3,
DATAFLOW,OECD.IEA:RDDPUBLIC(1.0),Public energy technology RD&D budgets,I,SWEDEN,Sweden,A,Annual,PUBLIC,Total public,RENEWABLE,Group 3: Renewable energy sources,RDD,"Research, development and demonstration",USD_R,USD (constant prices and exchange rates),2003,,28.942,,I,Imputed Value,F,Non-confidential,6,Millions,3,
DATAFLOW,OECD.IEA:RDDPUBLIC(1.0),Public energy technology RD&D budgets,I,SWEDEN,Sweden,A,Annual,PUBLIC,Total public,RENEWABLE,Group 3: Renewable energy sources,RDD,"Research, development and demonstration",USD_R,USD (constant prices and exchange rates),2004,,47.655,,I,Imputed Value,F,Non-confidential,6,Millions,3,
DATAFLOW,OECD.IEA:RDDPUBLIC(1.0),Public energy technology RD&D budgets,I,SWEDEN,Sweden,A,Annual,PUBLIC,Total public,RENEWABLE,Group 3: Renewable energy sources,RDD,"Research, development and demonstration",USD_R,USD (constant prices and exchange rates),2005,,18.896,,I,Imputed Value,F,Non-confidential,6,Millions,3,
DATAFLOW,OECD.IEA:RDDPUBLIC(1.0),Public energy technology RD&D budgets,I,SWEDEN,Sweden,A,Annual,PUBLIC,Total public,RENEWABLE,Group 3: Renewable energy sources,RDD,"Research, development and demonstration",USD_R,USD (constant prices and exchange rates),2006,,44.811,,I,Imputed Value,F,Non-confidential,6,Millions,3,
DATAFLOW,OECD.IEA:RDDPUBLIC(1.0),Public energy technology RD&D budgets,I,SWEDEN,Sweden,A,Annual,PUBLIC,Total public,RENEWABLE,Group 3: Renewable energy sources,RDD,"Research, development and demonstration",USD_R,USD (constant prices and exchange rates),2007,,38.553,,I,Imputed Value,F,Non-confidential,6,Millions,3,
DATAFLOW,OECD.IEA:RDDPUBLIC(1.0),Public energy technology RD&D budgets,I,SWEDEN,Sweden,A,Annual,PUBLIC,Total public,RENEWABLE,Group 3: Renewable energy sources,RDD,"Research, development and demonstration",USD_R,USD (constant prices and exchange rates),2008,,41.429,,I,Imputed Value,F,Non-confidential,6,Millions,3,
DATAFLOW,OECD.IEA:RDDPUBLIC(1.0),Public energy technology RD&D budgets,I,SWEDEN,Sweden,A,Annual,PUBLIC,Total public,RENEWABLE,Group 3: Renewable energy sources,RDD,"Research, development and demonstration",USD_R,USD (constant prices and exchange rates),2009,,66.72,,I,Imputed Value,F,Non-confidential,6,Millions,3,
DATAFLOW,OECD.IEA:RDDPUBLIC(1.0),Public energy technology RD&D budgets,I,SWEDEN,Sweden,A,Annual,PUBLIC,Total public,RENEWABLE,Group 3: Renewable energy sources,RDD,"Research, development and demonstration",USD_R,USD (constant prices and exchange rates),2010,,91.214,,I,Imputed Value,F,Non-confidential,6,Millions,3,
DATAFLOW,OECD.IEA:RDDPUBLIC(1.0),Public energy technology RD&D budgets,I,SWEDEN,Sweden,A,Annual,PUBLIC,Total public,RENEWABLE,Group 3: Renewable energy sources,RDD,"Research, development and demonstration",USD_R,USD (constant prices and exchange rates),2011,,68.706,,I,Imputed Value,F,Non-confidential,6,Millions,3,
DATAFLOW,OECD.IEA:RDDPUBLIC(1.0),Public energy technology RD&D budgets,I,SWEDEN,Sweden,A,Annual,PUBLIC,Total public,RENEWABLE,Group 3: Renewable energy sources,RDD,"Research, development and demonstration",USD_R,USD (constant prices and exchange rates),2012,,48.667,,I,Imputed Value,F,Non-confidential,6,Millions,3,
DATAFLOW,OECD.IEA:RDDPUBLIC(1.0),Public energy technology RD&D budgets,I,SWEDEN,Sweden,A,Annual,PUBLIC,Total public,RENEWABLE,Group 3: Renewable energy sources,RDD,"Research, development and demonstration",USD_R,USD (constant prices and exchange rates),2013,,65.311,,I,Imputed Value,F,Non-confidential,6,Millions,3,
DATAFLOW,OECD.IEA:RDDPUBLIC(1.0),Public energy technology RD&D budgets,I,SWEDEN,Sweden,A,Annual,PUBLIC,Total public,RENEWABLE,Group 3: Renewable energy sources,RDD,"Research, development and demonstration",USD_R,USD (constant prices and exchange rates),2014,,75.12,,I,Imputed Value,F,Non-confidential,6,Millions,3,
DATAFLOW,OECD.IEA:RDDPUBLIC(1.0),Public energy technology RD&D budgets,I,SWEDEN,Sweden,A,Annual,PUBLIC,Total public,RENEWABLE,Group 3: Renewable energy sources,RDD,"Research, development and demonstration",USD_R,USD (constant prices and exchange rates),2015,,46.896,,I,Imputed Value,F,Non-confidential,6,Millions,3,
DATAFLOW,OECD.IEA:RDDPUBLIC(1.0),Public energy technology RD&D budgets,I,SWEDEN,Sweden,A,Annual,PUBLIC,Total public,RENEWABLE,Group 3: Renewable energy sources,RDD,"Research, development and demonstration",USD_R,USD (constant prices and exchange rates),2016,,53.962,,I,Imputed Value,F,Non-confidential,6,Millions,3,
DATAFLOW,OECD.IEA:RDDPUBLIC(1.0),Public energy technology RD&D budgets,I,SWEDEN,Sweden,A,Annual,PUBLIC,Total public,RENEWABLE,Group 3: Renewable energy sources,RDD,"Research, development and demonstration",USD_R,USD (constant prices and exchange rates),2017,,32.214,,I,Imputed Value,F,Non-confidential,6,Millions,3,
DATAFLOW,OECD.IEA:RDDPUBLIC(1.0),Public energy technology RD&D budgets,I,SWEDEN,Sweden,A,Annual,PUBLIC,Total public,RENEWABLE,Group 3: Renewable energy sources,RDD,"Research, development and demonstration",USD_R,USD (constant prices and exchange rates),2018,,46.811,,I,Imputed Value,F,Non-confidential,6,Millions,3,
DATAFLOW,OECD.IEA:RDDPUBLIC(1.0),Public energy technology RD&D budgets,I,SWEDEN,Sweden,A,Annual,PUBLIC,Total public,RENEWABLE,Group 3: Renewable energy sources,RDD,"Research, development and demonstration",USD_R,USD (constant prices and exchange rates),2019,,44.918,,I,Imputed Value,F,Non-confidential,6,Millions,3,
DATAFLOW,OECD.IEA:RDDPUBLIC(1.0),Public energy technology RD&D budgets,I,SWEDEN,Sweden,A,Annual,PUBLIC,Total public,RENEWABLE,Group 3: Renewable energy sources,RDD,"Research, development and demonstration",USD_R,USD (constant prices and exchange rates),2020,,50.658,,I,Imputed Value,F,Non-confidential,6,Millions,3,
DATAFLOW,OECD.IEA:RDDPUBLIC(1.0),Public energy technology RD&D budgets,I,SWEDEN,Sweden,A,Annual,PUBLIC,Total public,RENEWABLE,Group 3: Renewable energy sources,RDD,"Research, development and demonstration",USD_R,USD (constant prices and exchange rates),2021,,51.278,,I,Imputed Value,F,Non-confidential,6,Millions,3,
DATAFLOW,OECD.IEA:RDDPUBLIC(1.0),Public energy technology RD&D budgets,I,SWEDEN,Sweden,A,Annual,PUBLIC,Total public,RENEWABLE,Group 3: Renewable energy sources,RDD,"Research, development and demonstration",USD_R,USD (constant prices and exchange rates),2022,,46.293,,I,Imputed Value,F,Non-confidential,6,Millions,3,
DATAFLOW,OECD.IEA:RDDPUBLIC(1.0),Public energy technology RD&D budgets,I,SWEDEN,Sweden,A,Annual,PUBLIC,Total public,RENEWABLE,Group 3: Renewable energy sources,RDD,"Research, development and demonstration",USD_R,USD (constant prices and exchange rates),2023,,56.88,,I,Imputed Value,F,Non-confidential,6,Millions,3,
DATAFLOW,OECD.IEA:RDDPUBLIC(1.0),Public energy technology RD&D budgets,I,SWEDEN,Sweden,A,Annual,PUBLIC,Total public,RENEWABLE,Group 3: Renewable energy sources,RDD,"Research, development and demonstration",USD_R,USD (constant prices and exchange rates),2024,,50.228,,P,Provisional Value,F,Non-confidential,6,Millions,3,
DATAFLOW,OECD.IEA:RDDPUBLIC(1.0),Public energy technology RD&D budgets,I,NETHERLANDS,Netherlands,A,Annual,PUBLIC,Total public,FOSSILFUEL,Group 2: Fossil fuels,RDD,"Research, development and demonstration",USD_R,USD (constant prices and exchange rates),2000,,16.207,,I,Imputed Value,F,Non-confidential,6,Millions,3,
DATAFLOW,OECD.IEA:RDDPUBLIC(1.0),Public energy technology RD&D budgets,I,NETHERLANDS,Netherlands,A,Annual,PUBLIC,Total public,FOSSILFUEL,Group 2: Fossil fuels,RDD,"Research, development and demonstration",USD_R,USD (constant prices and exchange rates),2001,,14.129,,I,Imputed Value,F,Non-confidential,6,Millions,3,
DATAFLOW,OECD.IEA:RDDPUBLIC(1.0),Public energy technology RD&D budgets,I,NETHERLANDS,Netherlands,A,Annual,PUBLIC,Total public,FOSSILFUEL,Group 2: Fossil fuels,RDD,"Research, development and demonstration",USD_R,USD (constant prices and exchange rates),2002,,31.867,,I,Imputed Value,F,Non-confidential,6,Millions,3,
DATAFLOW,OECD.IEA:RDDPUBLIC(1.0),Public energy technology RD&D budgets,I,NETHERLANDS,Netherlands,A,Annual,PUBLIC,Total public,FOSSILFUEL,Group 2: Fossil fuels,RDD,"Research, development and demonstration",USD_R,USD (constant prices and exchange rates),2003,,22.302,,I,Imputed Value,F,Non-confidential,6,Millions,3,
DATAFLOW,OECD.IEA:RDDPUBLIC(1.0),Public energy technology RD&D budgets,I,NETHERLANDS,Netherlands,A,Annual,PUBLIC,Total public,FOSSILFUEL,Group 2: Fossil fuels,RDD,"Research, development and demonstration",USD_R,USD (constant prices and exchange rates),2005,,22.27,,I,Imputed Value,F,Non-confidential,6,Millions,3,
DATAFLOW,OECD.IEA:RDDPUBLIC(1.0),Public energy technology RD&D budgets,I,NETHERLANDS,Netherlands,A,Annual,PUBLIC,Total public,FOSSILFUEL,Group 2: Fossil fuels,RDD,"Research, development and demonstration",USD_R,USD (constant prices and exchange rates),2006,,20.273,,I,Imputed Value,F,Non-confidential,6,Millions,3,
DATAFLOW,OECD.IEA:RDDPUBLIC(1.0),Public energy technology RD&D budgets,I,NETHERLANDS,Netherlands,A,Annual,PUBLIC,Total public,FOSSILFUEL,Group 2: Fossil fuels,RDD,"Research, development and demonstration",USD_R,USD (constant prices and exchange rates),2007,,67.318,,I,Imputed Value,F,Non-confidential,6,Millions,3,
DATAFLOW,OECD.IEA:RDDPUBLIC(1.0),Public energy technology RD&D budgets,I,NETHERLANDS,Netherlands,A,Annual,PUBLIC,Total public,FOSSILFUEL,Group 2: Fossil fuels,RDD,"Research, development and demonstration",USD_R,USD (constant prices and exchange rates),2008,,21.867,,I,Imputed Value,F,Non-confidential,6,Millions,3,
DATAFLOW,OECD.IEA:RDDPUBLIC(1.0),Public energy technology RD&D budgets,I,NETHERLANDS,Netherlands,A,Annual,PUBLIC,Total public,FOSSILFUEL,Group 2: Fossil fuels,RDD,"Research, development and demonstration",USD_R,USD (constant prices and exchange rates),2009,,29.311,,I,Imputed Value,F,Non-confidential,6,Millions,3,
DATAFLOW,OECD.IEA:RDDPUBLIC(1.0),Public energy technology RD&D budgets,I,NETHERLANDS,Netherlands,A,Annual,PUBLIC,Total public,FOSSILFUEL,Group 2: Fossil fuels,RDD,"Research, development and demonstration",USD_R,USD (constant prices and exchange rates),2010,,47.588,,I,Imputed Value,F,Non-confidential,6,Millions,3,
DATAFLOW,OECD.IEA:RDDPUBLIC(1.0),Public energy technology RD&D budgets,I,NETHERLANDS,Netherlands,A,Annual,PUBLIC,Total public,FOSSILFUEL,Group 2: Fossil fuels,RDD,"Research, development and demonstration",USD_R,USD (constant prices and exchange rates),2011,,13.936,,I,Imputed Value,F,Non-confidential,6,Millions,3,
DATAFLOW,OECD.IEA:RDDPUBLIC(1.0),Public energy technology RD&D budgets,I,NETHERLANDS,Netherlands,A,Annual,PUBLIC,Total public,FOSSILFUEL,Group 2: Fossil fuels,RDD,"Research, development and demonstration",USD_R,USD (constant prices and exchange rates),2012,,20.288,,I,Imputed Value,F,Non-confidential,6,Millions,3,
DATAFLOW,OECD.IEA:RDDPUBLIC(1.0),Public energy technology RD&D budgets,I,NETHERLANDS,Netherlands,A,Annual,PUBLIC,Total public,FOSSILFUEL,Group 2: Fossil fuels,RDD,"Research, development and demonstration",USD_R,USD (constant prices and exchange rates),2013,,18.281,,I,Imputed Value,F,Non-confidential,6,Millions,3,
DATAFLOW,OECD.IEA:RDDPUBLIC(1.0),Public energy technology RD&D budgets,I,NETHERLANDS,Netherlands,A,Annual,PUBLIC,Total public,FOSSILFUEL,Group 2: Fossil fuels,RDD,"Research, development and demonstration",USD_R,USD (constant prices and exchange rates),2014,,5.435,,I,Imputed Value,F,Non-confidential,6,Millions,3,
DATAFLOW,OECD.IEA:RDDPUBLIC(1.0),Public energy technology RD&D budgets,I,NETHERLANDS,Netherlands,A,Annual,PUBLIC,Total public,FOSSILFUEL,Group 2: Fossil fuels,RDD,"Research, development and demonstration",USD_R,USD (constant prices and exchange rates),2015,,19.683,,I,Imputed Value,F,Non-confidential,6,Millions,3,
DATAFLOW,OECD.IEA:RDDPUBLIC(1.0),Public energy technology RD&D budgets,I,NETHERLANDS,Netherlands,A,Annual,PUBLIC,Total public,FOSSILFUEL,Group 2: Fossil fuels,RDD,"Research, development and demonstration",USD_R,USD (constant prices and exchange rates),2016,,10.812,,I,Imputed Value,F,Non-confidential,6,Millions,3,
DATAFLOW,OECD.IEA:RDDPUBLIC(1.0),Public energy technology RD&D budgets,I,NETHERLANDS,Netherlands,A,Annual,PUBLIC,Total public,FOSSILFUEL,Group 2: Fossil fuels,RDD,"Research, development and demonstration",USD_R,USD (constant prices and exchange rates),2017,,18.107,,I,Imputed Value,F,Non-confidential,6,Millions,3,
DATAFLOW,OECD.IEA:RDDPUBLIC(1.0),Public energy technology RD&D budgets,I,NETHERLANDS,Netherlands,A,Annual,PUBLIC,Total public,FOSSILFUEL,Group 2: Fossil fuels,RDD,"Research, development and demonstration",USD_R,USD (constant prices and exchange rates),2018,,37.938,,I,Imputed Value,F,Non-confidential,6,Millions,3,
DATAFLOW,OECD.IEA:RDDPUBLIC(1.0),Public energy technology RD&D budgets,I,NETHERLANDS,Netherlands,A,Annual,PUBLIC,Total public,FOSSILFUEL,Group 2: Fossil fuels,RDD,"Research, development and demonstration",USD_R,USD (constant prices and exchange rates),2019,,11.589,,I,Imputed Value,F,Non-confidential,6,Millions,3,
DATAFLOW,OECD.IEA:RDDPUBLIC(1.0),Public energy technology RD&D budgets,I,NETHERLANDS,Netherlands,A,Annual,PUBLIC,Total public,FOSSILFUEL,Group 2: Fossil fuels,RDD,"Research, development and demonstration",USD_R,USD (constant prices and exchange rates),2020,,9.787,,I,Imputed Value,F,Non-confidential,6,Millions,3,
DATAFLOW,OECD.IEA:RDDPUBLIC(1.0),Public energy technology RD&D budgets,I,NETHERLANDS,Netherlands,A,Annual,PUBLIC,Total public,FOSSILFUEL,Group 2: Fossil fuels,RDD,"Research, development and demonstration",USD_R,USD (constant prices and exchange rates),2021,,13.631,,I,Imputed Value,F,Non-confidential,6,Millions,3,
DATAFLOW,OECD.IEA:RDDPUBLIC(1.0),Public energy technology RD&D budgets,I,NETHERLANDS,Netherlands,A,Annual,PUBLIC,Total public,FOSSILFUEL,Group 2: Fossil fuels,RDD,"Research, development and demonstration",USD_R,USD (constant prices and exchange rates),2022,,11.449,,I,Imputed Value,F,Non-confidential,6,Millions,3,
DATAFLOW,OECD.IEA:RDDPUBLIC(1.0),Public energy technology RD&D budgets,I,NETHERLANDS,Netherlands,A,Annual,PUBLIC,Total public,FOSSILFUEL,Group 2: Fossil fuels,RDD,"Research, development and demonstration",USD_R,USD (constant prices and exchange rates),2023,,3.645,,I,Imputed Value,F,Non-confidential,6,Millions,3,
DATAFLOW,OECD.IEA:RDDPUBLIC(1.0),Public energy technology RD&D budgets,I,NETHERLANDS,Netherlands,A,Annual,PUBLIC,Total public,FOSSILFUEL,Group 2: Fossil fuels,RDD,"Research, development and demonstration",USD_R,USD (constant prices and exchange rates),2024,,37.433,,P,Provisional Value,F,Non-confidential,6,Millions,3,
DATAFLOW,OECD.IEA:RDDPUBLIC(1.0),Public energy technology RD&D budgets,I,PORTUGAL,Portugal,A,Annual,PUBLIC,Total public,TOTAL,Total,RDD,"Research, development and demonstration",USD_R,USD (constant prices and exchange rates),2000,,2.854,,I,Imputed Value,F,Non-confidential,6,Millions,3,
DATAFLOW,OECD.IEA:RDDPUBLIC(1.0),Public energy technology RD&D budgets,I,PORTUGAL,Portugal,A,Annual,PUBLIC,Total public,TOTAL,Total,RDD,"Research, development and demonstration",USD_R,USD (constant prices and exchange rates),2001,,1.793,,I,Imputed Value,F,Non-confidential,6,Millions,3,
DATAFLOW,OECD.IEA:RDDPUBLIC(1.0),Public energy technology RD&D budgets,I,PORTUGAL,Portugal,A,Annual,PUBLIC,Total public,TOTAL,Total,RDD,"Research, development and demonstration",USD_R,USD (constant prices and exchange rates),2002,,3.583,,I,Imputed Value,F,Non-confidential,6,Millions,3,
DATAFLOW,OECD.IEA:RDDPUBLIC(1.0),Public energy technology RD&D budgets,I,PORTUGAL,Portugal,A,Annual,PUBLIC,Total public,TOTAL,Total,RDD,"Research, development and demonstration",USD_R,USD (constant prices and exchange rates),2003,,4.543,,I,Imputed Value,F,Non-confidential,6,Millions,3,
DATAFLOW,OECD.IEA:RDDPUBLIC(1.0),Public energy technology RD&D budgets,I,PORTUGAL,Portugal,A,Annual,PUBLIC,Total public,TOTAL,Total,RDD,"Research, development and demonstration",USD_R,USD (constant prices and exchange rates),2004,,5.021,,I,Imputed Value,F,Non-confidential,6,Millions,3,
DATAFLOW,OECD.IEA:RDDPUBLIC(1.0),Public energy technology RD&D budgets,I,PORTUGAL,Portugal,A,Annual,PUBLIC,Total public,TOTAL,Total,RDD,"Research, development and demonstration",USD_R,USD (constant prices and exchange rates),2005,,3.79,,I,Imputed Value,F,Non-confidential,6,Millions,3,
DATAFLOW,OECD.IEA:RDDPUBLIC(1.0),Public energy technology RD&D budgets,I,PORTUGAL,Portugal,A,Annual,PUBLIC,Total public,TOTAL,Total,RDD,"Research, development and demonstration",USD_R,USD (constant prices and exchange rates),2006,,2.044,,I,Imputed Value,F,Non-confidential,6,Millions,3,
DATAFLOW,OECD.IEA:RDDPUBLIC(1.0),Public energy technology RD&D budgets,I,PORTUGAL,Portugal,A,Annual,PUBLIC,Total public,TOTAL,Total,RDD,"Research, development and demonstration",USD_R,USD (constant prices and exchange rates),2007,,3.053,,I,Imputed Value,F,Non-confidential,6,Millions,3,
DATAFLOW,OECD.IEA:RDDPUBLIC(1.0),Public energy technology RD&D budgets,I,PORTUGAL,Portugal,A,Annual,PUBLIC,Total public,TOTAL,Total,RDD,"Research, development and demonstration",USD_R,USD (constant prices and exchange rates),2008,,2.208,,I,Imputed Value,F,Non-confidential,6,Millions,3,
DATAFLOW,OECD.IEA:RDDPUBLIC(1.0),Public energy technology RD&D budgets,I,PORTUGAL,Portugal,A,Annual,PUBLIC,Total public,TOTAL,Total,RDD,"Research, development and demonstration",USD_R,USD (constant prices and exchange rates),2009,,5.307,,I,Imputed Value,F,Non-confidential,6,Millions,3,
DATAFLOW,OECD.IEA:RDDPUBLIC(1.0),Public energy technology RD&D budgets,I,PORTUGAL,Portugal,A,Annual,PUBLIC,Total public,TOTAL,Total,RDD,"Research, development and demonstration",USD_R,USD (constant prices and exchange rates),2010,,2.406,,I,Imputed Value,F,Non-confidential,6,Millions,3,
DATAFLOW,OECD.IEA:RDDPUBLIC(1.0),Public energy technology RD&D budgets,I,PORTUGAL,Portugal,A,Annual,PUBLIC,Total public,TOTAL,Total,RDD,"Research, development and demonstration",USD_R,USD (constant prices and exchange rates),2011,,1.64,,I,Imputed Value,F,Non-confidential,6,Millions,3,
DATAFLOW,OECD.IEA:RDDPUBLIC(1.0),Public energy technology RD&D budgets,I,PORTUGAL,Portugal,A,Annual,PUBLIC,Total public,TOTAL,Total,RDD,"Research, development and demonstration",USD_R,USD (constant prices and exchange rates),2012,,4.467,,I,Imputed Value,F,Non-confidential,6,Millions,3,
DATAFLOW,OECD.IEA:RDDPUBLIC(1.0),Public energy technology RD&D budgets,I,PORTUGAL,Portugal,A,Annual,PUBLIC,Total public,TOTAL,Total,RDD,"Research, development and demonstration",USD_R,USD (constant prices and exchange rates),2013,,13.95,,I,Imputed Value,F,Non-confidential,6,Millions,3,
DATAFLOW,OECD.IEA:RDDPUBLIC(1.0),Public energy technology RD&D budgets,I,PORTUGAL,Portugal,A,Annual,PUBLIC,Total public,TOTAL,Total,RDD,"Research, development and demonstration",USD_R,USD (constant prices and exchange rates),2014,,13.107,,I,Imputed Value,F,Non-confidential,6,Millions,3,
DATAFLOW,OECD.IEA:RDDPUBLIC(1.0),Public energy technology RD&D budgets,I,PORTUGAL,Portugal,A,Annual,PUBLIC,Total public,TOTAL,Total,RDD,"Research, development and demonstration",USD_R,USD (constant prices and exchange rates),2015,,85.273,,I,Imputed Value,F,Non-confidential,6,Millions,3,
DATAFLOW,OECD.IEA:RDDPUBLIC(1.0),Public energy technology RD&D budgets,I,PORTUGAL,Portugal,A,Annual,PUBLIC,Total public,TOTAL,Total,RDD,"Research, development and demonstration",USD_R,USD (constant prices and exchange rates),2016,,82.169,,I,Imputed Value,F,Non-confidential,6,Millions,3,
DATAFLOW,OECD.IEA:RDDPUBLIC(1.0),Public energy technology RD&D budgets,I,PORTUGAL,Portugal,A,Annual,PUBLIC,Total public,TOTAL,Total,RDD,"Research, development and demonstration",USD_R,USD (constant prices and exchange rates),2017,,84.713,,I,Imputed Value,F,Non-confidential,6,Millions,3,
DATAFLOW,OECD.IEA:RDDPUBLIC(1.0),Public energy technology RD&D budgets,I,PORTUGAL,Portugal,A,Annual,PUBLIC,Total public,TOTAL,Total,RDD,"Research, development and demonstration",USD_R,USD (constant prices and exchange rates),2018,,89.446,,I,Imputed Value,F,Non-confidential,6,Millions,3,
DATAFLOW,OECD.IEA:RDDPUBLIC(1.0),Public energy technology RD&D budgets,I,PORTUGAL,Portugal,A,Annual,PUBLIC,Total public,TOTAL,Total,RDD,"Research, development and demonstration",USD_R,USD (constant prices and exchange rates),2019,,70.829,,I,Imputed Value,F,Non-confidential,6,Millions,3,
DATAFLOW,OECD.IEA:RDDPUBLIC(1.0),Public energy technology RD&D budgets,I,PORTUGAL,Portugal,A,Annual,PUBLIC,Total public,TOTAL,Total,RDD,"Research, development and demonstration",USD_R,USD (constant prices and exchange rates),2020,,81.807,,I,Imputed Value,F,Non-confidential,6,Millions,3,
DATAFLOW,OECD.IEA:RDDPUBLIC(1.0),Public energy technology RD&D budgets,I,PORTUGAL,Portugal,A,Annual,PUBLIC,Total public,TOTAL,Total,RDD,"Research, development and demonstration",USD_R,USD (constant prices and exchange rates),2021,,94.11,,I,Imputed Value,F,Non-confidential,6,Millions,3,
DATAFLOW,OECD.IEA:RDDPUBLIC(1.0),Public energy technology RD&D budgets,I,PORTUGAL,Portugal,A,Annual,PUBLIC,Total public,TOTAL,Total,RDD,"Research, development and demonstration",USD_R,USD (constant prices and exchange rates),2022,,96.442,,I,Imputed Value,F,Non-confidential,6,Millions,3,
DATAFLOW,OECD.IEA:RDDPUBLIC(1.0),Public energy technology RD&D budgets,I,PORTUGAL,Portugal,A,Annual,PUBLIC,Total public,TOTAL,Total,RDD,"Research, development and demonstration",USD_R,USD (constant prices and exchange rates),2023,,98.424,,I,Imputed Value,F,Non-confidential,6,Millions,3,
DATAFLOW,OECD.IEA:RDDPUBLIC(1.0),Public energy technology RD&D budgets,I,MEXICO,Mexico,A,Annual,PUBLIC,Total public,FOSSILFUEL,Group 2: Fossil fuels,RDD,"Research, development and demonstration",USD_R,USD (constant prices and exchange rates),2013,,300.815,,I,Imputed Value,F,Non-confidential,6,Millions,3,
DATAFLOW,OECD.IEA:RDDPUBLIC(1.0),Public energy technology RD&D budgets,I,MEXICO,Mexico,A,Annual,PUBLIC,Total public,FOSSILFUEL,Group 2: Fossil fuels,RDD,"Research, development and demonstration",USD_R,USD (constant prices and exchange rates),2014,,189.055,,I,Imputed Value,F,Non-confidential,6,Millions,3,
DATAFLOW,OECD.IEA:RDDPUBLIC(1.0),Public energy technology RD&D budgets,I,MEXICO,Mexico,A,Annual,PUBLIC,Total public,FOSSILFUEL,Group 2: Fossil fuels,RDD,"Research, development and demonstration",USD_R,USD (constant prices and exchange rates),2015,,118.036,,I,Imputed Value,F,Non-confidential,6,Millions,3,
DATAFLOW,OECD.IEA:RDDPUBLIC(1.0),Public energy technology RD&D budgets,I,MEXICO,Mexico,A,Annual,PUBLIC,Total public,FOSSILFUEL,Group 2: Fossil fuels,RDD,"Research, development and demonstration",USD_R,USD (constant prices and exchange rates),2016,,143.564,,I,Imputed Value,F,Non-confidential,6,Millions,3,
DATAFLOW,OECD.IEA:RDDPUBLIC(1.0),Public energy technology RD&D budgets,I,MEXICO,Mexico,A,Annual,PUBLIC,Total public,FOSSILFUEL,Group 2: Fossil fuels,RDD,"Research, development and demonstration",USD_R,USD (constant prices and exchange rates),2017,,164.413,,I,Imputed Value,F,Non-confidential,6,Millions,3,
DATAFLOW,OECD.IEA:RDDPUBLIC(1.0),Public energy technology RD&D budgets,I,MEXICO,Mexico,A,Annual,PUBLIC,Total public,FOSSILFUEL,Group 2: Fossil fuels,RDD,"Research, development and demonstration",USD_R,USD (constant prices and exchange rates),2018,,94.904,,I,Imputed Value,F,Non-confidential,6,Millions,3,
DATAFLOW,OECD.IEA:RDDPUBLIC(1.0),Public energy technology RD&D budgets,I,MEXICO,Mexico,A,Annual,PUBLIC,Total public,FOSSILFUEL,Group 2: Fossil fuels,RDD,"Research, development and demonstration",USD_R,USD (constant prices and exchange rates),2019,,41.895,,I,Imputed Value,F,Non-confidential,6,Millions,3,
DATAFLOW,OECD.IEA:RDDPUBLIC(1.0),Public energy technology RD&D budgets,I,MEXICO,Mexico,A,Annual,PUBLIC,Total public,FOSSILFUEL,Group 2: Fossil fuels,RDD,"Research, development and demonstration",USD_R,USD (constant prices and exchange rates),2020,,17.261,,I,Imputed Value,F,Non-confidential,6,Millions,3,
DATAFLOW,OECD.IEA:RDDPUBLIC(1.0),Public energy technology RD&D budgets,I,MEXICO,Mexico,A,Annual,PUBLIC,Total public,FOSSILFUEL,Group 2: Fossil fuels,RDD,"Research, development and demonstration",USD_R,USD (constant prices and exchange rates),2021,,17.021,,I,Imputed Value,F,Non-confidential,6,Millions,3,
DATAFLOW,OECD.IEA:RDDPUBLIC(1.0),Public energy technology RD&D budgets,I,MEXICO,Mexico,A,Annual,PUBLIC,Total public,FOSSILFUEL,Group 2: Fossil fuels,RDD,"Research, development and demonstration",USD_R,USD (constant prices and exchange rates),2022,,0,,I,Imputed Value,F,Non-confidential,6,Millions,3,
DATAFLOW,OECD.IEA:RDDPUBLIC(1.0),Public energy technology RD&D budgets,I,MEXICO,Mexico,A,Annual,PUBLIC,Total public,FOSSILFUEL,Group 2: Fossil fuels,RDD,"Research, development and demonstration",USD_R,USD (constant prices and exchange rates),2023,,0,,I,Imputed Value,F,Non-confidential,6,Millions,3,
DATAFLOW,OECD.IEA:RDDPUBLIC(1.0),Public energy technology RD&D budgets,I,MEXICO,Mexico,A,Annual,PUBLIC,Total public,FOSSILFUEL,Group 2: Fossil fuels,RDD,"Research, development and demonstration",USD_R,USD (constant prices and exchange rates),2024,,28.926,,P,Provisional Value,F,Non-confidential,6,Millions,3,
DATAFLOW,OECD.IEA:RDDPUBLIC(1.0),Public energy technology RD&D budgets,I,NEWZEALAND,New Zealand,A,Annual,PUBLIC,Total public,FOSSILFUEL,Group 2: Fossil fuels,RDD,"Research, development and demonstration",USD_R,USD (constant prices and exchange rates),2000,,2.029,,I,Imputed Value,F,Non-confidential,6,Millions,3,
DATAFLOW,OECD.IEA:RDDPUBLIC(1.0),Public energy technology RD&D budgets,I,NEWZEALAND,New Zealand,A,Annual,PUBLIC,Total public,FOSSILFUEL,Group 2: Fossil fuels,RDD,"Research, development and demonstration",USD_R,USD (constant prices and exchange rates),2001,,3.931,,I,Imputed Value,F,Non-confidential,6,Millions,3,
DATAFLOW,OECD.IEA:RDDPUBLIC(1.0),Public energy technology RD&D budgets,I,NEWZEALAND,New Zealand,A,Annual,PUBLIC,Total public,FOSSILFUEL,Group 2: Fossil fuels,RDD,"Research, development and demonstration",USD_R,USD (constant prices and exchange rates),2002,,5.589,,I,Imputed Value,F,Non-confidential,6,Millions,3,
DATAFLOW,OECD.IEA:RDDPUBLIC(1.0),Public energy technology RD&D budgets,I,NEWZEALAND,New Zealand,A,Annual,PUBLIC,Total public,FOSSILFUEL,Group 2: Fossil fuels,RDD,"Research, development and demonstration",USD_R,USD (constant prices and exchange rates),2003,,4.582,,I,Imputed Value,F,Non-confidential,6,Millions,3,
DATAFLOW,OECD.IEA:RDDPUBLIC(1.0),Public energy technology RD&D budgets,I,NEWZEALAND,New Zealand,A,Annual,PUBLIC,Total public,FOSSILFUEL,Group 2: Fossil fuels,RDD,"Research, development and demonstration",USD_R,USD (constant prices and exchange rates),2004,,3.734,,I,Imputed Value,F,Non-confidential,6,Millions,3,
DATAFLOW,OECD.IEA:RDDPUBLIC(1.0),Public energy technology RD&D budgets,I,NEWZEALAND,New Zealand,A,Annual,PUBLIC,Total public,FOSSILFUEL,Group 2: Fossil fuels,RDD,"Research, development and demonstration",USD_R,USD (constant prices and exchange rates),2005,,3.725,,I,Imputed Value,F,Non-confidential,6,Millions,3,
DATAFLOW,OECD.IEA:RDDPUBLIC(1.0),Public energy technology RD&D budgets,I,NEWZEALAND,New Zealand,A,Annual,PUBLIC,Total public,FOSSILFUEL,Group 2: Fossil fuels,RDD,"Research, development and demonstration",USD_R,USD (constant prices and exchange rates),2006,,4.414,,I,Imputed Value,F,Non-confidential,6,Millions,3,
DATAFLOW,OECD.IEA:RDDPUBLIC(1.0),Public energy technology RD&D budgets,I,NEWZEALAND,New Zealand,A,Annual,PUBLIC,Total public,FOSSILFUEL,Group 2: Fossil fuels,RDD,"Research, development and demonstration",USD_R,USD (constant prices and exchange rates),2007,,6.129,,I,Imputed Value,F,Non-confidential,6,Millions,3,
DATAFLOW,OECD.IEA:RDDPUBLIC(1.0),Public energy technology RD&D budgets,I,NEWZEALAND,New Zealand,A,Annual,PUBLIC,Total public,FOSSILFUEL,Group 2: Fossil fuels,RDD,"Research, development and demonstration",USD_R,USD (constant prices and exchange rates),2008,,5.82,,I,Imputed Value,F,Non-confidential,6,Millions,3,
DATAFLOW,OECD.IEA:RDDPUBLIC(1.0),Public energy technology RD&D budgets,I,NEWZEALAND,New Zealand,A,Annual,PUBLIC,Total public,FOSSILFUEL,Group 2: Fossil fuels,RDD,"Research, development and demonstration",USD_R,USD (constant prices and exchange rates),2009,,5.45,,I,Imputed Value,F,Non-confidential,6,Millions,3,
DATAFLOW,OECD.IEA:RDDPUBLIC(1.0),Public energy technology RD&D budgets,I,NEWZEALAND,New Zealand,A,Annual,PUBLIC,Total public,FOSSILFUEL,Group 2: Fossil fuels,RDD,"Research, development and demonstration",USD_R,USD (constant prices and exchange rates),2010,,5.399,,I,Imputed Value,F,Non-confidential,6,Millions,3,
DATAFLOW,OECD.IEA:RDDPUBLIC(1.0),Public energy technology RD&D budgets,I,NEWZEALAND,New Zealand,A,Annual,PUBLIC,Total public,FOSSILFUEL,Group 2: Fossil fuels,RDD,"Research, development and demonstration",USD_R,USD (constant prices and exchange rates),2011,,4.832,,I,Imputed Value,F,Non-confidential,6,Millions,3,
DATAFLOW,OECD.IEA:RDDPUBLIC(1.0),Public energy technology RD&D budgets,I,NEWZEALAND,New Zealand,A,Annual,PUBLIC,Total public,FOSSILFUEL,Group 2: Fossil fuels,RDD,"Research, development and demonstration",USD_R,USD (constant prices and exchange rates),2012,,4.671,,I,Imputed Value,F,Non-confidential,6,Millions,3,
DATAFLOW,OECD.IEA:RDDPUBLIC(1.0),Public energy technology RD&D budgets,I,NEWZEALAND,New Zealand,A,Annual,PUBLIC,Total public,FOSSILFUEL,Group 2: Fossil fuels,RDD,"Research, development and demonstration",USD_R,USD (constant prices and exchange rates),2013,,4.075,,I,Imputed Value,F,Non-confidential,6,Millions,3,
DATAFLOW,OECD.IEA:RDDPUBLIC(1.0),Public energy technology RD&D budgets,I,NEWZEALAND,New Zealand,A,Annual,PUBLIC,Total public,FOSSILFUEL,Group 2: Fossil fuels,RDD,"Research, development and demonstration",USD_R,USD (constant prices and exchange rates),2014,,4.009,,I,Imputed Value,F,Non-confidential,6,Millions,3,
DATAFLOW,OECD.IEA:RDDPUBLIC(1.0),Public energy technology RD&D budgets,I,NEWZEALAND,New Zealand,A,Annual,PUBLIC,Total public,FOSSILFUEL,Group 2: Fossil fuels,RDD,"Research, development and demonstration",USD_R,USD (constant prices and exchange rates),2015,,6.607,,I,Imputed Value,F,Non-confidential,6,Millions,3,
DATAFLOW,OECD.IEA:RDDPUBLIC(1.0),Public energy technology RD&D budgets,I,NEWZEALAND,New Zealand,A,Annual,PUBLIC,Total public,FOSSILFUEL,Group 2: Fossil fuels,RDD,"Research, development and demonstration",USD_R,USD (constant prices and exchange rates),2016,,3.26,,I,Imputed Value,F,Non-confidential,6,Millions,3,
DATAFLOW,OECD.IEA:RDDPUBLIC(1.0),Public energy technology RD&D budgets,I,NEWZEALAND,New Zealand,A,Annual,PUBLIC,Total public,FOSSILFUEL,Group 2: Fossil fuels,RDD,"Research, development and demonstration",USD_R,USD (constant prices and exchange rates),2017,,6.547,,I,Imputed Value,F,Non-confidential,6,Millions,3,
DATAFLOW,OECD.IEA:RDDPUBLIC(1.0),Public energy technology RD&D budgets,I,NEWZEALAND,New Zealand,A,Annual,PUBLIC,Total public,FOSSILFUEL,Group 2: Fossil fuels,RDD,"Research, development and demonstration",USD_R,USD (constant prices and exchange rates),2018,,3.323,,I,Imputed Value,F,Non-confidential,6,Millions,3,
DATAFLOW,OECD.IEA:RDDPUBLIC(1.0),Public energy technology RD&D budgets,I,NEWZEALAND,New Zealand,A,Annual,PUBLIC,Total public,FOSSILFUEL,Group 2: Fossil fuels,RDD,"Research, development and demonstration",USD_R,USD (constant prices and exchange rates),2019,,3.031,,I,Imputed Value,F,Non-confidential,6,Millions,3,
DATAFLOW,OECD.IEA:RDDPUBLIC(1.0),Public energy technology RD&D budgets,I,NEWZEALAND,New Zealand,A,Annual,PUBLIC,Total public,FOSSILFUEL,Group 2: Fossil fuels,RDD,"Research, development and demonstration",USD_R,USD (constant prices and exchange rates),2020,,1.2,,I,Imputed Value,F,Non-confidential,6,Millions,3,
DATAFLOW,OECD.IEA:RDDPUBLIC(1.0),Public energy technology RD&D budgets,I,NEWZEALAND,New Zealand,A,Annual,PUBLIC,Total public,FOSSILFUEL,Group 2: Fossil fuels,RDD,"Research, development and demonstration",USD_R,USD (constant prices and exchange rates),2021,,1.14,,I,Imputed Value,F,Non-confidential,6,Millions,3,
DATAFLOW,OECD.IEA:RDDPUBLIC(1.0),Public energy technology RD&D budgets,I,NEWZEALAND,New Zealand,A,Annual,PUBLIC,Total public,FOSSILFUEL,Group 2: Fossil fuels,RDD,"Research, development and demonstration",USD_R,USD (constant prices and exchange rates),2022,,0.961,,I,Imputed Value,F,Non-confidential,6,Millions,3,
DATAFLOW,OECD.IEA:RDDPUBLIC(1.0),Public energy technology RD&D budgets,I,NEWZEALAND,New Zealand,A,Annual,PUBLIC,Total public,FOSSILFUEL,Group 2: Fossil fuels,RDD,"Research, development and demonstration",USD_R,USD (constant prices and exchange rates),2023,,0.159,,I,Imputed Value,F,Non-confidential,6,Millions,3,
DATAFLOW,OECD.IEA:RDDPUBLIC(1.0),Public energy technology RD&D budgets,I,KOREA,Korea,A,Annual,PUBLIC,Total public,TOTAL,Total,RDD,"Research, development and demonstration",USD_R,USD (constant prices and exchange rates),2002,,124.994,,I,Imputed Value,F,Non-confidential,6,Millions,3,
DATAFLOW,OECD.IEA:RDDPUBLIC(1.0),Public energy technology RD&D budgets,I,KOREA,Korea,A,Annual,PUBLIC,Total public,TOTAL,Total,RDD,"Research, development and demonstration",USD_R,USD (constant prices and exchange rates),2004,,387.747,,I,Imputed Value,F,Non-confidential,6,Millions,3,
DATAFLOW,OECD.IEA:RDDPUBLIC(1.0),Public energy technology RD&D budgets,I,KOREA,Korea,A,Annual,PUBLIC,Total public,TOTAL,Total,RDD,"Research, development and demonstration",USD_R,USD (constant prices and exchange rates),2005,,355.241,,I,Imputed Value,F,Non-confidential,6,Millions,3,
DATAFLOW,OECD.IEA:RDDPUBLIC(1.0),Public energy technology RD&D budgets,I,KOREA,Korea,A,Annual,PUBLIC,Total public,TOTAL,Total,RDD,"Research, development and demonstration",USD_R,USD (constant prices and exchange rates),2006,,467.862,,I,Imputed Value,F,Non-confidential,6,Millions,3,
DATAFLOW,OECD.IEA:RDDPUBLIC(1.0),Public energy technology RD&D budgets,I,KOREA,Korea,A,Annual,PUBLIC,Total public,TOTAL,Total,RDD,"Research, development and demonstration",USD_R,USD (constant prices and exchange rates),2007,,554.8,,I,Imputed Value,F,Non-confidential,6,Millions,3,
DATAFLOW,OECD.IEA:RDDPUBLIC(1.0),Public energy technology RD&D budgets,I,KOREA,Korea,A,Annual,PUBLIC,Total public,TOTAL,Total,RDD,"Research, development and demonstration",USD_R,USD (constant prices and exchange rates),2008,,449.05,,I,Imputed Value,F,Non-confidential,6,Millions,3,
DATAFLOW,OECD.IEA:RDDPUBLIC(1.0),Public energy technology RD&D budgets,I,KOREA,Korea,A,Annual,PUBLIC,Total public,TOTAL,Total,RDD,"Research, development and demonstration",USD_R,USD (constant prices and exchange rates),2009,,532.139,,I,Imputed Value,F,Non-confidential,6,Millions,3,
DATAFLOW,OECD.IEA:RDDPUBLIC(1.0),Public energy technology RD&D budgets,I,KOREA,Korea,A,Annual,PUBLIC,Total public,TOTAL,Total,RDD,"Research, development and demonstration",USD_R,USD (constant prices and exchange rates),2010,,579.979,,I,Imputed Value,F,Non-confidential,6,Millions,3,
DATAFLOW,OECD.IEA:RDDPUBLIC(1.0),Public energy technology RD&D budgets,I,KOREA,Korea,A,Annual,PUBLIC,Total public,TOTAL,Total,RDD,"Research, development and demonstration",USD_R,USD (constant prices and exchange rates),2011,,556.733,,I,Imputed Value,F,Non-confidential,6,Millions,3,
DATAFLOW,OECD.IEA:RDDPUBLIC(1.0),Public energy technology RD&D budgets,I,KOREA,Korea,A,Annual,PUBLIC,Total public,TOTAL,Total,RDD,"Research, development and demonstration",USD_R,USD (constant prices and exchange rates),2012,,631.616,,I,Imputed Value,F,Non-confidential,6,Millions,3,
DATAFLOW,OECD.IEA:RDDPUBLIC(1.0),Public energy technology RD&D budgets,I,KOREA,Korea,A,Annual,PUBLIC,Total public,TOTAL,Total,RDD,"Research, development and demonstration",USD_R,USD (constant prices and exchange rates),2013,,631.716,,I,Imputed Value,F,Non-confidential,6,Millions,3,
DATAFLOW,OECD.IEA:RDDPUBLIC(1.0),Public energy technology RD&D budgets,I,KOREA,Korea,A,Annual,PUBLIC,Total public,TOTAL,Total,RDD,"Research, development and demonstration",USD_R,USD (constant prices and exchange rates),2014,,603.337,,I,Imputed Value,F,Non-confidential,6,Millions,3,
DATAFLOW,OECD.IEA:RDDPUBLIC(1.0),Public energy technology RD&D budgets,I,KOREA,Korea,A,Annual,PUBLIC,Total public,TOTAL,Total,RDD,"Research, development and demonstration",USD_R,USD (constant prices and exchange rates),2015,,578.146,,I,Imputed Value,F,Non-confidential,6,Millions,3,
DATAFLOW,OECD.IEA:RDDPUBLIC(1.0),Public energy technology RD&D budgets,I,KOREA,Korea,A,Annual,PUBLIC,Total public,TOTAL,Total,RDD,"Research, development and demonstration",USD_R,USD (constant prices and exchange rates),2016,,546.188,,I,Imputed Value,F,Non-confidential,6,Millions,3,
DATAFLOW,OECD.IEA:RDDPUBLIC(1.0),Public energy technology RD&D budgets,I,KOREA,Korea,A,Annual,PUBLIC,Total public,TOTAL,Total,RDD,"Research, development and demonstration",USD_R,USD (constant prices and exchange rates),2017,,537.381,,I,Imputed Value,F,Non-confidential,6,Millions,3,
DATAFLOW,OECD.IEA:RDDPUBLIC(1.0),Public energy technology RD&D budgets,I,KOREA,Korea,A,Annual,PUBLIC,Total public,TOTAL,Total,RDD,"Research, development and demonstration",USD_R,USD (constant prices and exchange rates),2018,,533.346,,I,Imputed Value,F,Non-confidential,6,Millions,3,
DATAFLOW,OECD.IEA:RDDPUBLIC(1.0),Public energy technology RD&D budgets,I,KOREA,Korea,A,Annual,PUBLIC,Total public,TOTAL,Total,RDD,"Research, development and demonstration",USD_R,USD (constant prices and exchange rates),2019,,540.531,,I,Imputed Value,F,Non-confidential,6,Millions,3,
DATAFLOW,OECD.IEA:RDDPUBLIC(1.0),Public energy technology RD&D budgets,I,KOREA,Korea,A,Annual,PUBLIC,Total public,TOTAL,Total,RDD,"Research, development and demonstration",USD_R,USD (constant prices and exchange rates),2020,,607.413,,I,Imputed Value,F,Non-confidential,6,Millions,3,
DATAFLOW,OECD.IEA:RDDPUBLIC(1.0),Public energy technology RD&D budgets,I,KOREA,Korea,A,Annual,PUBLIC,Total public,TOTAL,Total,RDD,"Research, development and demonstration",USD_R,USD (constant prices and exchange rates),2021,,697.635,,I,Imputed Value,F,Non-confidential,6,Millions,3,
DATAFLOW,OECD.IEA:RDDPUBLIC(1.0),Public energy technology RD&D budgets,I,KOREA,Korea,A,Annual,PUBLIC,Total public,TOTAL,Total,RDD,"Research, development and demonstration",USD_R,USD (constant prices and exchange rates),2022,,695.492,,I,Imputed Value,F,Non-confidential,6,Millions,3,
DATAFLOW,OECD.IEA:RDDPUBLIC(1.0),Public energy technology RD&D budgets,I,KOREA,Korea,A,Annual,PUBLIC,Total public,TOTAL,Total,RDD,"Research, development and demonstration",USD_R,USD (constant prices and exchange rates),2023,,722.732,,I,Imputed Value,F,Non-confidential,6,Millions,3,
DATAFLOW,OECD.IEA:RDDPUBLIC(1.0),Public energy technology RD&D budgets,I,KOREA,Korea,A,Annual,PUBLIC,Total public,TOTAL,Total,RDD,"Research, development and demonstration",USD_R,USD (constant prices and exchange rates),2024,,623.523,,P,Provisional Value,F,Non-confidential,6,Millions,3,
DATAFLOW,OECD.IEA:RDDPUBLIC(1.0),Public energy technology RD&D budgets,I,LITHUANIA,Lithuania,A,Annual,PUBLIC,Total public,TOTAL,Total,RDD,"Research, development and demonstration",USD_R,USD (constant prices and exchange rates),2019,,15.486,,I,Imputed Value,F,Non-confidential,6,Millions,3,
DATAFLOW,OECD.IEA:RDDPUBLIC(1.0),Public energy technology RD&D budgets,I,LITHUANIA,Lithuania,A,Annual,PUBLIC,Total public,TOTAL,Total,RDD,"Research, development and demonstration",USD_R,USD (constant prices and exchange rates),2020,,16.332,,I,Imputed Value,F,Non-confidential,6,Millions,3,
DATAFLOW,OECD.IEA:RDDPUBLIC(1.0),Public energy technology RD&D budgets,I,LITHUANIA,Lithuania,A,Annual,PUBLIC,Total public,TOTAL,Total,RDD,"Research, development and demonstration",USD_R,USD (constant prices and exchange rates),2021,,13.674,,I,Imputed Value,F,Non-confidential,6,Millions,3,
DATAFLOW,OECD.IEA:RDDPUBLIC(1.0),Public energy technology RD&D budgets,I,LITHUANIA,Lithuania,A,Annual,PUBLIC,Total public,TOTAL,Total,RDD,"Research, development and demonstration",USD_R,USD (constant prices and exchange rates),2022,,15.57,,I,Imputed Value,F,Non-confidential,6,Millions,3,
DATAFLOW,OECD.IEA:RDDPUBLIC(1.0),Public energy technology RD&D budgets,I,LITHUANIA,Lithuania,A,Annual,PUBLIC,Total public,TOTAL,Total,RDD,"Research, development and demonstration",USD_R,USD (constant prices and exchange rates),2023,,19.561,,I,Imputed Value,F,Non-confidential,6,Millions,3,
DATAFLOW,OECD.IEA:RDDPUBLIC(1.0),Public energy technology RD&D budgets,I,LITHUANIA,Lithuania,A,Annual,PUBLIC,Total public,TOTAL,Total,RDD,"Research, development and demonstration",USD_R,USD (constant prices and exchange rates),2024,,7.431,,P,Provisional Value,F,Non-confidential,6,Millions,3,
DATAFLOW,OECD.IEA:RDDPUBLIC(1.0),Public energy technology RD&D budgets,I,LATVIA,Latvia,A,Annual,PUBLIC,Total public,RENEWABLE,Group 3: Renewable energy sources,RDD,"Research, development and demonstration",USD_R,USD (constant prices and exchange rates),2019,,0,,I,Imputed Value,F,Non-confidential,6,Millions,3,
DATAFLOW,OECD.IEA:RDDPUBLIC(1.0),Public energy technology RD&D budgets,I,IEATOT,Total IEA,A,Annual,PUBLIC,Total public,FOSSILFUEL,Group 2: Fossil fuels,RDD,"Research, development and demonstration",USD_R,USD (constant prices and exchange rates),2000,,831.78,,I,Imputed Value,F,Non-confidential,6,Millions,3,
DATAFLOW,OECD.IEA:RDDPUBLIC(1.0),Public energy technology RD&D budgets,I,IEATOT,Total IEA,A,Annual,PUBLIC,Total public,FOSSILFUEL,Group 2: Fossil fuels,RDD,"Research, development and demonstration",USD_R,USD (constant prices and exchange rates),2001,,1082.532,,I,Imputed Value,F,Non-confidential,6,Millions,3,
DATAFLOW,OECD.IEA:RDDPUBLIC(1.0),Public energy technology RD&D budgets,I,IEATOT,Total IEA,A,Annual,PUBLIC,Total public,FOSSILFUEL,Group 2: Fossil fuels,RDD,"Research, development and demonstration",USD_R,USD (constant prices and exchange rates),2002,,1683.951,,I,Imputed Value,F,Non-confidential,6,Millions,3,
DATAFLOW,OECD.IEA:RDDPUBLIC(1.0),Public energy technology RD&D budgets,I,IEATOT,Total IEA,A,Annual,PUBLIC,Total public,FOSSILFUEL,Group 2: Fossil fuels,RDD,"Research, development and demonstration",USD_R,USD (constant prices and exchange rates),2003,,1583.895,,I,Imputed Value,F,Non-confidential,6,Millions,3,
DATAFLOW,OECD.IEA:RDDPUBLIC(1.0),Public energy technology RD&D budgets,I,IEATOT,Total IEA,A,Annual,PUBLIC,Total public,FOSSILFUEL,Group 2: Fossil fuels,RDD,"Research, development and demonstration",USD_R,USD (constant prices and exchange rates),2004,,1555.965,,I,Imputed Value,F,Non-confidential,6,Millions,3,
DATAFLOW,OECD.IEA:RDDPUBLIC(1.0),Public energy technology RD&D budgets,I,IEATOT,Total IEA,A,Annual,PUBLIC,Total public,FOSSILFUEL,Group 2: Fossil fuels,RDD,"Research, development and demonstration",USD_R,USD (constant prices and exchange rates),2005,,1580.783,,I,Imputed Value,F,Non-confidential,6,Millions,3,
DATAFLOW,OECD.IEA:RDDPUBLIC(1.0),Public energy technology RD&D budgets,I,IEATOT,Total IEA,A,Annual,PUBLIC,Total public,FOSSILFUEL,Group 2: Fossil fuels,RDD,"Research, development and demonstration",USD_R,USD (constant prices and exchange rates),2006,,1691.829,,I,Imputed Value,F,Non-confidential,6,Millions,3,
DATAFLOW,OECD.IEA:RDDPUBLIC(1.0),Public energy technology RD&D budgets,I,IEATOT,Total IEA,A,Annual,PUBLIC,Total public,FOSSILFUEL,Group 2: Fossil fuels,RDD,"Research, development and demonstration",USD_R,USD (constant prices and exchange rates),2007,,1964.732,,I,Imputed Value,F,Non-confidential,6,Millions,3,
DATAFLOW,OECD.IEA:RDDPUBLIC(1.0),Public energy technology RD&D budgets,I,IEATOT,Total IEA,A,Annual,PUBLIC,Total public,FOSSILFUEL,Group 2: Fossil fuels,RDD,"Research, development and demonstration",USD_R,USD (constant prices and exchange rates),2008,,2145.183,,I,Imputed Value,F,Non-confidential,6,Millions,3,
DATAFLOW,OECD.IEA:RDDPUBLIC(1.0),Public energy technology RD&D budgets,I,IEATOT,Total IEA,A,Annual,PUBLIC,Total public,FOSSILFUEL,Group 2: Fossil fuels,RDD,"Research, development and demonstration",USD_R,USD (constant prices and exchange rates),2009,,6603.189,,I,Imputed Value,F,Non-confidential,6,Millions,3,
DATAFLOW,OECD.IEA:RDDPUBLIC(1.0),Public energy technology RD&D budgets,I,IEATOT,Total IEA,A,Annual,PUBLIC,Total public,FOSSILFUEL,Group 2: Fossil fuels,RDD,"Research, development and demonstration",USD_R,USD (constant prices and exchange rates),2010,,2900.588,,I,Imputed Value,F,Non-confidential,6,Millions,3,
DATAFLOW,OECD.IEA:RDDPUBLIC(1.0),Public energy technology RD&D budgets,I,IEATOT,Total IEA,A,Annual,PUBLIC,Total public,FOSSILFUEL,Group 2: Fossil fuels,RDD,"Research, development and demonstration",USD_R,USD (constant prices and exchange rates),2011,,2820.15,,I,Imputed Value,F,Non-confidential,6,Millions,3,
DATAFLOW,OECD.IEA:RDDPUBLIC(1.0),Public energy technology RD&D budgets,I,IEATOT,Total IEA,A,Annual,PUBLIC,Total public,FOSSILFUEL,Group 2: Fossil fuels,RDD,"Research, development and demonstration",USD_R,USD (constant prices and exchange rates),2012,,2848.614,,I,Imputed Value,F,Non-confidential,6,Millions,3,
DATAFLOW,OECD.IEA:RDDPUBLIC(1.0),Public energy technology RD&D budgets,I,IEATOT,Total IEA,A,Annual,PUBLIC,Total public,FOSSILFUEL,Group 2: Fossil fuels,RDD,"Research, development and demonstration",USD_R,USD (constant prices and exchange rates),2013,,2949.98,,I,Imputed Value,F,Non-confidential,6,Millions,3,
DATAFLOW,OECD.IEA:RDDPUBLIC(1.0),Public energy technology RD&D budgets,I,IEATOT,Total IEA,A,Annual,PUBLIC,Total public,FOSSILFUEL,Group 2: Fossil fuels,RDD,"Research, development and demonstration",USD_R,USD (constant prices and exchange rates),2014,,2315.368,,I,Imputed Value,F,Non-confidential,6,Millions,3,
DATAFLOW,OECD.IEA:RDDPUBLIC(1.0),Public energy technology RD&D budgets,I,IEATOT,Total IEA,A,Annual,PUBLIC,Total public,FOSSILFUEL,Group 2: Fossil fuels,RDD,"Research, development and demonstration",USD_R,USD (constant prices and exchange rates),2015,,2018.285,,I,Imputed Value,F,Non-confidential,6,Millions,3,
DATAFLOW,OECD.IEA:RDDPUBLIC(1.0),Public energy technology RD&D budgets,I,IEATOT,Total IEA,A,Annual,PUBLIC,Total public,FOSSILFUEL,Group 2: Fossil fuels,RDD,"Research, development and demonstration",USD_R,USD (constant prices and exchange rates),2016,,1783.792,,I,Imputed Value,F,Non-confidential,6,Millions,3,
DATAFLOW,OECD.IEA:RDDPUBLIC(1.0),Public energy technology RD&D budgets,I,IEATOT,Total IEA,A,Annual,PUBLIC,Total public,FOSSILFUEL,Group 2: Fossil fuels,RDD,"Research, development and demonstration",USD_R,USD (constant prices and exchange rates),2017,,1721.99,,I,Imputed Value,F,Non-confidential,6,Millions,3,
DATAFLOW,OECD.IEA:RDDPUBLIC(1.0),Public energy technology RD&D budgets,I,IEATOT,Total IEA,A,Annual,PUBLIC,Total public,FOSSILFUEL,Group 2: Fossil fuels,RDD,"Research, development and demonstration",USD_R,USD (constant prices and exchange rates),2018,,1875.745,,I,Imputed Value,F,Non-confidential,6,Millions,3,
DATAFLOW,OECD.IEA:RDDPUBLIC(1.0),Public energy technology RD&D budgets,I,IEATOT,Total IEA,A,Annual,PUBLIC,Total public,FOSSILFUEL,Group 2: Fossil fuels,RDD,"Research, development and demonstration",USD_R,USD (constant prices and exchange rates),2019,,1639.863,,I,Imputed Value,F,Non-confidential,6,Millions,3,
DATAFLOW,OECD.IEA:RDDPUBLIC(1.0),Public energy technology RD&D budgets,I,IEATOT,Total IEA,A,Annual,PUBLIC,Total public,FOSSILFUEL,Group 2: Fossil fuels,RDD,"Research, development and demonstration",USD_R,USD (constant prices and exchange rates),2020,,1588.372,,I,Imputed Value,F,Non-confidential,6,Millions,3,
DATAFLOW,OECD.IEA:RDDPUBLIC(1.0),Public energy technology RD&D budgets,I,IEATOT,Total IEA,A,Annual,PUBLIC,Total public,FOSSILFUEL,Group 2: Fossil fuels,RDD,"Research, development and demonstration",USD_R,USD (constant prices and exchange rates),2021,,1778.194,,I,Imputed Value,F,Non-confidential,6,Millions,3,
DATAFLOW,OECD.IEA:RDDPUBLIC(1.0),Public energy technology RD&D budgets,I,IEATOT,Total IEA,A,Annual,PUBLIC,Total public,FOSSILFUEL,Group 2: Fossil fuels,RDD,"Research, development and demonstration",USD_R,USD (constant prices and exchange rates),2022,,1360.99,,I,Imputed Value,F,Non-confidential,6,Millions,3,
DATAFLOW,OECD.IEA:RDDPUBLIC(1.0),Public energy technology RD&D budgets,I,IEATOT,Total IEA,A,Annual,PUBLIC,Total public,FOSSILFUEL,Group 2: Fossil fuels,RDD,"Research, development and demonstration",USD_R,USD (constant prices and exchange rates),2023,,1765.814,,I,Imputed Value,F,Non-confidential,6,Millions,3,
DATAFLOW,OECD.IEA:RDDPUBLIC(1.0),Public energy technology RD&D budgets,I,IEATOT,Total IEA,A,Annual,PUBLIC,Total public,FOSSILFUEL,Group 2: Fossil fuels,RDD,"Research, development and demonstration",USD_R,USD (constant prices and exchange rates),2024,,1597.296,,I,Imputed Value,F,Non-confidential,6,Millions,3,
DATAFLOW,OECD.IEA:RDDPUBLIC(1.0),Public energy technology RD&D budgets,I,LUXEMBOURG,Luxembourg,A,Annual,PUBLIC,Total public,FOSSILFUEL,Group 2: Fossil fuels,RDD,"Research, development and demonstration",USD_R,USD (constant prices and exchange rates),2011,,0,,I,Imputed Value,F,Non-confidential,6,Millions,3,
DATAFLOW,OECD.IEA:RDDPUBLIC(1.0),Public energy technology RD&D budgets,I,LUXEMBOURG,Luxembourg,A,Annual,PUBLIC,Total public,FOSSILFUEL,Group 2: Fossil fuels,RDD,"Research, development and demonstration",USD_R,USD (constant prices and exchange rates),2012,,0.03,,I,Imputed Value,F,Non-confidential,6,Millions,3,
DATAFLOW,OECD.IEA:RDDPUBLIC(1.0),Public energy technology RD&D budgets,I,DENMARK,Denmark,A,Annual,PUBLIC,Total public,FOSSILFUEL,Group 2: Fossil fuels,RDD,"Research, development and demonstration",USD_R,USD (constant prices and exchange rates),2000,,3.2,,I,Imputed Value,F,Non-confidential,6,Millions,3,
DATAFLOW,OECD.IEA:RDDPUBLIC(1.0),Public energy technology RD&D budgets,I,DENMARK,Denmark,A,Annual,PUBLIC,Total public,FOSSILFUEL,Group 2: Fossil fuels,RDD,"Research, development and demonstration",USD_R,USD (constant prices and exchange rates),2001,,3.031,,I,Imputed Value,F,Non-confidential,6,Millions,3,
DATAFLOW,OECD.IEA:RDDPUBLIC(1.0),Public energy technology RD&D budgets,I,DENMARK,Denmark,A,Annual,PUBLIC,Total public,FOSSILFUEL,Group 2: Fossil fuels,RDD,"Research, development and demonstration",USD_R,USD (constant prices and exchange rates),2002,,0,,I,Imputed Value,F,Non-confidential,6,Millions,3,
DATAFLOW,OECD.IEA:RDDPUBLIC(1.0),Public energy technology RD&D budgets,I,DENMARK,Denmark,A,Annual,PUBLIC,Total public,FOSSILFUEL,Group 2: Fossil fuels,RDD,"Research, development and demonstration",USD_R,USD (constant prices and exchange rates),2003,,0,,I,Imputed Value,F,Non-confidential,6,Millions,3,
DATAFLOW,OECD.IEA:RDDPUBLIC(1.0),Public energy technology RD&D budgets,I,DENMARK,Denmark,A,Annual,PUBLIC,Total public,FOSSILFUEL,Group 2: Fossil fuels,RDD,"Research, development and demonstration",USD_R,USD (constant prices and exchange rates),2004,,0,,I,Imputed Value,F,Non-confidential,6,Millions,3,
DATAFLOW,OECD.IEA:RDDPUBLIC(1.0),Public energy technology RD&D budgets,I,DENMARK,Denmark,A,Annual,PUBLIC,Total public,FOSSILFUEL,Group 2: Fossil fuels,RDD,"Research, development and demonstration",USD_R,USD (constant prices and exchange rates),2005,,13.129,,I,Imputed Value,F,Non-confidential,6,Millions,3,
DATAFLOW,OECD.IEA:RDDPUBLIC(1.0),Public energy technology RD&D budgets,I,DENMARK,Denmark,A,Annual,PUBLIC,Total public,FOSSILFUEL,Group 2: Fossil fuels,RDD,"Research, development and demonstration",USD_R,USD (constant prices and exchange rates),2006,,5.44,,I,Imputed Value,F,Non-confidential,6,Millions,3,
DATAFLOW,OECD.IEA:RDDPUBLIC(1.0),Public energy technology RD&D budgets,I,DENMARK,Denmark,A,Annual,PUBLIC,Total public,FOSSILFUEL,Group 2: Fossil fuels,RDD,"Research, development and demonstration",USD_R,USD (constant prices and exchange rates),2007,,4.02,,I,Imputed Value,F,Non-confidential,6,Millions,3,
DATAFLOW,OECD.IEA:RDDPUBLIC(1.0),Public energy technology RD&D budgets,I,DENMARK,Denmark,A,Annual,PUBLIC,Total public,FOSSILFUEL,Group 2: Fossil fuels,RDD,"Research, development and demonstration",USD_R,USD (constant prices and exchange rates),2008,,3.404,,I,Imputed Value,F,Non-confidential,6,Millions,3,
DATAFLOW,OECD.IEA:RDDPUBLIC(1.0),Public energy technology RD&D budgets,I,DENMARK,Denmark,A,Annual,PUBLIC,Total public,FOSSILFUEL,Group 2: Fossil fuels,RDD,"Research, development and demonstration",USD_R,USD (constant prices and exchange rates),2009,,5.32,,I,Imputed Value,F,Non-confidential,6,Millions,3,
DATAFLOW,OECD.IEA:RDDPUBLIC(1.0),Public energy technology RD&D budgets,I,DENMARK,Denmark,A,Annual,PUBLIC,Total public,FOSSILFUEL,Group 2: Fossil fuels,RDD,"Research, development and demonstration",USD_R,USD (constant prices and exchange rates),2010,,5.836,,I,Imputed Value,F,Non-confidential,6,Millions,3,
DATAFLOW,OECD.IEA:RDDPUBLIC(1.0),Public energy technology RD&D budgets,I,DENMARK,Denmark,A,Annual,PUBLIC,Total public,FOSSILFUEL,Group 2: Fossil fuels,RDD,"Research, development and demonstration",USD_R,USD (constant prices and exchange rates),2011,,5.284,,I,Imputed Value,F,Non-confidential,6,Millions,3,
DATAFLOW,OECD.IEA:RDDPUBLIC(1.0),Public energy technology RD&D budgets,I,DENMARK,Denmark,A,Annual,PUBLIC,Total public,FOSSILFUEL,Group 2: Fossil fuels,RDD,"Research, development and demonstration",USD_R,USD (constant prices and exchange rates),2012,,6.956,,I,Imputed Value,F,Non-confidential,6,Millions,3,
DATAFLOW,OECD.IEA:RDDPUBLIC(1.0),Public energy technology RD&D budgets,I,DENMARK,Denmark,A,Annual,PUBLIC,Total public,FOSSILFUEL,Group 2: Fossil fuels,RDD,"Research, development and demonstration",USD_R,USD (constant prices and exchange rates),2013,,1.436,,I,Imputed Value,F,Non-confidential,6,Millions,3,
DATAFLOW,OECD.IEA:RDDPUBLIC(1.0),Public energy technology RD&D budgets,I,DENMARK,Denmark,A,Annual,PUBLIC,Total public,FOSSILFUEL,Group 2: Fossil fuels,RDD,"Research, development and demonstration",USD_R,USD (constant prices and exchange rates),2014,,2.856,,I,Imputed Value,F,Non-confidential,6,Millions,3,
DATAFLOW,OECD.IEA:RDDPUBLIC(1.0),Public energy technology RD&D budgets,I,DENMARK,Denmark,A,Annual,PUBLIC,Total public,FOSSILFUEL,Group 2: Fossil fuels,RDD,"Research, development and demonstration",USD_R,USD (constant prices and exchange rates),2015,,5.97,,I,Imputed Value,F,Non-confidential,6,Millions,3,
DATAFLOW,OECD.IEA:RDDPUBLIC(1.0),Public energy technology RD&D budgets,I,DENMARK,Denmark,A,Annual,PUBLIC,Total public,FOSSILFUEL,Group 2: Fossil fuels,RDD,"Research, development and demonstration",USD_R,USD (constant prices and exchange rates),2016,,1.094,,I,Imputed Value,F,Non-confidential,6,Millions,3,
DATAFLOW,OECD.IEA:RDDPUBLIC(1.0),Public energy technology RD&D budgets,I,DENMARK,Denmark,A,Annual,PUBLIC,Total public,FOSSILFUEL,Group 2: Fossil fuels,RDD,"Research, development and demonstration",USD_R,USD (constant prices and exchange rates),2017,,3.874,,I,Imputed Value,F,Non-confidential,6,Millions,3,
DATAFLOW,OECD.IEA:RDDPUBLIC(1.0),Public energy technology RD&D budgets,I,DENMARK,Denmark,A,Annual,PUBLIC,Total public,FOSSILFUEL,Group 2: Fossil fuels,RDD,"Research, development and demonstration",USD_R,USD (constant prices and exchange rates),2018,,1.048,,I,Imputed Value,F,Non-confidential,6,Millions,3,
DATAFLOW,OECD.IEA:RDDPUBLIC(1.0),Public energy technology RD&D budgets,I,DENMARK,Denmark,A,Annual,PUBLIC,Total public,FOSSILFUEL,Group 2: Fossil fuels,RDD,"Research, development and demonstration",USD_R,USD (constant prices and exchange rates),2019,,0.124,,I,Imputed Value,F,Non-confidential,6,Millions,3,
DATAFLOW,OECD.IEA:RDDPUBLIC(1.0),Public energy technology RD&D budgets,I,DENMARK,Denmark,A,Annual,PUBLIC,Total public,FOSSILFUEL,Group 2: Fossil fuels,RDD,"Research, development and demonstration",USD_R,USD (constant prices and exchange rates),2020,,8.963,,I,Imputed Value,F,Non-confidential,6,Millions,3,
DATAFLOW,OECD.IEA:RDDPUBLIC(1.0),Public energy technology RD&D budgets,I,DENMARK,Denmark,A,Annual,PUBLIC,Total public,FOSSILFUEL,Group 2: Fossil fuels,RDD,"Research, development and demonstration",USD_R,USD (constant prices and exchange rates),2021,,71.601,,I,Imputed Value,F,Non-confidential,6,Millions,3,
DATAFLOW,OECD.IEA:RDDPUBLIC(1.0),Public energy technology RD&D budgets,I,DENMARK,Denmark,A,Annual,PUBLIC,Total public,FOSSILFUEL,Group 2: Fossil fuels,RDD,"Research, development and demonstration",USD_R,USD (constant prices and exchange rates),2022,,42.848,,I,Imputed Value,F,Non-confidential,6,Millions,3,
DATAFLOW,OECD.IEA:RDDPUBLIC(1.0),Public energy technology RD&D budgets,I,DENMARK,Denmark,A,Annual,PUBLIC,Total public,FOSSILFUEL,Group 2: Fossil fuels,RDD,"Research, development and demonstration",USD_R,USD (constant prices and exchange rates),2023,,14.136,,I,Imputed Value,F,Non-confidential,6,Millions,3,
DATAFLOW,OECD.IEA:RDDPUBLIC(1.0),Public energy technology RD&D budgets,I,DENMARK,Denmark,A,Annual,PUBLIC,Total public,FOSSILFUEL,Group 2: Fossil fuels,RDD,"Research, development and demonstration",USD_R,USD (constant prices and exchange rates),2024,,19.947,,P,Provisional Value,F,Non-confidential,6,Millions,3,
DATAFLOW,OECD.IEA:RDDPUBLIC(1.0),Public energy technology RD&D budgets,I,AUSTRIA,Austria,A,Annual,PUBLIC,Total public,RENEWABLE,Group 3: Renewable energy sources,RDD,"Research, development and demonstration",USD_R,USD (constant prices and exchange rates),2000,,11.885,,I,Imputed Value,F,Non-confidential,6,Millions,3,
DATAFLOW,OECD.IEA:RDDPUBLIC(1.0),Public energy technology RD&D budgets,I,AUSTRIA,Austria,A,Annual,PUBLIC,Total public,RENEWABLE,Group 3: Renewable energy sources,RDD,"Research, development and demonstration",USD_R,USD (constant prices and exchange rates),2001,,14.147,,I,Imputed Value,F,Non-confidential,6,Millions,3,
DATAFLOW,OECD.IEA:RDDPUBLIC(1.0),Public energy technology RD&D budgets,I,AUSTRIA,Austria,A,Annual,PUBLIC,Total public,RENEWABLE,Group 3: Renewable energy sources,RDD,"Research, development and demonstration",USD_R,USD (constant prices and exchange rates),2002,,17.102,,I,Imputed Value,F,Non-confidential,6,Millions,3,
DATAFLOW,OECD.IEA:RDDPUBLIC(1.0),Public energy technology RD&D budgets,I,AUSTRIA,Austria,A,Annual,PUBLIC,Total public,RENEWABLE,Group 3: Renewable energy sources,RDD,"Research, development and demonstration",USD_R,USD (constant prices and exchange rates),2003,,17.285,,I,Imputed Value,F,Non-confidential,6,Millions,3,
DATAFLOW,OECD.IEA:RDDPUBLIC(1.0),Public energy technology RD&D budgets,I,AUSTRIA,Austria,A,Annual,PUBLIC,Total public,RENEWABLE,Group 3: Renewable energy sources,RDD,"Research, development and demonstration",USD_R,USD (constant prices and exchange rates),2004,,16.363,,I,Imputed Value,F,Non-confidential,6,Millions,3,
DATAFLOW,OECD.IEA:RDDPUBLIC(1.0),Public energy technology RD&D budgets,I,AUSTRIA,Austria,A,Annual,PUBLIC,Total public,RENEWABLE,Group 3: Renewable energy sources,RDD,"Research, development and demonstration",USD_R,USD (constant prices and exchange rates),2005,,20.224,,I,Imputed Value,F,Non-confidential,6,Millions,3,
DATAFLOW,OECD.IEA:RDDPUBLIC(1.0),Public energy technology RD&D budgets,I,AUSTRIA,Austria,A,Annual,PUBLIC,Total public,RENEWABLE,Group 3: Renewable energy sources,RDD,"Research, development and demonstration",USD_R,USD (constant prices and exchange rates),2006,,22.666,,I,Imputed Value,F,Non-confidential,6,Millions,3,
DATAFLOW,OECD.IEA:RDDPUBLIC(1.0),Public energy technology RD&D budgets,I,AUSTRIA,Austria,A,Annual,PUBLIC,Total public,RENEWABLE,Group 3: Renewable energy sources,RDD,"Research, development and demonstration",USD_R,USD (constant prices and exchange rates),2007,,23.734,,I,Imputed Value,F,Non-confidential,6,Millions,3,
DATAFLOW,OECD.IEA:RDDPUBLIC(1.0),Public energy technology RD&D budgets,I,AUSTRIA,Austria,A,Annual,PUBLIC,Total public,RENEWABLE,Group 3: Renewable energy sources,RDD,"Research, development and demonstration",USD_R,USD (constant prices and exchange rates),2008,,38.445,,I,Imputed Value,F,Non-confidential,6,Millions,3,
DATAFLOW,OECD.IEA:RDDPUBLIC(1.0),Public energy technology RD&D budgets,I,AUSTRIA,Austria,A,Annual,PUBLIC,Total public,RENEWABLE,Group 3: Renewable energy sources,RDD,"Research, development and demonstration",USD_R,USD (constant prices and exchange rates),2009,,50.354,,I,Imputed Value,F,Non-confidential,6,Millions,3,
DATAFLOW,OECD.IEA:RDDPUBLIC(1.0),Public energy technology RD&D budgets,I,AUSTRIA,Austria,A,Annual,PUBLIC,Total public,RENEWABLE,Group 3: Renewable energy sources,RDD,"Research, development and demonstration",USD_R,USD (constant prices and exchange rates),2010,,51.448,,I,Imputed Value,F,Non-confidential,6,Millions,3,
DATAFLOW,OECD.IEA:RDDPUBLIC(1.0),Public energy technology RD&D budgets,I,AUSTRIA,Austria,A,Annual,PUBLIC,Total public,RENEWABLE,Group 3: Renewable energy sources,RDD,"Research, development and demonstration",USD_R,USD (constant prices and exchange rates),2011,,49.279,,I,Imputed Value,F,Non-confidential,6,Millions,3,
DATAFLOW,OECD.IEA:RDDPUBLIC(1.0),Public energy technology RD&D budgets,I,AUSTRIA,Austria,A,Annual,PUBLIC,Total public,RENEWABLE,Group 3: Renewable energy sources,RDD,"Research, development and demonstration",USD_R,USD (constant prices and exchange rates),2012,,41.53,,I,Imputed Value,F,Non-confidential,6,Millions,3,
DATAFLOW,OECD.IEA:RDDPUBLIC(1.0),Public energy technology RD&D budgets,I,AUSTRIA,Austria,A,Annual,PUBLIC,Total public,RENEWABLE,Group 3: Renewable energy sources,RDD,"Research, development and demonstration",USD_R,USD (constant prices and exchange rates),2013,,42.677,,I,Imputed Value,F,Non-confidential,6,Millions,3,
DATAFLOW,OECD.IEA:RDDPUBLIC(1.0),Public energy technology RD&D budgets,I,AUSTRIA,Austria,A,Annual,PUBLIC,Total public,RENEWABLE,Group 3: Renewable energy sources,RDD,"Research, development and demonstration",USD_R,USD (constant prices and exchange rates),2014,,45.994,,I,Imputed Value,F,Non-confidential,6,Millions,3,
DATAFLOW,OECD.IEA:RDDPUBLIC(1.0),Public energy technology RD&D budgets,I,AUSTRIA,Austria,A,Annual,PUBLIC,Total public,RENEWABLE,Group 3: Renewable energy sources,RDD,"Research, development and demonstration",USD_R,USD (constant prices and exchange rates),2015,,30.688,,I,Imputed Value,F,Non-confidential,6,Millions,3,
DATAFLOW,OECD.IEA:RDDPUBLIC(1.0),Public energy technology RD&D budgets,I,AUSTRIA,Austria,A,Annual,PUBLIC,Total public,RENEWABLE,Group 3: Renewable energy sources,RDD,"Research, development and demonstration",USD_R,USD (constant prices and exchange rates),2016,,41.559,,I,Imputed Value,F,Non-confidential,6,Millions,3,
DATAFLOW,OECD.IEA:RDDPUBLIC(1.0),Public energy technology RD&D budgets,I,AUSTRIA,Austria,A,Annual,PUBLIC,Total public,RENEWABLE,Group 3: Renewable energy sources,RDD,"Research, development and demonstration",USD_R,USD (constant prices and exchange rates),2017,,28.83,,I,Imputed Value,F,Non-confidential,6,Millions,3,
DATAFLOW,OECD.IEA:RDDPUBLIC(1.0),Public energy technology RD&D budgets,I,AUSTRIA,Austria,A,Annual,PUBLIC,Total public,RENEWABLE,Group 3: Renewable energy sources,RDD,"Research, development and demonstration",USD_R,USD (constant prices and exchange rates),2018,,30.728,,I,Imputed Value,F,Non-confidential,6,Millions,3,
DATAFLOW,OECD.IEA:RDDPUBLIC(1.0),Public energy technology RD&D budgets,I,AUSTRIA,Austria,A,Annual,PUBLIC,Total public,RENEWABLE,Group 3: Renewable energy sources,RDD,"Research, development and demonstration",USD_R,USD (constant prices and exchange rates),2019,,30.704,,I,Imputed Value,F,Non-confidential,6,Millions,3,
DATAFLOW,OECD.IEA:RDDPUBLIC(1.0),Public energy technology RD&D budgets,I,AUSTRIA,Austria,A,Annual,PUBLIC,Total public,RENEWABLE,Group 3: Renewable energy sources,RDD,"Research, development and demonstration",USD_R,USD (constant prices and exchange rates),2020,,27.415,,I,Imputed Value,F,Non-confidential,6,Millions,3,
DATAFLOW,OECD.IEA:RDDPUBLIC(1.0),Public energy technology RD&D budgets,I,AUSTRIA,Austria,A,Annual,PUBLIC,Total public,RENEWABLE,Group 3: Renewable energy sources,RDD,"Research, development and demonstration",USD_R,USD (constant prices and exchange rates),2021,,25.574,,I,Imputed Value,F,Non-confidential,6,Millions,3,
DATAFLOW,OECD.IEA:RDDPUBLIC(1.0),Public energy technology RD&D budgets,I,AUSTRIA,Austria,A,Annual,PUBLIC,Total public,RENEWABLE,Group 3: Renewable energy sources,RDD,"Research, development and demonstration",USD_R,USD (constant prices and exchange rates),2022,,35.27,,I,Imputed Value,F,Non-confidential,6,Millions,3,
DATAFLOW,OECD.IEA:RDDPUBLIC(1.0),Public energy technology RD&D budgets,I,AUSTRIA,Austria,A,Annual,PUBLIC,Total public,RENEWABLE,Group 3: Renewable energy sources,RDD,"Research, development and demonstration",USD_R,USD (constant prices and exchange rates),2023,,33.26,,I,Imputed Value,F,Non-confidential,6,Millions,3,
DATAFLOW,OECD.IEA:RDDPUBLIC(1.0),Public energy technology RD&D budgets,I,AUSTRIA,Austria,A,Annual,PUBLIC,Total public,RENEWABLE,Group 3: Renewable energy sources,RDD,"Research, development and demonstration",USD_R,USD (constant prices and exchange rates),2024,,74.831,,P,Provisional Value,F,Non-confidential,6,Millions,3,
DATAFLOW,OECD.IEA:RDDPUBLIC(1.0),Public energy technology RD&D budgets,I,IEAAM,IEA Americas,A,Annual,PUBLIC,Total public,TOTAL,Total,RDD,"Research, development and demonstration",USD_R,USD (constant prices and exchange rates),2000,,4350.553,,I,Imputed Value,F,Non-confidential,6,Millions,3,
DATAFLOW,OECD.IEA:RDDPUBLIC(1.0),Public energy technology RD&D budgets,I,IEAAM,IEA Americas,A,Annual,PUBLIC,Total public,TOTAL,Total,RDD,"Research, development and demonstration",USD_R,USD (constant prices and exchange rates),2001,,5200.108,,I,Imputed Value,F,Non-confidential,6,Millions,3,
DATAFLOW,OECD.IEA:RDDPUBLIC(1.0),Public energy technology RD&D budgets,I,IEAAM,IEA Americas,A,Annual,PUBLIC,Total public,TOTAL,Total,RDD,"Research, development and demonstration",USD_R,USD (constant prices and exchange rates),2002,,5224.798,,I,Imputed Value,F,Non-confidential,6,Millions,3,
DATAFLOW,OECD.IEA:RDDPUBLIC(1.0),Public energy technology RD&D budgets,I,IEAAM,IEA Americas,A,Annual,PUBLIC,Total public,TOTAL,Total,RDD,"Research, development and demonstration",USD_R,USD (constant prices and exchange rates),2003,,5012.496,,I,Imputed Value,F,Non-confidential,6,Millions,3,
DATAFLOW,OECD.IEA:RDDPUBLIC(1.0),Public energy technology RD&D budgets,I,IEAAM,IEA Americas,A,Annual,PUBLIC,Total public,TOTAL,Total,RDD,"Research, development and demonstration",USD_R,USD (constant prices and exchange rates),2004,,5011.195,,I,Imputed Value,F,Non-confidential,6,Millions,3,
DATAFLOW,OECD.IEA:RDDPUBLIC(1.0),Public energy technology RD&D budgets,I,IEAAM,IEA Americas,A,Annual,PUBLIC,Total public,TOTAL,Total,RDD,"Research, development and demonstration",USD_R,USD (constant prices and exchange rates),2005,,5702.517,,I,Imputed Value,F,Non-confidential,6,Millions,3,
DATAFLOW,OECD.IEA:RDDPUBLIC(1.0),Public energy technology RD&D budgets,I,IEAAM,IEA Americas,A,Annual,PUBLIC,Total public,TOTAL,Total,RDD,"Research, development and demonstration",USD_R,USD (constant prices and exchange rates),2006,,5418.837,,I,Imputed Value,F,Non-confidential,6,Millions,3,
DATAFLOW,OECD.IEA:RDDPUBLIC(1.0),Public energy technology RD&D budgets,I,IEAAM,IEA Americas,A,Annual,PUBLIC,Total public,TOTAL,Total,RDD,"Research, development and demonstration",USD_R,USD (constant prices and exchange rates),2007,,6734.684,,I,Imputed Value,F,Non-confidential,6,Millions,3,
DATAFLOW,OECD.IEA:RDDPUBLIC(1.0),Public energy technology RD&D budgets,I,IEAAM,IEA Americas,A,Annual,PUBLIC,Total public,TOTAL,Total,RDD,"Research, development and demonstration",USD_R,USD (constant prices and exchange rates),2008,,7191.925,,I,Imputed Value,F,Non-confidential,6,Millions,3,
DATAFLOW,OECD.IEA:RDDPUBLIC(1.0),Public energy technology RD&D budgets,I,IEAAM,IEA Americas,A,Annual,PUBLIC,Total public,TOTAL,Total,RDD,"Research, development and demonstration",USD_R,USD (constant prices and exchange rates),2009,,15166.534,,I,Imputed Value,F,Non-confidential,6,Millions,3,
DATAFLOW,OECD.IEA:RDDPUBLIC(1.0),Public energy technology RD&D budgets,I,IEAAM,IEA Americas,A,Annual,PUBLIC,Total public,TOTAL,Total,RDD,"Research, development and demonstration",USD_R,USD (constant prices and exchange rates),2010,,8196.068,,I,Imputed Value,F,Non-confidential,6,Millions,3,
DATAFLOW,OECD.IEA:RDDPUBLIC(1.0),Public energy technology RD&D budgets,I,IEAAM,IEA Americas,A,Annual,PUBLIC,Total public,TOTAL,Total,RDD,"Research, development and demonstration",USD_R,USD (constant prices and exchange rates),2011,,10083.536,,I,Imputed Value,F,Non-confidential,6,Millions,3,
DATAFLOW,OECD.IEA:RDDPUBLIC(1.0),Public energy technology RD&D budgets,I,IEAAM,IEA Americas,A,Annual,PUBLIC,Total public,TOTAL,Total,RDD,"Research, development and demonstration",USD_R,USD (constant prices and exchange rates),2012,,9886.823,,I,Imputed Value,F,Non-confidential,6,Millions,3,
DATAFLOW,OECD.IEA:RDDPUBLIC(1.0),Public energy technology RD&D budgets,I,IEAAM,IEA Americas,A,Annual,PUBLIC,Total public,TOTAL,Total,RDD,"Research, development and demonstration",USD_R,USD (constant prices and exchange rates),2013,,9454.873,,I,Imputed Value,F,Non-confidential,6,Millions,3,
DATAFLOW,OECD.IEA:RDDPUBLIC(1.0),Public energy technology RD&D budgets,I,IEAAM,IEA Americas,A,Annual,PUBLIC,Total public,TOTAL,Total,RDD,"Research, development and demonstration",USD_R,USD (constant prices and exchange rates),2014,,9225.796,,I,Imputed Value,F,Non-confidential,6,Millions,3,
DATAFLOW,OECD.IEA:RDDPUBLIC(1.0),Public energy technology RD&D budgets,I,IEAAM,IEA Americas,A,Annual,PUBLIC,Total public,TOTAL,Total,RDD,"Research, development and demonstration",USD_R,USD (constant prices and exchange rates),2015,,8809.43,,I,Imputed Value,F,Non-confidential,6,Millions,3,
DATAFLOW,OECD.IEA:RDDPUBLIC(1.0),Public energy technology RD&D budgets,I,IEAAM,IEA Americas,A,Annual,PUBLIC,Total public,TOTAL,Total,RDD,"Research, development and demonstration",USD_R,USD (constant prices and exchange rates),2016,,8822.94,,I,Imputed Value,F,Non-confidential,6,Millions,3,
DATAFLOW,OECD.IEA:RDDPUBLIC(1.0),Public energy technology RD&D budgets,I,IEAAM,IEA Americas,A,Annual,PUBLIC,Total public,TOTAL,Total,RDD,"Research, development and demonstration",USD_R,USD (constant prices and exchange rates),2017,,8948.783,,I,Imputed Value,F,Non-confidential,6,Millions,3,
DATAFLOW,OECD.IEA:RDDPUBLIC(1.0),Public energy technology RD&D budgets,I,IEAAM,IEA Americas,A,Annual,PUBLIC,Total public,TOTAL,Total,RDD,"Research, development and demonstration",USD_R,USD (constant prices and exchange rates),2018,,10338.383,,I,Imputed Value,F,Non-confidential,6,Millions,3,
DATAFLOW,OECD.IEA:RDDPUBLIC(1.0),Public energy technology RD&D budgets,I,IEAAM,IEA Americas,A,Annual,PUBLIC,Total public,TOTAL,Total,RDD,"Research, development and demonstration",USD_R,USD (constant prices and exchange rates),2019,,10652.559,,I,Imputed Value,F,Non-confidential,6,Millions,3,
DATAFLOW,OECD.IEA:RDDPUBLIC(1.0),Public energy technology RD&D budgets,I,IEAAM,IEA Americas,A,Annual,PUBLIC,Total public,TOTAL,Total,RDD,"Research, development and demonstration",USD_R,USD (constant prices and exchange rates),2020,,11343.129,,I,Imputed Value,F,Non-confidential,6,Millions,3,
DATAFLOW,OECD.IEA:RDDPUBLIC(1.0),Public energy technology RD&D budgets,I,IEAAM,IEA Americas,A,Annual,PUBLIC,Total public,TOTAL,Total,RDD,"Research, development and demonstration",USD_R,USD (constant prices and exchange rates),2021,,11334.601,,I,Imputed Value,F,Non-confidential,6,Millions,3,
DATAFLOW,OECD.IEA:RDDPUBLIC(1.0),Public energy technology RD&D budgets,I,IEAAM,IEA Americas,A,Annual,PUBLIC,Total public,TOTAL,Total,RDD,"Research, development and demonstration",USD_R,USD (constant prices and exchange rates),2022,,11136.82,,I,Imputed Value,F,Non-confidential,6,Millions,3,
DATAFLOW,OECD.IEA:RDDPUBLIC(1.0),Public energy technology RD&D budgets,I,IEAAM,IEA Americas,A,Annual,PUBLIC,Total public,TOTAL,Total,RDD,"Research, development and demonstration",USD_R,USD (constant prices and exchange rates),2023,,12669.658,,I,Imputed Value,F,Non-confidential,6,Millions,3,
DATAFLOW,OECD.IEA:RDDPUBLIC(1.0),Public energy technology RD&D budgets,I,IEAAM,IEA Americas,A,Annual,PUBLIC,Total public,TOTAL,Total,RDD,"Research, development and demonstration",USD_R,USD (constant prices and exchange rates),2024,,12970.222,,I,Imputed Value,F,Non-confidential,6,Millions,3,
DATAFLOW,OECD.IEA:RDDPUBLIC(1.0),Public energy technology RD&D budgets,I,CANADA,Canada,A,Annual,PUBLIC,Total public,TOTAL,Total,RDD,"Research, development and demonstration",USD_R,USD (constant prices and exchange rates),2000,,342.885,,I,Imputed Value,F,Non-confidential,6,Millions,3,
DATAFLOW,OECD.IEA:RDDPUBLIC(1.0),Public energy technology RD&D budgets,I,CANADA,Canada,A,Annual,PUBLIC,Total public,TOTAL,Total,RDD,"Research, development and demonstration",USD_R,USD (constant prices and exchange rates),2001,,371.376,,I,Imputed Value,F,Non-confidential,6,Millions,3,
DATAFLOW,OECD.IEA:RDDPUBLIC(1.0),Public energy technology RD&D budgets,I,CANADA,Canada,A,Annual,PUBLIC,Total public,TOTAL,Total,RDD,"Research, development and demonstration",USD_R,USD (constant prices and exchange rates),2002,,401.883,,I,Imputed Value,F,Non-confidential,6,Millions,3,
DATAFLOW,OECD.IEA:RDDPUBLIC(1.0),Public energy technology RD&D budgets,I,CANADA,Canada,A,Annual,PUBLIC,Total public,TOTAL,Total,RDD,"Research, development and demonstration",USD_R,USD (constant prices and exchange rates),2003,,441.096,,I,Imputed Value,F,Non-confidential,6,Millions,3,
DATAFLOW,OECD.IEA:RDDPUBLIC(1.0),Public energy technology RD&D budgets,I,CANADA,Canada,A,Annual,PUBLIC,Total public,TOTAL,Total,RDD,"Research, development and demonstration",USD_R,USD (constant prices and exchange rates),2004,,367.963,,I,Imputed Value,F,Non-confidential,6,Millions,3,
DATAFLOW,OECD.IEA:RDDPUBLIC(1.0),Public energy technology RD&D budgets,I,CANADA,Canada,A,Annual,PUBLIC,Total public,TOTAL,Total,RDD,"Research, development and demonstration",USD_R,USD (constant prices and exchange rates),2005,,567.635,,I,Imputed Value,F,Non-confidential,6,Millions,3,
DATAFLOW,OECD.IEA:RDDPUBLIC(1.0),Public energy technology RD&D budgets,I,CANADA,Canada,A,Annual,PUBLIC,Total public,TOTAL,Total,RDD,"Research, development and demonstration",USD_R,USD (constant prices and exchange rates),2006,,672.315,,I,Imputed Value,F,Non-confidential,6,Millions,3,
DATAFLOW,OECD.IEA:RDDPUBLIC(1.0),Public energy technology RD&D budgets,I,CANADA,Canada,A,Annual,PUBLIC,Total public,TOTAL,Total,RDD,"Research, development and demonstration",USD_R,USD (constant prices and exchange rates),2007,,680.705,,I,Imputed Value,F,Non-confidential,6,Millions,3,
DATAFLOW,OECD.IEA:RDDPUBLIC(1.0),Public energy technology RD&D budgets,I,CANADA,Canada,A,Annual,PUBLIC,Total public,TOTAL,Total,RDD,"Research, development and demonstration",USD_R,USD (constant prices and exchange rates),2008,,704.222,,I,Imputed Value,F,Non-confidential,6,Millions,3,
DATAFLOW,OECD.IEA:RDDPUBLIC(1.0),Public energy technology RD&D budgets,I,CANADA,Canada,A,Annual,PUBLIC,Total public,TOTAL,Total,RDD,"Research, development and demonstration",USD_R,USD (constant prices and exchange rates),2009,,1067.202,,I,Imputed Value,F,Non-confidential,6,Millions,3,
DATAFLOW,OECD.IEA:RDDPUBLIC(1.0),Public energy technology RD&D budgets,I,CANADA,Canada,A,Annual,PUBLIC,Total public,TOTAL,Total,RDD,"Research, development and demonstration",USD_R,USD (constant prices and exchange rates),2010,,1211.87,,I,Imputed Value,F,Non-confidential,6,Millions,3,
DATAFLOW,OECD.IEA:RDDPUBLIC(1.0),Public energy technology RD&D budgets,I,CANADA,Canada,A,Annual,PUBLIC,Total public,TOTAL,Total,RDD,"Research, development and demonstration",USD_R,USD (constant prices and exchange rates),2011,,1017.783,,I,Imputed Value,F,Non-confidential,6,Millions,3,
DATAFLOW,OECD.IEA:RDDPUBLIC(1.0),Public energy technology RD&D budgets,I,CANADA,Canada,A,Annual,PUBLIC,Total public,TOTAL,Total,RDD,"Research, development and demonstration",USD_R,USD (constant prices and exchange rates),2012,,1253.22,,I,Imputed Value,F,Non-confidential,6,Millions,3,
DATAFLOW,OECD.IEA:RDDPUBLIC(1.0),Public energy technology RD&D budgets,I,CANADA,Canada,A,Annual,PUBLIC,Total public,TOTAL,Total,RDD,"Research, development and demonstration",USD_R,USD (constant prices and exchange rates),2013,,1295.427,,I,Imputed Value,F,Non-confidential,6,Millions,3,
DATAFLOW,OECD.IEA:RDDPUBLIC(1.0),Public energy technology RD&D budgets,I,CANADA,Canada,A,Annual,PUBLIC,Total public,TOTAL,Total,RDD,"Research, development and demonstration",USD_R,USD (constant prices and exchange rates),2014,,888.001,,I,Imputed Value,F,Non-confidential,6,Millions,3,
DATAFLOW,OECD.IEA:RDDPUBLIC(1.0),Public energy technology RD&D budgets,I,CANADA,Canada,A,Annual,PUBLIC,Total public,TOTAL,Total,RDD,"Research, development and demonstration",USD_R,USD (constant prices and exchange rates),2015,,855.843,,I,Imputed Value,F,Non-confidential,6,Millions,3,
DATAFLOW,OECD.IEA:RDDPUBLIC(1.0),Public energy technology RD&D budgets,I,CANADA,Canada,A,Annual,PUBLIC,Total public,TOTAL,Total,RDD,"Research, development and demonstration",USD_R,USD (constant prices and exchange rates),2016,,627.862,,I,Imputed Value,F,Non-confidential,6,Millions,3,
DATAFLOW,OECD.IEA:RDDPUBLIC(1.0),Public energy technology RD&D budgets,I,CANADA,Canada,A,Annual,PUBLIC,Total public,TOTAL,Total,RDD,"Research, development and demonstration",USD_R,USD (constant prices and exchange rates),2017,,739.533,,I,Imputed Value,F,Non-confidential,6,Millions,3,
DATAFLOW,OECD.IEA:RDDPUBLIC(1.0),Public energy technology RD&D budgets,I,CANADA,Canada,A,Annual,PUBLIC,Total public,TOTAL,Total,RDD,"Research, development and demonstration",USD_R,USD (constant prices and exchange rates),2018,,1055.842,,I,Imputed Value,F,Non-confidential,6,Millions,3,
DATAFLOW,OECD.IEA:RDDPUBLIC(1.0),Public energy technology RD&D budgets,I,CANADA,Canada,A,Annual,PUBLIC,Total public,TOTAL,Total,RDD,"Research, development and demonstration",USD_R,USD (constant prices and exchange rates),2019,,963.618,,I,Imputed Value,F,Non-confidential,6,Millions,3,
DATAFLOW,OECD.IEA:RDDPUBLIC(1.0),Public energy technology RD&D budgets,I,CANADA,Canada,A,Annual,PUBLIC,Total public,TOTAL,Total,RDD,"Research, development and demonstration",USD_R,USD (constant prices and exchange rates),2020,,1031.395,,I,Imputed Value,F,Non-confidential,6,Millions,3,
DATAFLOW,OECD.IEA:RDDPUBLIC(1.0),Public energy technology RD&D budgets,I,CANADA,Canada,A,Annual,PUBLIC,Total public,TOTAL,Total,RDD,"Research, development and demonstration",USD_R,USD (constant prices and exchange rates),2021,,1162.996,,I,Imputed Value,F,Non-confidential,6,Millions,3,
DATAFLOW,OECD.IEA:RDDPUBLIC(1.0),Public energy technology RD&D budgets,I,CANADA,Canada,A,Annual,PUBLIC,Total public,TOTAL,Total,RDD,"Research, development and demonstration",USD_R,USD (constant prices and exchange rates),2022,,1133.403,,I,Imputed Value,F,Non-confidential,6,Millions,3,
DATAFLOW,OECD.IEA:RDDPUBLIC(1.0),Public energy technology RD&D budgets,I,CANADA,Canada,A,Annual,PUBLIC,Total public,TOTAL,Total,RDD,"Research, development and demonstration",USD_R,USD (constant prices and exchange rates),2023,,1400.658,,I,Imputed Value,F,Non-confidential,6,Millions,3,
DATAFLOW,OECD.IEA:RDDPUBLIC(1.0),Public energy technology RD&D budgets,I,CANADA,Canada,A,Annual,PUBLIC,Total public,TOTAL,Total,RDD,"Research, development and demonstration",USD_R,USD (constant prices and exchange rates),2024,,1561.17,,P,Provisional Value,F,Non-confidential,6,Millions,3,
DATAFLOW,OECD.IEA:RDDPUBLIC(1.0),Public energy technology RD&D budgets,I,JAPAN,Japan,A,Annual,PUBLIC,Total public,TOTAL,Total,RDD,"Research, development and demonstration",USD_R,USD (constant prices and exchange rates),2000,,2841.088,,I,Imputed Value,F,Non-confidential,6,Millions,3,
DATAFLOW,OECD.IEA:RDDPUBLIC(1.0),Public energy technology RD&D budgets,I,JAPAN,Japan,A,Annual,PUBLIC,Total public,TOTAL,Total,RDD,"Research, development and demonstration",USD_R,USD (constant prices and exchange rates),2001,,2853.729,,I,Imputed Value,F,Non-confidential,6,Millions,3,
DATAFLOW,OECD.IEA:RDDPUBLIC(1.0),Public energy technology RD&D budgets,I,JAPAN,Japan,A,Annual,PUBLIC,Total public,TOTAL,Total,RDD,"Research, development and demonstration",USD_R,USD (constant prices and exchange rates),2002,,3449.261,,I,Imputed Value,F,Non-confidential,6,Millions,3,
DATAFLOW,OECD.IEA:RDDPUBLIC(1.0),Public energy technology RD&D budgets,I,JAPAN,Japan,A,Annual,PUBLIC,Total public,TOTAL,Total,RDD,"Research, development and demonstration",USD_R,USD (constant prices and exchange rates),2003,,3153.431,,I,Imputed Value,F,Non-confidential,6,Millions,3,
DATAFLOW,OECD.IEA:RDDPUBLIC(1.0),Public energy technology RD&D budgets,I,JAPAN,Japan,A,Annual,PUBLIC,Total public,TOTAL,Total,RDD,"Research, development and demonstration",USD_R,USD (constant prices and exchange rates),2004,,2939.66,,I,Imputed Value,F,Non-confidential,6,Millions,3,
DATAFLOW,OECD.IEA:RDDPUBLIC(1.0),Public energy technology RD&D budgets,I,JAPAN,Japan,A,Annual,PUBLIC,Total public,TOTAL,Total,RDD,"Research, development and demonstration",USD_R,USD (constant prices and exchange rates),2005,,2944.748,,I,Imputed Value,F,Non-confidential,6,Millions,3,
DATAFLOW,OECD.IEA:RDDPUBLIC(1.0),Public energy technology RD&D budgets,I,JAPAN,Japan,A,Annual,PUBLIC,Total public,TOTAL,Total,RDD,"Research, development and demonstration",USD_R,USD (constant prices and exchange rates),2006,,2952.073,,I,Imputed Value,F,Non-confidential,6,Millions,3,
DATAFLOW,OECD.IEA:RDDPUBLIC(1.0),Public energy technology RD&D budgets,I,JAPAN,Japan,A,Annual,PUBLIC,Total public,TOTAL,Total,RDD,"Research, development and demonstration",USD_R,USD (constant prices and exchange rates),2007,,2852.732,,I,Imputed Value,F,Non-confidential,6,Millions,3,
DATAFLOW,OECD.IEA:RDDPUBLIC(1.0),Public energy technology RD&D budgets,I,JAPAN,Japan,A,Annual,PUBLIC,Total public,TOTAL,Total,RDD,"Research, development and demonstration",USD_R,USD (constant prices and exchange rates),2008,,2864.204,,I,Imputed Value,F,Non-confidential,6,Millions,3,
DATAFLOW,OECD.IEA:RDDPUBLIC(1.0),Public energy technology RD&D budgets,I,JAPAN,Japan,A,Annual,PUBLIC,Total public,TOTAL,Total,RDD,"Research, development and demonstration",USD_R,USD (constant prices and exchange rates),2009,,2665.551,,I,Imputed Value,F,Non-confidential,6,Millions,3,
DATAFLOW,OECD.IEA:RDDPUBLIC(1.0),Public energy technology RD&D budgets,I,JAPAN,Japan,A,Annual,PUBLIC,Total public,TOTAL,Total,RDD,"Research, development and demonstration",USD_R,USD (constant prices and exchange rates),2010,,2580.361,,I,Imputed Value,F,Non-confidential,6,Millions,3,
DATAFLOW,OECD.IEA:RDDPUBLIC(1.0),Public energy technology RD&D budgets,I,JAPAN,Japan,A,Annual,PUBLIC,Total public,TOTAL,Total,RDD,"Research, development and demonstration",USD_R,USD (constant prices and exchange rates),2011,,2783.099,,I,Imputed Value,F,Non-confidential,6,Millions,3,
DATAFLOW,OECD.IEA:RDDPUBLIC(1.0),Public energy technology RD&D budgets,I,JAPAN,Japan,A,Annual,PUBLIC,Total public,TOTAL,Total,RDD,"Research, development and demonstration",USD_R,USD (constant prices and exchange rates),2012,,2885.572,,I,Imputed Value,F,Non-confidential,6,Millions,3,
DATAFLOW,OECD.IEA:RDDPUBLIC(1.0),Public energy technology RD&D budgets,I,JAPAN,Japan,A,Annual,PUBLIC,Total public,TOTAL,Total,RDD,"Research, development and demonstration",USD_R,USD (constant prices and exchange rates),2013,,2242.772,,I,Imputed Value,F,Non-confidential,6,Millions,3,
DATAFLOW,OECD.IEA:RDDPUBLIC(1.0),Public energy technology RD&D budgets,I,JAPAN,Japan,A,Annual,PUBLIC,Total public,TOTAL,Total,RDD,"Research, development and demonstration",USD_R,USD (constant prices and exchange rates),2014,,2554.327,,I,Imputed Value,F,Non-confidential,6,Millions,3,
DATAFLOW,OECD.IEA:RDDPUBLIC(1.0),Public energy technology RD&D budgets,I,JAPAN,Japan,A,Annual,PUBLIC,Total public,TOTAL,Total,RDD,"Research, development and demonstration",USD_R,USD (constant prices and exchange rates),2015,,2146.456,,I,Imputed Value,F,Non-confidential,6,Millions,3,
DATAFLOW,OECD.IEA:RDDPUBLIC(1.0),Public energy technology RD&D budgets,I,JAPAN,Japan,A,Annual,PUBLIC,Total public,TOTAL,Total,RDD,"Research, development and demonstration",USD_R,USD (constant prices and exchange rates),2016,,2008.158,,I,Imputed Value,F,Non-confidential,6,Millions,3,
DATAFLOW,OECD.IEA:RDDPUBLIC(1.0),Public energy technology RD&D budgets,I,JAPAN,Japan,A,Annual,PUBLIC,Total public,TOTAL,Total,RDD,"Research, development and demonstration",USD_R,USD (constant prices and exchange rates),2017,,1916.32,,I,Imputed Value,F,Non-confidential,6,Millions,3,
DATAFLOW,OECD.IEA:RDDPUBLIC(1.0),Public energy technology RD&D budgets,I,JAPAN,Japan,A,Annual,PUBLIC,Total public,TOTAL,Total,RDD,"Research, development and demonstration",USD_R,USD (constant prices and exchange rates),2018,,2296.624,,I,Imputed Value,F,Non-confidential,6,Millions,3,
DATAFLOW,OECD.IEA:RDDPUBLIC(1.0),Public energy technology RD&D budgets,I,JAPAN,Japan,A,Annual,PUBLIC,Total public,TOTAL,Total,RDD,"Research, development and demonstration",USD_R,USD (constant prices and exchange rates),2019,,2243.243,,I,Imputed Value,F,Non-confidential,6,Millions,3,
DATAFLOW,OECD.IEA:RDDPUBLIC(1.0),Public energy technology RD&D budgets,I,JAPAN,Japan,A,Annual,PUBLIC,Total public,TOTAL,Total,RDD,"Research, development and demonstration",USD_R,USD (constant prices and exchange rates),2020,,2234.83,,I,Imputed Value,F,Non-confidential,6,Millions,3,
DATAFLOW,OECD.IEA:RDDPUBLIC(1.0),Public energy technology RD&D budgets,I,JAPAN,Japan,A,Annual,PUBLIC,Total public,TOTAL,Total,RDD,"Research, development and demonstration",USD_R,USD (constant prices and exchange rates),2021,,2215.342,,I,Imputed Value,F,Non-confidential,6,Millions,3,
DATAFLOW,OECD.IEA:RDDPUBLIC(1.0),Public energy technology RD&D budgets,I,JAPAN,Japan,A,Annual,PUBLIC,Total public,TOTAL,Total,RDD,"Research, development and demonstration",USD_R,USD (constant prices and exchange rates),2022,,2163.914,,I,Imputed Value,F,Non-confidential,6,Millions,3,
DATAFLOW,OECD.IEA:RDDPUBLIC(1.0),Public energy technology RD&D budgets,I,JAPAN,Japan,A,Annual,PUBLIC,Total public,TOTAL,Total,RDD,"Research, development and demonstration",USD_R,USD (constant prices and exchange rates),2023,,2240.609,,I,Imputed Value,F,Non-confidential,6,Millions,3,
DATAFLOW,OECD.IEA:RDDPUBLIC(1.0),Public energy technology RD&D budgets,I,JAPAN,Japan,A,Annual,PUBLIC,Total public,TOTAL,Total,RDD,"Research, development and demonstration",USD_R,USD (constant prices and exchange rates),2024,,2698.221,,P,Provisional Value,F,Non-confidential,6,Millions,3,
DATAFLOW,OECD.IEA:RDDPUBLIC(1.0),Public energy technology RD&D budgets,I,IEATOT,Total IEA,A,Annual,PUBLIC,Total public,TOTAL,Total,RDD,"Research, development and demonstration",USD_R,USD (constant prices and exchange rates),2000,,10677.002,,I,Imputed Value,F,Non-confidential,6,Millions,3,
DATAFLOW,OECD.IEA:RDDPUBLIC(1.0),Public energy technology RD&D budgets,I,IEATOT,Total IEA,A,Annual,PUBLIC,Total public,TOTAL,Total,RDD,"Research, development and demonstration",USD_R,USD (constant prices and exchange rates),2001,,11410.585,,I,Imputed Value,F,Non-confidential,6,Millions,3,
DATAFLOW,OECD.IEA:RDDPUBLIC(1.0),Public energy technology RD&D budgets,I,IEATOT,Total IEA,A,Annual,PUBLIC,Total public,TOTAL,Total,RDD,"Research, development and demonstration",USD_R,USD (constant prices and exchange rates),2002,,12799.753,,I,Imputed Value,F,Non-confidential,6,Millions,3,
DATAFLOW,OECD.IEA:RDDPUBLIC(1.0),Public energy technology RD&D budgets,I,IEATOT,Total IEA,A,Annual,PUBLIC,Total public,TOTAL,Total,RDD,"Research, development and demonstration",USD_R,USD (constant prices and exchange rates),2003,,12585.199,,I,Imputed Value,F,Non-confidential,6,Millions,3,
DATAFLOW,OECD.IEA:RDDPUBLIC(1.0),Public energy technology RD&D budgets,I,IEATOT,Total IEA,A,Annual,PUBLIC,Total public,TOTAL,Total,RDD,"Research, development and demonstration",USD_R,USD (constant prices and exchange rates),2004,,12768.875,,I,Imputed Value,F,Non-confidential,6,Millions,3,
DATAFLOW,OECD.IEA:RDDPUBLIC(1.0),Public energy technology RD&D budgets,I,IEATOT,Total IEA,A,Annual,PUBLIC,Total public,TOTAL,Total,RDD,"Research, development and demonstration",USD_R,USD (constant prices and exchange rates),2005,,13436.753,,I,Imputed Value,F,Non-confidential,6,Millions,3,
DATAFLOW,OECD.IEA:RDDPUBLIC(1.0),Public energy technology RD&D budgets,I,IEATOT,Total IEA,A,Annual,PUBLIC,Total public,TOTAL,Total,RDD,"Research, development and demonstration",USD_R,USD (constant prices and exchange rates),2006,,13810.774,,I,Imputed Value,F,Non-confidential,6,Millions,3,
DATAFLOW,OECD.IEA:RDDPUBLIC(1.0),Public energy technology RD&D budgets,I,IEATOT,Total IEA,A,Annual,PUBLIC,Total public,TOTAL,Total,RDD,"Research, development and demonstration",USD_R,USD (constant prices and exchange rates),2007,,15674.387,,I,Imputed Value,F,Non-confidential,6,Millions,3,
DATAFLOW,OECD.IEA:RDDPUBLIC(1.0),Public energy technology RD&D budgets,I,IEATOT,Total IEA,A,Annual,PUBLIC,Total public,TOTAL,Total,RDD,"Research, development and demonstration",USD_R,USD (constant prices and exchange rates),2008,,16491.289,,I,Imputed Value,F,Non-confidential,6,Millions,3,
DATAFLOW,OECD.IEA:RDDPUBLIC(1.0),Public energy technology RD&D budgets,I,IEATOT,Total IEA,A,Annual,PUBLIC,Total public,TOTAL,Total,RDD,"Research, development and demonstration",USD_R,USD (constant prices and exchange rates),2009,,25821.902,,I,Imputed Value,F,Non-confidential,6,Millions,3,
DATAFLOW,OECD.IEA:RDDPUBLIC(1.0),Public energy technology RD&D budgets,I,IEATOT,Total IEA,A,Annual,PUBLIC,Total public,TOTAL,Total,RDD,"Research, development and demonstration",USD_R,USD (constant prices and exchange rates),2010,,19453.622,,I,Imputed Value,F,Non-confidential,6,Millions,3,
DATAFLOW,OECD.IEA:RDDPUBLIC(1.0),Public energy technology RD&D budgets,I,IEATOT,Total IEA,A,Annual,PUBLIC,Total public,TOTAL,Total,RDD,"Research, development and demonstration",USD_R,USD (constant prices and exchange rates),2011,,21573.854,,I,Imputed Value,F,Non-confidential,6,Millions,3,
DATAFLOW,OECD.IEA:RDDPUBLIC(1.0),Public energy technology RD&D budgets,I,IEATOT,Total IEA,A,Annual,PUBLIC,Total public,TOTAL,Total,RDD,"Research, development and demonstration",USD_R,USD (constant prices and exchange rates),2012,,21497.123,,I,Imputed Value,F,Non-confidential,6,Millions,3,
DATAFLOW,OECD.IEA:RDDPUBLIC(1.0),Public energy technology RD&D budgets,I,IEATOT,Total IEA,A,Annual,PUBLIC,Total public,TOTAL,Total,RDD,"Research, development and demonstration",USD_R,USD (constant prices and exchange rates),2013,,20568.061,,I,Imputed Value,F,Non-confidential,6,Millions,3,
DATAFLOW,OECD.IEA:RDDPUBLIC(1.0),Public energy technology RD&D budgets,I,IEATOT,Total IEA,A,Annual,PUBLIC,Total public,TOTAL,Total,RDD,"Research, development and demonstration",USD_R,USD (constant prices and exchange rates),2014,,20052.283,,I,Imputed Value,F,Non-confidential,6,Millions,3,
DATAFLOW,OECD.IEA:RDDPUBLIC(1.0),Public energy technology RD&D budgets,I,IEATOT,Total IEA,A,Annual,PUBLIC,Total public,TOTAL,Total,RDD,"Research, development and demonstration",USD_R,USD (constant prices and exchange rates),2015,,19232.26,,I,Imputed Value,F,Non-confidential,6,Millions,3,
DATAFLOW,OECD.IEA:RDDPUBLIC(1.0),Public energy technology RD&D budgets,I,IEATOT,Total IEA,A,Annual,PUBLIC,Total public,TOTAL,Total,RDD,"Research, development and demonstration",USD_R,USD (constant prices and exchange rates),2016,,18820.581,,I,Imputed Value,F,Non-confidential,6,Millions,3,
DATAFLOW,OECD.IEA:RDDPUBLIC(1.0),Public energy technology RD&D budgets,I,IEATOT,Total IEA,A,Annual,PUBLIC,Total public,TOTAL,Total,RDD,"Research, development and demonstration",USD_R,USD (constant prices and exchange rates),2017,,19301.354,,I,Imputed Value,F,Non-confidential,6,Millions,3,
DATAFLOW,OECD.IEA:RDDPUBLIC(1.0),Public energy technology RD&D budgets,I,IEATOT,Total IEA,A,Annual,PUBLIC,Total public,TOTAL,Total,RDD,"Research, development and demonstration",USD_R,USD (constant prices and exchange rates),2018,,21193.486,,I,Imputed Value,F,Non-confidential,6,Millions,3,
DATAFLOW,OECD.IEA:RDDPUBLIC(1.0),Public energy technology RD&D budgets,I,IEATOT,Total IEA,A,Annual,PUBLIC,Total public,TOTAL,Total,RDD,"Research, development and demonstration",USD_R,USD (constant prices and exchange rates),2019,,22303.436,,I,Imputed Value,F,Non-confidential,6,Millions,3,
DATAFLOW,OECD.IEA:RDDPUBLIC(1.0),Public energy technology RD&D budgets,I,IEATOT,Total IEA,A,Annual,PUBLIC,Total public,TOTAL,Total,RDD,"Research, development and demonstration",USD_R,USD (constant prices and exchange rates),2020,,23146.09,,I,Imputed Value,F,Non-confidential,6,Millions,3,
DATAFLOW,OECD.IEA:RDDPUBLIC(1.0),Public energy technology RD&D budgets,I,IEATOT,Total IEA,A,Annual,PUBLIC,Total public,TOTAL,Total,RDD,"Research, development and demonstration",USD_R,USD (constant prices and exchange rates),2021,,24866.317,,I,Imputed Value,F,Non-confidential,6,Millions,3,
DATAFLOW,OECD.IEA:RDDPUBLIC(1.0),Public energy technology RD&D budgets,I,IEATOT,Total IEA,A,Annual,PUBLIC,Total public,TOTAL,Total,RDD,"Research, development and demonstration",USD_R,USD (constant prices and exchange rates),2022,,25265.263,,I,Imputed Value,F,Non-confidential,6,Millions,3,
DATAFLOW,OECD.IEA:RDDPUBLIC(1.0),Public energy technology RD&D budgets,I,IEATOT,Total IEA,A,Annual,PUBLIC,Total public,TOTAL,Total,RDD,"Research, development and demonstration",USD_R,USD (constant prices and exchange rates),2023,,27872.93,,I,Imputed Value,F,Non-confidential,6,Millions,3,
DATAFLOW,OECD.IEA:RDDPUBLIC(1.0),Public energy technology RD&D budgets,I,IEATOT,Total IEA,A,Annual,PUBLIC,Total public,TOTAL,Total,RDD,"Research, development and demonstration",USD_R,USD (constant prices and exchange rates),2024,,28914.332,,I,Imputed Value,F,Non-confidential,6,Millions,3,
DATAFLOW,OECD.IEA:RDDPUBLIC(1.0),Public energy technology RD&D budgets,I,MEXICO,Mexico,A,Annual,PUBLIC,Total public,RENEWABLE,Group 3: Renewable energy sources,RDD,"Research, development and demonstration",USD_R,USD (constant prices and exchange rates),2013,,5.75,,I,Imputed Value,F,Non-confidential,6,Millions,3,
DATAFLOW,OECD.IEA:RDDPUBLIC(1.0),Public energy technology RD&D budgets,I,MEXICO,Mexico,A,Annual,PUBLIC,Total public,RENEWABLE,Group 3: Renewable energy sources,RDD,"Research, development and demonstration",USD_R,USD (constant prices and exchange rates),2014,,59.443,,I,Imputed Value,F,Non-confidential,6,Millions,3,
DATAFLOW,OECD.IEA:RDDPUBLIC(1.0),Public energy technology RD&D budgets,I,MEXICO,Mexico,A,Annual,PUBLIC,Total public,RENEWABLE,Group 3: Renewable energy sources,RDD,"Research, development and demonstration",USD_R,USD (constant prices and exchange rates),2015,,27.819,,I,Imputed Value,F,Non-confidential,6,Millions,3,
DATAFLOW,OECD.IEA:RDDPUBLIC(1.0),Public energy technology RD&D budgets,I,MEXICO,Mexico,A,Annual,PUBLIC,Total public,RENEWABLE,Group 3: Renewable energy sources,RDD,"Research, development and demonstration",USD_R,USD (constant prices and exchange rates),2016,,50.255,,I,Imputed Value,F,Non-confidential,6,Millions,3,
DATAFLOW,OECD.IEA:RDDPUBLIC(1.0),Public energy technology RD&D budgets,I,MEXICO,Mexico,A,Annual,PUBLIC,Total public,RENEWABLE,Group 3: Renewable energy sources,RDD,"Research, development and demonstration",USD_R,USD (constant prices and exchange rates),2017,,46.08,,I,Imputed Value,F,Non-confidential,6,Millions,3,
DATAFLOW,OECD.IEA:RDDPUBLIC(1.0),Public energy technology RD&D budgets,I,MEXICO,Mexico,A,Annual,PUBLIC,Total public,RENEWABLE,Group 3: Renewable energy sources,RDD,"Research, development and demonstration",USD_R,USD (constant prices and exchange rates),2018,,41.063,,I,Imputed Value,F,Non-confidential,6,Millions,3,
DATAFLOW,OECD.IEA:RDDPUBLIC(1.0),Public energy technology RD&D budgets,I,MEXICO,Mexico,A,Annual,PUBLIC,Total public,RENEWABLE,Group 3: Renewable energy sources,RDD,"Research, development and demonstration",USD_R,USD (constant prices and exchange rates),2019,,8.773,,I,Imputed Value,F,Non-confidential,6,Millions,3,
DATAFLOW,OECD.IEA:RDDPUBLIC(1.0),Public energy technology RD&D budgets,I,MEXICO,Mexico,A,Annual,PUBLIC,Total public,RENEWABLE,Group 3: Renewable energy sources,RDD,"Research, development and demonstration",USD_R,USD (constant prices and exchange rates),2020,,12.258,,I,Imputed Value,F,Non-confidential,6,Millions,3,
DATAFLOW,OECD.IEA:RDDPUBLIC(1.0),Public energy technology RD&D budgets,I,MEXICO,Mexico,A,Annual,PUBLIC,Total public,RENEWABLE,Group 3: Renewable energy sources,RDD,"Research, development and demonstration",USD_R,USD (constant prices and exchange rates),2021,,5.38,,I,Imputed Value,F,Non-confidential,6,Millions,3,
DATAFLOW,OECD.IEA:RDDPUBLIC(1.0),Public energy technology RD&D budgets,I,MEXICO,Mexico,A,Annual,PUBLIC,Total public,RENEWABLE,Group 3: Renewable energy sources,RDD,"Research, development and demonstration",USD_R,USD (constant prices and exchange rates),2022,,0,,I,Imputed Value,F,Non-confidential,6,Millions,3,
DATAFLOW,OECD.IEA:RDDPUBLIC(1.0),Public energy technology RD&D budgets,I,MEXICO,Mexico,A,Annual,PUBLIC,Total public,RENEWABLE,Group 3: Renewable energy sources,RDD,"Research, development and demonstration",USD_R,USD (constant prices and exchange rates),2023,,0.497,,I,Imputed Value,F,Non-confidential,6,Millions,3,
DATAFLOW,OECD.IEA:RDDPUBLIC(1.0),Public energy technology RD&D budgets,I,MEXICO,Mexico,A,Annual,PUBLIC,Total public,RENEWABLE,Group 3: Renewable energy sources,RDD,"Research, development and demonstration",USD_R,USD (constant prices and exchange rates),2024,,0.711,,P,Provisional Value,F,Non-confidential,6,Millions,3,
DATAFLOW,OECD.IEA:RDDPUBLIC(1.0),Public energy technology RD&D budgets,I,SLOVAKIA,Slovak Republic,A,Annual,PUBLIC,Total public,RENEWABLE,Group 3: Renewable energy sources,RDD,"Research, development and demonstration",USD_R,USD (constant prices and exchange rates),2003,,0.009,,I,Imputed Value,F,Non-confidential,6,Millions,3,
DATAFLOW,OECD.IEA:RDDPUBLIC(1.0),Public energy technology RD&D budgets,I,SLOVAKIA,Slovak Republic,A,Annual,PUBLIC,Total public,RENEWABLE,Group 3: Renewable energy sources,RDD,"Research, development and demonstration",USD_R,USD (constant prices and exchange rates),2004,,0.007,,I,Imputed Value,F,Non-confidential,6,Millions,3,
DATAFLOW,OECD.IEA:RDDPUBLIC(1.0),Public energy technology RD&D budgets,I,SLOVAKIA,Slovak Republic,A,Annual,PUBLIC,Total public,RENEWABLE,Group 3: Renewable energy sources,RDD,"Research, development and demonstration",USD_R,USD (constant prices and exchange rates),2008,,5.45,,I,Imputed Value,F,Non-confidential,6,Millions,3,
DATAFLOW,OECD.IEA:RDDPUBLIC(1.0),Public energy technology RD&D budgets,I,SLOVAKIA,Slovak Republic,A,Annual,PUBLIC,Total public,RENEWABLE,Group 3: Renewable energy sources,RDD,"Research, development and demonstration",USD_R,USD (constant prices and exchange rates),2009,,6.713,,I,Imputed Value,F,Non-confidential,6,Millions,3,
DATAFLOW,OECD.IEA:RDDPUBLIC(1.0),Public energy technology RD&D budgets,I,SLOVAKIA,Slovak Republic,A,Annual,PUBLIC,Total public,RENEWABLE,Group 3: Renewable energy sources,RDD,"Research, development and demonstration",USD_R,USD (constant prices and exchange rates),2010,,7.772,,I,Imputed Value,F,Non-confidential,6,Millions,3,
DATAFLOW,OECD.IEA:RDDPUBLIC(1.0),Public energy technology RD&D budgets,I,SLOVAKIA,Slovak Republic,A,Annual,PUBLIC,Total public,RENEWABLE,Group 3: Renewable energy sources,RDD,"Research, development and demonstration",USD_R,USD (constant prices and exchange rates),2011,,20.875,,I,Imputed Value,F,Non-confidential,6,Millions,3,
DATAFLOW,OECD.IEA:RDDPUBLIC(1.0),Public energy technology RD&D budgets,I,SLOVAKIA,Slovak Republic,A,Annual,PUBLIC,Total public,RENEWABLE,Group 3: Renewable energy sources,RDD,"Research, development and demonstration",USD_R,USD (constant prices and exchange rates),2012,,19.038,,I,Imputed Value,F,Non-confidential,6,Millions,3,
DATAFLOW,OECD.IEA:RDDPUBLIC(1.0),Public energy technology RD&D budgets,I,SLOVAKIA,Slovak Republic,A,Annual,PUBLIC,Total public,RENEWABLE,Group 3: Renewable energy sources,RDD,"Research, development and demonstration",USD_R,USD (constant prices and exchange rates),2013,,20.014,,I,Imputed Value,F,Non-confidential,6,Millions,3,
DATAFLOW,OECD.IEA:RDDPUBLIC(1.0),Public energy technology RD&D budgets,I,SLOVAKIA,Slovak Republic,A,Annual,PUBLIC,Total public,RENEWABLE,Group 3: Renewable energy sources,RDD,"Research, development and demonstration",USD_R,USD (constant prices and exchange rates),2014,,18.406,,I,Imputed Value,F,Non-confidential,6,Millions,3,
DATAFLOW,OECD.IEA:RDDPUBLIC(1.0),Public energy technology RD&D budgets,I,SLOVAKIA,Slovak Republic,A,Annual,PUBLIC,Total public,RENEWABLE,Group 3: Renewable energy sources,RDD,"Research, development and demonstration",USD_R,USD (constant prices and exchange rates),2015,,1.711,,I,Imputed Value,F,Non-confidential,6,Millions,3,
DATAFLOW,OECD.IEA:RDDPUBLIC(1.0),Public energy technology RD&D budgets,I,SLOVAKIA,Slovak Republic,A,Annual,PUBLIC,Total public,RENEWABLE,Group 3: Renewable energy sources,RDD,"Research, development and demonstration",USD_R,USD (constant prices and exchange rates),2016,,14.627,,I,Imputed Value,F,Non-confidential,6,Millions,3,
DATAFLOW,OECD.IEA:RDDPUBLIC(1.0),Public energy technology RD&D budgets,I,SLOVAKIA,Slovak Republic,A,Annual,PUBLIC,Total public,RENEWABLE,Group 3: Renewable energy sources,RDD,"Research, development and demonstration",USD_R,USD (constant prices and exchange rates),2017,,0.487,,I,Imputed Value,F,Non-confidential,6,Millions,3,
DATAFLOW,OECD.IEA:RDDPUBLIC(1.0),Public energy technology RD&D budgets,I,SLOVAKIA,Slovak Republic,A,Annual,PUBLIC,Total public,RENEWABLE,Group 3: Renewable energy sources,RDD,"Research, development and demonstration",USD_R,USD (constant prices and exchange rates),2018,,1.293,,I,Imputed Value,F,Non-confidential,6,Millions,3,
DATAFLOW,OECD.IEA:RDDPUBLIC(1.0),Public energy technology RD&D budgets,I,SLOVAKIA,Slovak Republic,A,Annual,PUBLIC,Total public,RENEWABLE,Group 3: Renewable energy sources,RDD,"Research, development and demonstration",USD_R,USD (constant prices and exchange rates),2019,,1.002,,I,Imputed Value,F,Non-confidential,6,Millions,3,
DATAFLOW,OECD.IEA:RDDPUBLIC(1.0),Public energy technology RD&D budgets,I,SLOVAKIA,Slovak Republic,A,Annual,PUBLIC,Total public,RENEWABLE,Group 3: Renewable energy sources,RDD,"Research, development and demonstration",USD_R,USD (constant prices and exchange rates),2020,,0.595,,I,Imputed Value,F,Non-confidential,6,Millions,3,
DATAFLOW,OECD.IEA:RDDPUBLIC(1.0),Public energy technology RD&D budgets,I,SLOVAKIA,Slovak Republic,A,Annual,PUBLIC,Total public,RENEWABLE,Group 3: Renewable energy sources,RDD,"Research, development and demonstration",USD_R,USD (constant prices and exchange rates),2021,,0.419,,I,Imputed Value,F,Non-confidential,6,Millions,3,
DATAFLOW,OECD.IEA:RDDPUBLIC(1.0),Public energy technology RD&D budgets,I,SLOVAKIA,Slovak Republic,A,Annual,PUBLIC,Total public,RENEWABLE,Group 3: Renewable energy sources,RDD,"Research, development and demonstration",USD_R,USD (constant prices and exchange rates),2022,,0.58,,I,Imputed Value,F,Non-confidential,6,Millions,3,
DATAFLOW,OECD.IEA:RDDPUBLIC(1.0),Public energy technology RD&D budgets,I,SLOVAKIA,Slovak Republic,A,Annual,PUBLIC,Total public,RENEWABLE,Group 3: Renewable energy sources,RDD,"Research, development and demonstration",USD_R,USD (constant prices and exchange rates),2023,,0.475,,I,Imputed Value,F,Non-confidential,6,Millions,3,
DATAFLOW,OECD.IEA:RDDPUBLIC(1.0),Public energy technology RD&D budgets,I,SLOVAKIA,Slovak Republic,A,Annual,PUBLIC,Total public,RENEWABLE,Group 3: Renewable energy sources,RDD,"Research, development and demonstration",USD_R,USD (constant prices and exchange rates),2024,,0.425,,P,Provisional Value,F,Non-confidential,6,Millions,3,
DATAFLOW,OECD.IEA:RDDPUBLIC(1.0),Public energy technology RD&D budgets,I,SPAIN,Spain,A,Annual,PUBLIC,Total public,TOTAL,Total,RDD,"Research, development and demonstration",USD_R,USD (constant prices and exchange rates),2000,,89.857,,I,Imputed Value,F,Non-confidential,6,Millions,3,
DATAFLOW,OECD.IEA:RDDPUBLIC(1.0),Public energy technology RD&D budgets,I,SPAIN,Spain,A,Annual,PUBLIC,Total public,TOTAL,Total,RDD,"Research, development and demonstration",USD_R,USD (constant prices and exchange rates),2001,,86.962,,I,Imputed Value,F,Non-confidential,6,Millions,3,
DATAFLOW,OECD.IEA:RDDPUBLIC(1.0),Public energy technology RD&D budgets,I,SPAIN,Spain,A,Annual,PUBLIC,Total public,TOTAL,Total,RDD,"Research, development and demonstration",USD_R,USD (constant prices and exchange rates),2002,,76.974,,I,Imputed Value,F,Non-confidential,6,Millions,3,
DATAFLOW,OECD.IEA:RDDPUBLIC(1.0),Public energy technology RD&D budgets,I,SPAIN,Spain,A,Annual,PUBLIC,Total public,TOTAL,Total,RDD,"Research, development and demonstration",USD_R,USD (constant prices and exchange rates),2003,,89.715,,I,Imputed Value,F,Non-confidential,6,Millions,3,
DATAFLOW,OECD.IEA:RDDPUBLIC(1.0),Public energy technology RD&D budgets,I,SPAIN,Spain,A,Annual,PUBLIC,Total public,TOTAL,Total,RDD,"Research, development and demonstration",USD_R,USD (constant prices and exchange rates),2004,,68.422,,I,Imputed Value,F,Non-confidential,6,Millions,3,
DATAFLOW,OECD.IEA:RDDPUBLIC(1.0),Public energy technology RD&D budgets,I,SPAIN,Spain,A,Annual,PUBLIC,Total public,TOTAL,Total,RDD,"Research, development and demonstration",USD_R,USD (constant prices and exchange rates),2005,,74.188,,I,Imputed Value,F,Non-confidential,6,Millions,3,
DATAFLOW,OECD.IEA:RDDPUBLIC(1.0),Public energy technology RD&D budgets,I,SPAIN,Spain,A,Annual,PUBLIC,Total public,TOTAL,Total,RDD,"Research, development and demonstration",USD_R,USD (constant prices and exchange rates),2006,,84.678,,I,Imputed Value,F,Non-confidential,6,Millions,3,
DATAFLOW,OECD.IEA:RDDPUBLIC(1.0),Public energy technology RD&D budgets,I,SPAIN,Spain,A,Annual,PUBLIC,Total public,TOTAL,Total,RDD,"Research, development and demonstration",USD_R,USD (constant prices and exchange rates),2007,,102.832,,I,Imputed Value,F,Non-confidential,6,Millions,3,
DATAFLOW,OECD.IEA:RDDPUBLIC(1.0),Public energy technology RD&D budgets,I,SPAIN,Spain,A,Annual,PUBLIC,Total public,TOTAL,Total,RDD,"Research, development and demonstration",USD_R,USD (constant prices and exchange rates),2008,,117.83,,I,Imputed Value,F,Non-confidential,6,Millions,3,
DATAFLOW,OECD.IEA:RDDPUBLIC(1.0),Public energy technology RD&D budgets,I,SPAIN,Spain,A,Annual,PUBLIC,Total public,TOTAL,Total,RDD,"Research, development and demonstration",USD_R,USD (constant prices and exchange rates),2009,,188.75,,I,Imputed Value,F,Non-confidential,6,Millions,3,
DATAFLOW,OECD.IEA:RDDPUBLIC(1.0),Public energy technology RD&D budgets,I,SPAIN,Spain,A,Annual,PUBLIC,Total public,TOTAL,Total,RDD,"Research, development and demonstration",USD_R,USD (constant prices and exchange rates),2010,,196.032,,I,Imputed Value,F,Non-confidential,6,Millions,3,
DATAFLOW,OECD.IEA:RDDPUBLIC(1.0),Public energy technology RD&D budgets,I,SPAIN,Spain,A,Annual,PUBLIC,Total public,TOTAL,Total,RDD,"Research, development and demonstration",USD_R,USD (constant prices and exchange rates),2011,,370.419,,I,Imputed Value,F,Non-confidential,6,Millions,3,
DATAFLOW,OECD.IEA:RDDPUBLIC(1.0),Public energy technology RD&D budgets,I,SPAIN,Spain,A,Annual,PUBLIC,Total public,TOTAL,Total,RDD,"Research, development and demonstration",USD_R,USD (constant prices and exchange rates),2012,,219.188,,I,Imputed Value,F,Non-confidential,6,Millions,3,
DATAFLOW,OECD.IEA:RDDPUBLIC(1.0),Public energy technology RD&D budgets,I,SPAIN,Spain,A,Annual,PUBLIC,Total public,TOTAL,Total,RDD,"Research, development and demonstration",USD_R,USD (constant prices and exchange rates),2013,,97.304,,I,Imputed Value,F,Non-confidential,6,Millions,3,
DATAFLOW,OECD.IEA:RDDPUBLIC(1.0),Public energy technology RD&D budgets,I,SPAIN,Spain,A,Annual,PUBLIC,Total public,TOTAL,Total,RDD,"Research, development and demonstration",USD_R,USD (constant prices and exchange rates),2014,,128.865,,I,Imputed Value,F,Non-confidential,6,Millions,3,
DATAFLOW,OECD.IEA:RDDPUBLIC(1.0),Public energy technology RD&D budgets,I,SPAIN,Spain,A,Annual,PUBLIC,Total public,TOTAL,Total,RDD,"Research, development and demonstration",USD_R,USD (constant prices and exchange rates),2015,,143.481,,I,Imputed Value,F,Non-confidential,6,Millions,3,
DATAFLOW,OECD.IEA:RDDPUBLIC(1.0),Public energy technology RD&D budgets,I,SPAIN,Spain,A,Annual,PUBLIC,Total public,TOTAL,Total,RDD,"Research, development and demonstration",USD_R,USD (constant prices and exchange rates),2016,,116.502,,I,Imputed Value,F,Non-confidential,6,Millions,3,
DATAFLOW,OECD.IEA:RDDPUBLIC(1.0),Public energy technology RD&D budgets,I,SPAIN,Spain,A,Annual,PUBLIC,Total public,TOTAL,Total,RDD,"Research, development and demonstration",USD_R,USD (constant prices and exchange rates),2017,,100.149,,I,Imputed Value,F,Non-confidential,6,Millions,3,
DATAFLOW,OECD.IEA:RDDPUBLIC(1.0),Public energy technology RD&D budgets,I,SPAIN,Spain,A,Annual,PUBLIC,Total public,TOTAL,Total,RDD,"Research, development and demonstration",USD_R,USD (constant prices and exchange rates),2018,,132.364,,I,Imputed Value,F,Non-confidential,6,Millions,3,
DATAFLOW,OECD.IEA:RDDPUBLIC(1.0),Public energy technology RD&D budgets,I,SPAIN,Spain,A,Annual,PUBLIC,Total public,TOTAL,Total,RDD,"Research, development and demonstration",USD_R,USD (constant prices and exchange rates),2019,,129.748,,I,Imputed Value,F,Non-confidential,6,Millions,3,
DATAFLOW,OECD.IEA:RDDPUBLIC(1.0),Public energy technology RD&D budgets,I,SPAIN,Spain,A,Annual,PUBLIC,Total public,TOTAL,Total,RDD,"Research, development and demonstration",USD_R,USD (constant prices and exchange rates),2020,,106.342,,I,Imputed Value,F,Non-confidential,6,Millions,3,
DATAFLOW,OECD.IEA:RDDPUBLIC(1.0),Public energy technology RD&D budgets,I,SPAIN,Spain,A,Annual,PUBLIC,Total public,TOTAL,Total,RDD,"Research, development and demonstration",USD_R,USD (constant prices and exchange rates),2021,,824.35,,I,Imputed Value,F,Non-confidential,6,Millions,3,
DATAFLOW,OECD.IEA:RDDPUBLIC(1.0),Public energy technology RD&D budgets,I,SPAIN,Spain,A,Annual,PUBLIC,Total public,TOTAL,Total,RDD,"Research, development and demonstration",USD_R,USD (constant prices and exchange rates),2022,,1536.258,,I,Imputed Value,F,Non-confidential,6,Millions,3,
DATAFLOW,OECD.IEA:RDDPUBLIC(1.0),Public energy technology RD&D budgets,I,SPAIN,Spain,A,Annual,PUBLIC,Total public,TOTAL,Total,RDD,"Research, development and demonstration",USD_R,USD (constant prices and exchange rates),2023,,2154.748,,I,Imputed Value,F,Non-confidential,6,Millions,3,
DATAFLOW,OECD.IEA:RDDPUBLIC(1.0),Public energy technology RD&D budgets,I,PORTUGAL,Portugal,A,Annual,PUBLIC,Total public,RENEWABLE,Group 3: Renewable energy sources,RDD,"Research, development and demonstration",USD_R,USD (constant prices and exchange rates),2000,,1.476,,I,Imputed Value,F,Non-confidential,6,Millions,3,
DATAFLOW,OECD.IEA:RDDPUBLIC(1.0),Public energy technology RD&D budgets,I,PORTUGAL,Portugal,A,Annual,PUBLIC,Total public,RENEWABLE,Group 3: Renewable energy sources,RDD,"Research, development and demonstration",USD_R,USD (constant prices and exchange rates),2001,,0.737,,I,Imputed Value,F,Non-confidential,6,Millions,3,
DATAFLOW,OECD.IEA:RDDPUBLIC(1.0),Public energy technology RD&D budgets,I,PORTUGAL,Portugal,A,Annual,PUBLIC,Total public,RENEWABLE,Group 3: Renewable energy sources,RDD,"Research, development and demonstration",USD_R,USD (constant prices and exchange rates),2002,,2.243,,I,Imputed Value,F,Non-confidential,6,Millions,3,
DATAFLOW,OECD.IEA:RDDPUBLIC(1.0),Public energy technology RD&D budgets,I,PORTUGAL,Portugal,A,Annual,PUBLIC,Total public,RENEWABLE,Group 3: Renewable energy sources,RDD,"Research, development and demonstration",USD_R,USD (constant prices and exchange rates),2003,,0.44,,I,Imputed Value,F,Non-confidential,6,Millions,3,
DATAFLOW,OECD.IEA:RDDPUBLIC(1.0),Public energy technology RD&D budgets,I,PORTUGAL,Portugal,A,Annual,PUBLIC,Total public,RENEWABLE,Group 3: Renewable energy sources,RDD,"Research, development and demonstration",USD_R,USD (constant prices and exchange rates),2004,,2.092,,I,Imputed Value,F,Non-confidential,6,Millions,3,
DATAFLOW,OECD.IEA:RDDPUBLIC(1.0),Public energy technology RD&D budgets,I,PORTUGAL,Portugal,A,Annual,PUBLIC,Total public,RENEWABLE,Group 3: Renewable energy sources,RDD,"Research, development and demonstration",USD_R,USD (constant prices and exchange rates),2005,,0.842,,I,Imputed Value,F,Non-confidential,6,Millions,3,
DATAFLOW,OECD.IEA:RDDPUBLIC(1.0),Public energy technology RD&D budgets,I,PORTUGAL,Portugal,A,Annual,PUBLIC,Total public,RENEWABLE,Group 3: Renewable energy sources,RDD,"Research, development and demonstration",USD_R,USD (constant prices and exchange rates),2006,,0.571,,I,Imputed Value,F,Non-confidential,6,Millions,3,
DATAFLOW,OECD.IEA:RDDPUBLIC(1.0),Public energy technology RD&D budgets,I,PORTUGAL,Portugal,A,Annual,PUBLIC,Total public,RENEWABLE,Group 3: Renewable energy sources,RDD,"Research, development and demonstration",USD_R,USD (constant prices and exchange rates),2007,,1.224,,I,Imputed Value,F,Non-confidential,6,Millions,3,
DATAFLOW,OECD.IEA:RDDPUBLIC(1.0),Public energy technology RD&D budgets,I,PORTUGAL,Portugal,A,Annual,PUBLIC,Total public,RENEWABLE,Group 3: Renewable energy sources,RDD,"Research, development and demonstration",USD_R,USD (constant prices and exchange rates),2008,,0.406,,I,Imputed Value,F,Non-confidential,6,Millions,3,
DATAFLOW,OECD.IEA:RDDPUBLIC(1.0),Public energy technology RD&D budgets,I,PORTUGAL,Portugal,A,Annual,PUBLIC,Total public,RENEWABLE,Group 3: Renewable energy sources,RDD,"Research, development and demonstration",USD_R,USD (constant prices and exchange rates),2009,,1.292,,I,Imputed Value,F,Non-confidential,6,Millions,3,
DATAFLOW,OECD.IEA:RDDPUBLIC(1.0),Public energy technology RD&D budgets,I,PORTUGAL,Portugal,A,Annual,PUBLIC,Total public,RENEWABLE,Group 3: Renewable energy sources,RDD,"Research, development and demonstration",USD_R,USD (constant prices and exchange rates),2010,,1.03,,I,Imputed Value,F,Non-confidential,6,Millions,3,
DATAFLOW,OECD.IEA:RDDPUBLIC(1.0),Public energy technology RD&D budgets,I,PORTUGAL,Portugal,A,Annual,PUBLIC,Total public,RENEWABLE,Group 3: Renewable energy sources,RDD,"Research, development and demonstration",USD_R,USD (constant prices and exchange rates),2011,,0.469,,I,Imputed Value,F,Non-confidential,6,Millions,3,
DATAFLOW,OECD.IEA:RDDPUBLIC(1.0),Public energy technology RD&D budgets,I,PORTUGAL,Portugal,A,Annual,PUBLIC,Total public,RENEWABLE,Group 3: Renewable energy sources,RDD,"Research, development and demonstration",USD_R,USD (constant prices and exchange rates),2012,,2.217,,I,Imputed Value,F,Non-confidential,6,Millions,3,
DATAFLOW,OECD.IEA:RDDPUBLIC(1.0),Public energy technology RD&D budgets,I,PORTUGAL,Portugal,A,Annual,PUBLIC,Total public,RENEWABLE,Group 3: Renewable energy sources,RDD,"Research, development and demonstration",USD_R,USD (constant prices and exchange rates),2013,,7.807,,I,Imputed Value,F,Non-confidential,6,Millions,3,
DATAFLOW,OECD.IEA:RDDPUBLIC(1.0),Public energy technology RD&D budgets,I,PORTUGAL,Portugal,A,Annual,PUBLIC,Total public,RENEWABLE,Group 3: Renewable energy sources,RDD,"Research, development and demonstration",USD_R,USD (constant prices and exchange rates),2014,,7.267,,I,Imputed Value,F,Non-confidential,6,Millions,3,
DATAFLOW,OECD.IEA:RDDPUBLIC(1.0),Public energy technology RD&D budgets,I,PORTUGAL,Portugal,A,Annual,PUBLIC,Total public,RENEWABLE,Group 3: Renewable energy sources,RDD,"Research, development and demonstration",USD_R,USD (constant prices and exchange rates),2015,,6.331,,I,Imputed Value,F,Non-confidential,6,Millions,3,
DATAFLOW,OECD.IEA:RDDPUBLIC(1.0),Public energy technology RD&D budgets,I,PORTUGAL,Portugal,A,Annual,PUBLIC,Total public,RENEWABLE,Group 3: Renewable energy sources,RDD,"Research, development and demonstration",USD_R,USD (constant prices and exchange rates),2019,,14.682,,I,Imputed Value,F,Non-confidential,6,Millions,3,
DATAFLOW,OECD.IEA:RDDPUBLIC(1.0),Public energy technology RD&D budgets,I,PORTUGAL,Portugal,A,Annual,PUBLIC,Total public,RENEWABLE,Group 3: Renewable energy sources,RDD,"Research, development and demonstration",USD_R,USD (constant prices and exchange rates),2020,,17.764,,I,Imputed Value,F,Non-confidential,6,Millions,3,
DATAFLOW,OECD.IEA:RDDPUBLIC(1.0),Public energy technology RD&D budgets,I,PORTUGAL,Portugal,A,Annual,PUBLIC,Total public,RENEWABLE,Group 3: Renewable energy sources,RDD,"Research, development and demonstration",USD_R,USD (constant prices and exchange rates),2021,,18.527,,I,Imputed Value,F,Non-confidential,6,Millions,3,
DATAFLOW,OECD.IEA:RDDPUBLIC(1.0),Public energy technology RD&D budgets,I,PORTUGAL,Portugal,A,Annual,PUBLIC,Total public,RENEWABLE,Group 3: Renewable energy sources,RDD,"Research, development and demonstration",USD_R,USD (constant prices and exchange rates),2022,,19.726,,I,Imputed Value,F,Non-confidential,6,Millions,3,
DATAFLOW,OECD.IEA:RDDPUBLIC(1.0),Public energy technology RD&D budgets,I,PORTUGAL,Portugal,A,Annual,PUBLIC,Total public,RENEWABLE,Group 3: Renewable energy sources,RDD,"Research, development and demonstration",USD_R,USD (constant prices and exchange rates),2023,,20.732,,I,Imputed Value,F,Non-confidential,6,Millions,3,
DATAFLOW,OECD.IEA:RDDPUBLIC(1.0),Public energy technology RD&D budgets,I,BRAZIL,Brazil,A,Annual,PUBLIC,Total public,TOTAL,Total,RDD,"Research, development and demonstration",USD_R,USD (constant prices and exchange rates),2013,,984.017,,I,Imputed Value,F,Non-confidential,6,Millions,3,
DATAFLOW,OECD.IEA:RDDPUBLIC(1.0),Public energy technology RD&D budgets,I,BRAZIL,Brazil,A,Annual,PUBLIC,Total public,TOTAL,Total,RDD,"Research, development and demonstration",USD_R,USD (constant prices and exchange rates),2014,,1045.229,,I,Imputed Value,F,Non-confidential,6,Millions,3,
DATAFLOW,OECD.IEA:RDDPUBLIC(1.0),Public energy technology RD&D budgets,I,BRAZIL,Brazil,A,Annual,PUBLIC,Total public,TOTAL,Total,RDD,"Research, development and demonstration",USD_R,USD (constant prices and exchange rates),2015,,836.84,,I,Imputed Value,F,Non-confidential,6,Millions,3,
DATAFLOW,OECD.IEA:RDDPUBLIC(1.0),Public energy technology RD&D budgets,I,BRAZIL,Brazil,A,Annual,PUBLIC,Total public,TOTAL,Total,RDD,"Research, development and demonstration",USD_R,USD (constant prices and exchange rates),2016,,755.312,,I,Imputed Value,F,Non-confidential,6,Millions,3,
DATAFLOW,OECD.IEA:RDDPUBLIC(1.0),Public energy technology RD&D budgets,I,BRAZIL,Brazil,A,Annual,PUBLIC,Total public,TOTAL,Total,RDD,"Research, development and demonstration",USD_R,USD (constant prices and exchange rates),2017,,864.522,,I,Imputed Value,F,Non-confidential,6,Millions,3,
DATAFLOW,OECD.IEA:RDDPUBLIC(1.0),Public energy technology RD&D budgets,I,BRAZIL,Brazil,A,Annual,PUBLIC,Total public,TOTAL,Total,RDD,"Research, development and demonstration",USD_R,USD (constant prices and exchange rates),2018,,881.259,,I,Imputed Value,F,Non-confidential,6,Millions,3,
DATAFLOW,OECD.IEA:RDDPUBLIC(1.0),Public energy technology RD&D budgets,I,BRAZIL,Brazil,A,Annual,PUBLIC,Total public,TOTAL,Total,RDD,"Research, development and demonstration",USD_R,USD (constant prices and exchange rates),2019,,945.798,,I,Imputed Value,F,Non-confidential,6,Millions,3,
DATAFLOW,OECD.IEA:RDDPUBLIC(1.0),Public energy technology RD&D budgets,I,BRAZIL,Brazil,A,Annual,PUBLIC,Total public,TOTAL,Total,RDD,"Research, development and demonstration",USD_R,USD (constant prices and exchange rates),2020,,984.485,,I,Imputed Value,F,Non-confidential,6,Millions,3,
DATAFLOW,OECD.IEA:RDDPUBLIC(1.0),Public energy technology RD&D budgets,I,BRAZIL,Brazil,A,Annual,PUBLIC,Total public,TOTAL,Total,RDD,"Research, development and demonstration",USD_R,USD (constant prices and exchange rates),2021,,856.3,,I,Imputed Value,F,Non-confidential,6,Millions,3,
DATAFLOW,OECD.IEA:RDDPUBLIC(1.0),Public energy technology RD&D budgets,I,BRAZIL,Brazil,A,Annual,PUBLIC,Total public,TOTAL,Total,RDD,"Research, development and demonstration",USD_R,USD (constant prices and exchange rates),2022,,778.625,,I,Imputed Value,F,Non-confidential,6,Millions,3,
DATAFLOW,OECD.IEA:RDDPUBLIC(1.0),Public energy technology RD&D budgets,I,BRAZIL,Brazil,A,Annual,PUBLIC,Total public,TOTAL,Total,RDD,"Research, development and demonstration",USD_R,USD (constant prices and exchange rates),2023,,1056.01,,I,Imputed Value,F,Non-confidential,6,Millions,3,
DATAFLOW,OECD.IEA:RDDPUBLIC(1.0),Public energy technology RD&D budgets,I,FRANCE,France,A,Annual,PUBLIC,Total public,FOSSILFUEL,Group 2: Fossil fuels,RDD,"Research, development and demonstration",USD_R,USD (constant prices and exchange rates),2000,,48.743,,I,Imputed Value,F,Non-confidential,6,Millions,3,
DATAFLOW,OECD.IEA:RDDPUBLIC(1.0),Public energy technology RD&D budgets,I,FRANCE,France,A,Annual,PUBLIC,Total public,FOSSILFUEL,Group 2: Fossil fuels,RDD,"Research, development and demonstration",USD_R,USD (constant prices and exchange rates),2001,,53.003,,I,Imputed Value,F,Non-confidential,6,Millions,3,
DATAFLOW,OECD.IEA:RDDPUBLIC(1.0),Public energy technology RD&D budgets,I,FRANCE,France,A,Annual,PUBLIC,Total public,FOSSILFUEL,Group 2: Fossil fuels,RDD,"Research, development and demonstration",USD_R,USD (constant prices and exchange rates),2002,,333.981,,I,Imputed Value,F,Non-confidential,6,Millions,3,
DATAFLOW,OECD.IEA:RDDPUBLIC(1.0),Public energy technology RD&D budgets,I,FRANCE,France,A,Annual,PUBLIC,Total public,FOSSILFUEL,Group 2: Fossil fuels,RDD,"Research, development and demonstration",USD_R,USD (constant prices and exchange rates),2003,,318.235,,I,Imputed Value,F,Non-confidential,6,Millions,3,
DATAFLOW,OECD.IEA:RDDPUBLIC(1.0),Public energy technology RD&D budgets,I,FRANCE,France,A,Annual,PUBLIC,Total public,FOSSILFUEL,Group 2: Fossil fuels,RDD,"Research, development and demonstration",USD_R,USD (constant prices and exchange rates),2004,,269.179,,I,Imputed Value,F,Non-confidential,6,Millions,3,
DATAFLOW,OECD.IEA:RDDPUBLIC(1.0),Public energy technology RD&D budgets,I,FRANCE,France,A,Annual,PUBLIC,Total public,FOSSILFUEL,Group 2: Fossil fuels,RDD,"Research, development and demonstration",USD_R,USD (constant prices and exchange rates),2005,,254.437,,I,Imputed Value,F,Non-confidential,6,Millions,3,
DATAFLOW,OECD.IEA:RDDPUBLIC(1.0),Public energy technology RD&D budgets,I,FRANCE,France,A,Annual,PUBLIC,Total public,FOSSILFUEL,Group 2: Fossil fuels,RDD,"Research, development and demonstration",USD_R,USD (constant prices and exchange rates),2006,,247.228,,I,Imputed Value,F,Non-confidential,6,Millions,3,
DATAFLOW,OECD.IEA:RDDPUBLIC(1.0),Public energy technology RD&D budgets,I,FRANCE,France,A,Annual,PUBLIC,Total public,FOSSILFUEL,Group 2: Fossil fuels,RDD,"Research, development and demonstration",USD_R,USD (constant prices and exchange rates),2007,,235.969,,I,Imputed Value,F,Non-confidential,6,Millions,3,
DATAFLOW,OECD.IEA:RDDPUBLIC(1.0),Public energy technology RD&D budgets,I,FRANCE,France,A,Annual,PUBLIC,Total public,FOSSILFUEL,Group 2: Fossil fuels,RDD,"Research, development and demonstration",USD_R,USD (constant prices and exchange rates),2008,,228.261,,I,Imputed Value,F,Non-confidential,6,Millions,3,
DATAFLOW,OECD.IEA:RDDPUBLIC(1.0),Public energy technology RD&D budgets,I,FRANCE,France,A,Annual,PUBLIC,Total public,FOSSILFUEL,Group 2: Fossil fuels,RDD,"Research, development and demonstration",USD_R,USD (constant prices and exchange rates),2009,,286.475,,I,Imputed Value,F,Non-confidential,6,Millions,3,
DATAFLOW,OECD.IEA:RDDPUBLIC(1.0),Public energy technology RD&D budgets,I,FRANCE,France,A,Annual,PUBLIC,Total public,FOSSILFUEL,Group 2: Fossil fuels,RDD,"Research, development and demonstration",USD_R,USD (constant prices and exchange rates),2010,,270.327,,I,Imputed Value,F,Non-confidential,6,Millions,3,
DATAFLOW,OECD.IEA:RDDPUBLIC(1.0),Public energy technology RD&D budgets,I,FRANCE,France,A,Annual,PUBLIC,Total public,FOSSILFUEL,Group 2: Fossil fuels,RDD,"Research, development and demonstration",USD_R,USD (constant prices and exchange rates),2011,,172.493,,I,Imputed Value,F,Non-confidential,6,Millions,3,
DATAFLOW,OECD.IEA:RDDPUBLIC(1.0),Public energy technology RD&D budgets,I,FRANCE,France,A,Annual,PUBLIC,Total public,FOSSILFUEL,Group 2: Fossil fuels,RDD,"Research, development and demonstration",USD_R,USD (constant prices and exchange rates),2012,,163.632,,I,Imputed Value,F,Non-confidential,6,Millions,3,
DATAFLOW,OECD.IEA:RDDPUBLIC(1.0),Public energy technology RD&D budgets,I,FRANCE,France,A,Annual,PUBLIC,Total public,FOSSILFUEL,Group 2: Fossil fuels,RDD,"Research, development and demonstration",USD_R,USD (constant prices and exchange rates),2013,,168.56,,I,Imputed Value,F,Non-confidential,6,Millions,3,
DATAFLOW,OECD.IEA:RDDPUBLIC(1.0),Public energy technology RD&D budgets,I,FRANCE,France,A,Annual,PUBLIC,Total public,FOSSILFUEL,Group 2: Fossil fuels,RDD,"Research, development and demonstration",USD_R,USD (constant prices and exchange rates),2014,,160.317,,I,Imputed Value,F,Non-confidential,6,Millions,3,
DATAFLOW,OECD.IEA:RDDPUBLIC(1.0),Public energy technology RD&D budgets,I,FRANCE,France,A,Annual,PUBLIC,Total public,FOSSILFUEL,Group 2: Fossil fuels,RDD,"Research, development and demonstration",USD_R,USD (constant prices and exchange rates),2015,,151.755,,I,Imputed Value,F,Non-confidential,6,Millions,3,
DATAFLOW,OECD.IEA:RDDPUBLIC(1.0),Public energy technology RD&D budgets,I,FRANCE,France,A,Annual,PUBLIC,Total public,FOSSILFUEL,Group 2: Fossil fuels,RDD,"Research, development and demonstration",USD_R,USD (constant prices and exchange rates),2016,,101.505,,I,Imputed Value,F,Non-confidential,6,Millions,3,
DATAFLOW,OECD.IEA:RDDPUBLIC(1.0),Public energy technology RD&D budgets,I,FRANCE,France,A,Annual,PUBLIC,Total public,FOSSILFUEL,Group 2: Fossil fuels,RDD,"Research, development and demonstration",USD_R,USD (constant prices and exchange rates),2017,,74.68,,I,Imputed Value,F,Non-confidential,6,Millions,3,
DATAFLOW,OECD.IEA:RDDPUBLIC(1.0),Public energy technology RD&D budgets,I,FRANCE,France,A,Annual,PUBLIC,Total public,FOSSILFUEL,Group 2: Fossil fuels,RDD,"Research, development and demonstration",USD_R,USD (constant prices and exchange rates),2018,,60.925,,I,Imputed Value,F,Non-confidential,6,Millions,3,
DATAFLOW,OECD.IEA:RDDPUBLIC(1.0),Public energy technology RD&D budgets,I,FRANCE,France,A,Annual,PUBLIC,Total public,FOSSILFUEL,Group 2: Fossil fuels,RDD,"Research, development and demonstration",USD_R,USD (constant prices and exchange rates),2019,,49.134,,I,Imputed Value,F,Non-confidential,6,Millions,3,
DATAFLOW,OECD.IEA:RDDPUBLIC(1.0),Public energy technology RD&D budgets,I,FRANCE,France,A,Annual,PUBLIC,Total public,FOSSILFUEL,Group 2: Fossil fuels,RDD,"Research, development and demonstration",USD_R,USD (constant prices and exchange rates),2020,,61.104,,I,Imputed Value,F,Non-confidential,6,Millions,3,
DATAFLOW,OECD.IEA:RDDPUBLIC(1.0),Public energy technology RD&D budgets,I,FRANCE,France,A,Annual,PUBLIC,Total public,FOSSILFUEL,Group 2: Fossil fuels,RDD,"Research, development and demonstration",USD_R,USD (constant prices and exchange rates),2021,,64.139,,I,Imputed Value,F,Non-confidential,6,Millions,3,
DATAFLOW,OECD.IEA:RDDPUBLIC(1.0),Public energy technology RD&D budgets,I,FRANCE,France,A,Annual,PUBLIC,Total public,FOSSILFUEL,Group 2: Fossil fuels,RDD,"Research, development and demonstration",USD_R,USD (constant prices and exchange rates),2022,,71.228,,I,Imputed Value,F,Non-confidential,6,Millions,3,
DATAFLOW,OECD.IEA:RDDPUBLIC(1.0),Public energy technology RD&D budgets,I,FRANCE,France,A,Annual,PUBLIC,Total public,FOSSILFUEL,Group 2: Fossil fuels,RDD,"Research, development and demonstration",USD_R,USD (constant prices and exchange rates),2023,,60.066,,I,Imputed Value,F,Non-confidential,6,Millions,3,
DATAFLOW,OECD.IEA:RDDPUBLIC(1.0),Public energy technology RD&D budgets,I,FRANCE,France,A,Annual,PUBLIC,Total public,FOSSILFUEL,Group 2: Fossil fuels,RDD,"Research, development and demonstration",USD_R,USD (constant prices and exchange rates),2024,,55.168,,P,Provisional Value,F,Non-confidential,6,Millions,3,
DATAFLOW,OECD.IEA:RDDPUBLIC(1.0),Public energy technology RD&D budgets,I,CHILE,Chile,A,Annual,PUBLIC,Total public,RENEWABLE,Group 3: Renewable energy sources,RDD,"Research, development and demonstration",USD_R,USD (constant prices and exchange rates),2014,,10.715,,I,Imputed Value,F,Non-confidential,6,Millions,3,
DATAFLOW,OECD.IEA:RDDPUBLIC(1.0),Public energy technology RD&D budgets,I,CHILE,Chile,A,Annual,PUBLIC,Total public,RENEWABLE,Group 3: Renewable energy sources,RDD,"Research, development and demonstration",USD_R,USD (constant prices and exchange rates),2015,,6.308,,I,Imputed Value,F,Non-confidential,6,Millions,3,
DATAFLOW,OECD.IEA:RDDPUBLIC(1.0),Public energy technology RD&D budgets,I,CHILE,Chile,A,Annual,PUBLIC,Total public,RENEWABLE,Group 3: Renewable energy sources,RDD,"Research, development and demonstration",USD_R,USD (constant prices and exchange rates),2016,,5.098,,I,Imputed Value,F,Non-confidential,6,Millions,3,
DATAFLOW,OECD.IEA:RDDPUBLIC(1.0),Public energy technology RD&D budgets,I,CHILE,Chile,A,Annual,PUBLIC,Total public,RENEWABLE,Group 3: Renewable energy sources,RDD,"Research, development and demonstration",USD_R,USD (constant prices and exchange rates),2017,,6.806,,I,Imputed Value,F,Non-confidential,6,Millions,3,
DATAFLOW,OECD.IEA:RDDPUBLIC(1.0),Public energy technology RD&D budgets,I,CHILE,Chile,A,Annual,PUBLIC,Total public,RENEWABLE,Group 3: Renewable energy sources,RDD,"Research, development and demonstration",USD_R,USD (constant prices and exchange rates),2018,,5.445,,I,Imputed Value,F,Non-confidential,6,Millions,3,
DATAFLOW,OECD.IEA:RDDPUBLIC(1.0),Public energy technology RD&D budgets,I,CHILE,Chile,A,Annual,PUBLIC,Total public,RENEWABLE,Group 3: Renewable energy sources,RDD,"Research, development and demonstration",USD_R,USD (constant prices and exchange rates),2019,,5.602,,I,Imputed Value,F,Non-confidential,6,Millions,3,
DATAFLOW,OECD.IEA:RDDPUBLIC(1.0),Public energy technology RD&D budgets,I,CHILE,Chile,A,Annual,PUBLIC,Total public,RENEWABLE,Group 3: Renewable energy sources,RDD,"Research, development and demonstration",USD_R,USD (constant prices and exchange rates),2020,,2.926,,I,Imputed Value,F,Non-confidential,6,Millions,3,
DATAFLOW,OECD.IEA:RDDPUBLIC(1.0),Public energy technology RD&D budgets,I,CHILE,Chile,A,Annual,PUBLIC,Total public,RENEWABLE,Group 3: Renewable energy sources,RDD,"Research, development and demonstration",USD_R,USD (constant prices and exchange rates),2021,,1.632,,I,Imputed Value,F,Non-confidential,6,Millions,3,
DATAFLOW,OECD.IEA:RDDPUBLIC(1.0),Public energy technology RD&D budgets,I,CHILE,Chile,A,Annual,PUBLIC,Total public,RENEWABLE,Group 3: Renewable energy sources,RDD,"Research, development and demonstration",USD_R,USD (constant prices and exchange rates),2022,,2.75,,I,Imputed Value,F,Non-confidential,6,Millions,3,
DATAFLOW,OECD.IEA:RDDPUBLIC(1.0),Public energy technology RD&D budgets,I,CHILE,Chile,A,Annual,PUBLIC,Total public,RENEWABLE,Group 3: Renewable energy sources,RDD,"Research, development and demonstration",USD_R,USD (constant prices and exchange rates),2023,,2.58,,I,Imputed Value,F,Non-confidential,6,Millions,3,
DATAFLOW,OECD.IEA:RDDPUBLIC(1.0),Public energy technology RD&D budgets,I,CZECH,Czech Republic,A,Annual,PUBLIC,Total public,RENEWABLE,Group 3: Renewable energy sources,RDD,"Research, development and demonstration",USD_R,USD (constant prices and exchange rates),2003,,1.329,,I,Imputed Value,F,Non-confidential,6,Millions,3,
DATAFLOW,OECD.IEA:RDDPUBLIC(1.0),Public energy technology RD&D budgets,I,CZECH,Czech Republic,A,Annual,PUBLIC,Total public,RENEWABLE,Group 3: Renewable energy sources,RDD,"Research, development and demonstration",USD_R,USD (constant prices and exchange rates),2004,,0.84,,I,Imputed Value,F,Non-confidential,6,Millions,3,
DATAFLOW,OECD.IEA:RDDPUBLIC(1.0),Public energy technology RD&D budgets,I,CZECH,Czech Republic,A,Annual,PUBLIC,Total public,RENEWABLE,Group 3: Renewable energy sources,RDD,"Research, development and demonstration",USD_R,USD (constant prices and exchange rates),2005,,2.014,,I,Imputed Value,F,Non-confidential,6,Millions,3,
DATAFLOW,OECD.IEA:RDDPUBLIC(1.0),Public energy technology RD&D budgets,I,CZECH,Czech Republic,A,Annual,PUBLIC,Total public,RENEWABLE,Group 3: Renewable energy sources,RDD,"Research, development and demonstration",USD_R,USD (constant prices and exchange rates),2006,,2.553,,I,Imputed Value,F,Non-confidential,6,Millions,3,
DATAFLOW,OECD.IEA:RDDPUBLIC(1.0),Public energy technology RD&D budgets,I,CZECH,Czech Republic,A,Annual,PUBLIC,Total public,RENEWABLE,Group 3: Renewable energy sources,RDD,"Research, development and demonstration",USD_R,USD (constant prices and exchange rates),2007,,2.045,,I,Imputed Value,F,Non-confidential,6,Millions,3,
DATAFLOW,OECD.IEA:RDDPUBLIC(1.0),Public energy technology RD&D budgets,I,CZECH,Czech Republic,A,Annual,PUBLIC,Total public,RENEWABLE,Group 3: Renewable energy sources,RDD,"Research, development and demonstration",USD_R,USD (constant prices and exchange rates),2008,,9.156,,I,Imputed Value,F,Non-confidential,6,Millions,3,
DATAFLOW,OECD.IEA:RDDPUBLIC(1.0),Public energy technology RD&D budgets,I,CZECH,Czech Republic,A,Annual,PUBLIC,Total public,RENEWABLE,Group 3: Renewable energy sources,RDD,"Research, development and demonstration",USD_R,USD (constant prices and exchange rates),2009,,10.898,,I,Imputed Value,F,Non-confidential,6,Millions,3,
DATAFLOW,OECD.IEA:RDDPUBLIC(1.0),Public energy technology RD&D budgets,I,CZECH,Czech Republic,A,Annual,PUBLIC,Total public,RENEWABLE,Group 3: Renewable energy sources,RDD,"Research, development and demonstration",USD_R,USD (constant prices and exchange rates),2010,,10.508,,I,Imputed Value,F,Non-confidential,6,Millions,3,
DATAFLOW,OECD.IEA:RDDPUBLIC(1.0),Public energy technology RD&D budgets,I,CZECH,Czech Republic,A,Annual,PUBLIC,Total public,RENEWABLE,Group 3: Renewable energy sources,RDD,"Research, development and demonstration",USD_R,USD (constant prices and exchange rates),2011,,16.926,,I,Imputed Value,F,Non-confidential,6,Millions,3,
DATAFLOW,OECD.IEA:RDDPUBLIC(1.0),Public energy technology RD&D budgets,I,CZECH,Czech Republic,A,Annual,PUBLIC,Total public,RENEWABLE,Group 3: Renewable energy sources,RDD,"Research, development and demonstration",USD_R,USD (constant prices and exchange rates),2012,,14.29,,I,Imputed Value,F,Non-confidential,6,Millions,3,
DATAFLOW,OECD.IEA:RDDPUBLIC(1.0),Public energy technology RD&D budgets,I,CZECH,Czech Republic,A,Annual,PUBLIC,Total public,RENEWABLE,Group 3: Renewable energy sources,RDD,"Research, development and demonstration",USD_R,USD (constant prices and exchange rates),2013,,8.881,,I,Imputed Value,F,Non-confidential,6,Millions,3,
DATAFLOW,OECD.IEA:RDDPUBLIC(1.0),Public energy technology RD&D budgets,I,CZECH,Czech Republic,A,Annual,PUBLIC,Total public,RENEWABLE,Group 3: Renewable energy sources,RDD,"Research, development and demonstration",USD_R,USD (constant prices and exchange rates),2014,,8.816,,I,Imputed Value,F,Non-confidential,6,Millions,3,
DATAFLOW,OECD.IEA:RDDPUBLIC(1.0),Public energy technology RD&D budgets,I,CZECH,Czech Republic,A,Annual,PUBLIC,Total public,RENEWABLE,Group 3: Renewable energy sources,RDD,"Research, development and demonstration",USD_R,USD (constant prices and exchange rates),2015,,10.971,,I,Imputed Value,F,Non-confidential,6,Millions,3,
DATAFLOW,OECD.IEA:RDDPUBLIC(1.0),Public energy technology RD&D budgets,I,CZECH,Czech Republic,A,Annual,PUBLIC,Total public,RENEWABLE,Group 3: Renewable energy sources,RDD,"Research, development and demonstration",USD_R,USD (constant prices and exchange rates),2016,,9.584,,I,Imputed Value,F,Non-confidential,6,Millions,3,
DATAFLOW,OECD.IEA:RDDPUBLIC(1.0),Public energy technology RD&D budgets,I,CZECH,Czech Republic,A,Annual,PUBLIC,Total public,RENEWABLE,Group 3: Renewable energy sources,RDD,"Research, development and demonstration",USD_R,USD (constant prices and exchange rates),2017,,10.241,,I,Imputed Value,F,Non-confidential,6,Millions,3,
DATAFLOW,OECD.IEA:RDDPUBLIC(1.0),Public energy technology RD&D budgets,I,CZECH,Czech Republic,A,Annual,PUBLIC,Total public,RENEWABLE,Group 3: Renewable energy sources,RDD,"Research, development and demonstration",USD_R,USD (constant prices and exchange rates),2018,,10.522,,I,Imputed Value,F,Non-confidential,6,Millions,3,
DATAFLOW,OECD.IEA:RDDPUBLIC(1.0),Public energy technology RD&D budgets,I,CZECH,Czech Republic,A,Annual,PUBLIC,Total public,RENEWABLE,Group 3: Renewable energy sources,RDD,"Research, development and demonstration",USD_R,USD (constant prices and exchange rates),2019,,14.778,,I,Imputed Value,F,Non-confidential,6,Millions,3,
DATAFLOW,OECD.IEA:RDDPUBLIC(1.0),Public energy technology RD&D budgets,I,CZECH,Czech Republic,A,Annual,PUBLIC,Total public,RENEWABLE,Group 3: Renewable energy sources,RDD,"Research, development and demonstration",USD_R,USD (constant prices and exchange rates),2020,,13.599,,I,Imputed Value,F,Non-confidential,6,Millions,3,
DATAFLOW,OECD.IEA:RDDPUBLIC(1.0),Public energy technology RD&D budgets,I,CZECH,Czech Republic,A,Annual,PUBLIC,Total public,RENEWABLE,Group 3: Renewable energy sources,RDD,"Research, development and demonstration",USD_R,USD (constant prices and exchange rates),2021,,13.753,,I,Imputed Value,F,Non-confidential,6,Millions,3,
DATAFLOW,OECD.IEA:RDDPUBLIC(1.0),Public energy technology RD&D budgets,I,CZECH,Czech Republic,A,Annual,PUBLIC,Total public,RENEWABLE,Group 3: Renewable energy sources,RDD,"Research, development and demonstration",USD_R,USD (constant prices and exchange rates),2022,,9.227,,I,Imputed Value,F,Non-confidential,6,Millions,3,
DATAFLOW,OECD.IEA:RDDPUBLIC(1.0),Public energy technology RD&D budgets,I,CZECH,Czech Republic,A,Annual,PUBLIC,Total public,RENEWABLE,Group 3: Renewable energy sources,RDD,"Research, development and demonstration",USD_R,USD (constant prices and exchange rates),2023,,4.891,,I,Imputed Value,F,Non-confidential,6,Millions,3,
DATAFLOW,OECD.IEA:RDDPUBLIC(1.0),Public energy technology RD&D budgets,I,CZECH,Czech Republic,A,Annual,PUBLIC,Total public,RENEWABLE,Group 3: Renewable energy sources,RDD,"Research, development and demonstration",USD_R,USD (constant prices and exchange rates),2024,,4.21,,P,Provisional Value,F,Non-confidential,6,Millions,3,
DATAFLOW,OECD.IEA:RDDPUBLIC(1.0),Public energy technology RD&D budgets,I,SWEDEN,Sweden,A,Annual,PUBLIC,Total public,TOTAL,Total,RDD,"Research, development and demonstration",USD_R,USD (constant prices and exchange rates),2000,,104.354,,I,Imputed Value,F,Non-confidential,6,Millions,3,
DATAFLOW,OECD.IEA:RDDPUBLIC(1.0),Public energy technology RD&D budgets,I,SWEDEN,Sweden,A,Annual,PUBLIC,Total public,TOTAL,Total,RDD,"Research, development and demonstration",USD_R,USD (constant prices and exchange rates),2001,,119.966,,I,Imputed Value,F,Non-confidential,6,Millions,3,
DATAFLOW,OECD.IEA:RDDPUBLIC(1.0),Public energy technology RD&D budgets,I,SWEDEN,Sweden,A,Annual,PUBLIC,Total public,TOTAL,Total,RDD,"Research, development and demonstration",USD_R,USD (constant prices and exchange rates),2002,,131.975,,I,Imputed Value,F,Non-confidential,6,Millions,3,
DATAFLOW,OECD.IEA:RDDPUBLIC(1.0),Public energy technology RD&D budgets,I,SWEDEN,Sweden,A,Annual,PUBLIC,Total public,TOTAL,Total,RDD,"Research, development and demonstration",USD_R,USD (constant prices and exchange rates),2003,,132.248,,I,Imputed Value,F,Non-confidential,6,Millions,3,
DATAFLOW,OECD.IEA:RDDPUBLIC(1.0),Public energy technology RD&D budgets,I,SWEDEN,Sweden,A,Annual,PUBLIC,Total public,TOTAL,Total,RDD,"Research, development and demonstration",USD_R,USD (constant prices and exchange rates),2004,,139.876,,I,Imputed Value,F,Non-confidential,6,Millions,3,
DATAFLOW,OECD.IEA:RDDPUBLIC(1.0),Public energy technology RD&D budgets,I,SWEDEN,Sweden,A,Annual,PUBLIC,Total public,TOTAL,Total,RDD,"Research, development and demonstration",USD_R,USD (constant prices and exchange rates),2005,,80.619,,I,Imputed Value,F,Non-confidential,6,Millions,3,
DATAFLOW,OECD.IEA:RDDPUBLIC(1.0),Public energy technology RD&D budgets,I,SWEDEN,Sweden,A,Annual,PUBLIC,Total public,TOTAL,Total,RDD,"Research, development and demonstration",USD_R,USD (constant prices and exchange rates),2006,,118.336,,I,Imputed Value,F,Non-confidential,6,Millions,3,
DATAFLOW,OECD.IEA:RDDPUBLIC(1.0),Public energy technology RD&D budgets,I,SWEDEN,Sweden,A,Annual,PUBLIC,Total public,TOTAL,Total,RDD,"Research, development and demonstration",USD_R,USD (constant prices and exchange rates),2007,,120.565,,I,Imputed Value,F,Non-confidential,6,Millions,3,
DATAFLOW,OECD.IEA:RDDPUBLIC(1.0),Public energy technology RD&D budgets,I,SWEDEN,Sweden,A,Annual,PUBLIC,Total public,TOTAL,Total,RDD,"Research, development and demonstration",USD_R,USD (constant prices and exchange rates),2008,,130.944,,I,Imputed Value,F,Non-confidential,6,Millions,3,
DATAFLOW,OECD.IEA:RDDPUBLIC(1.0),Public energy technology RD&D budgets,I,SWEDEN,Sweden,A,Annual,PUBLIC,Total public,TOTAL,Total,RDD,"Research, development and demonstration",USD_R,USD (constant prices and exchange rates),2009,,194.985,,I,Imputed Value,F,Non-confidential,6,Millions,3,
DATAFLOW,OECD.IEA:RDDPUBLIC(1.0),Public energy technology RD&D budgets,I,SWEDEN,Sweden,A,Annual,PUBLIC,Total public,TOTAL,Total,RDD,"Research, development and demonstration",USD_R,USD (constant prices and exchange rates),2010,,201.581,,I,Imputed Value,F,Non-confidential,6,Millions,3,
DATAFLOW,OECD.IEA:RDDPUBLIC(1.0),Public energy technology RD&D budgets,I,SWEDEN,Sweden,A,Annual,PUBLIC,Total public,TOTAL,Total,RDD,"Research, development and demonstration",USD_R,USD (constant prices and exchange rates),2011,,170.439,,I,Imputed Value,F,Non-confidential,6,Millions,3,
DATAFLOW,OECD.IEA:RDDPUBLIC(1.0),Public energy technology RD&D budgets,I,SWEDEN,Sweden,A,Annual,PUBLIC,Total public,TOTAL,Total,RDD,"Research, development and demonstration",USD_R,USD (constant prices and exchange rates),2012,,161.873,,I,Imputed Value,F,Non-confidential,6,Millions,3,
DATAFLOW,OECD.IEA:RDDPUBLIC(1.0),Public energy technology RD&D budgets,I,SWEDEN,Sweden,A,Annual,PUBLIC,Total public,TOTAL,Total,RDD,"Research, development and demonstration",USD_R,USD (constant prices and exchange rates),2013,,184.966,,I,Imputed Value,F,Non-confidential,6,Millions,3,
DATAFLOW,OECD.IEA:RDDPUBLIC(1.0),Public energy technology RD&D budgets,I,SWEDEN,Sweden,A,Annual,PUBLIC,Total public,TOTAL,Total,RDD,"Research, development and demonstration",USD_R,USD (constant prices and exchange rates),2014,,197.86,,I,Imputed Value,F,Non-confidential,6,Millions,3,
DATAFLOW,OECD.IEA:RDDPUBLIC(1.0),Public energy technology RD&D budgets,I,SWEDEN,Sweden,A,Annual,PUBLIC,Total public,TOTAL,Total,RDD,"Research, development and demonstration",USD_R,USD (constant prices and exchange rates),2015,,208.477,,I,Imputed Value,F,Non-confidential,6,Millions,3,
DATAFLOW,OECD.IEA:RDDPUBLIC(1.0),Public energy technology RD&D budgets,I,SWEDEN,Sweden,A,Annual,PUBLIC,Total public,TOTAL,Total,RDD,"Research, development and demonstration",USD_R,USD (constant prices and exchange rates),2016,,210.129,,I,Imputed Value,F,Non-confidential,6,Millions,3,
DATAFLOW,OECD.IEA:RDDPUBLIC(1.0),Public energy technology RD&D budgets,I,SWEDEN,Sweden,A,Annual,PUBLIC,Total public,TOTAL,Total,RDD,"Research, development and demonstration",USD_R,USD (constant prices and exchange rates),2017,,201.075,,I,Imputed Value,F,Non-confidential,6,Millions,3,
DATAFLOW,OECD.IEA:RDDPUBLIC(1.0),Public energy technology RD&D budgets,I,SWEDEN,Sweden,A,Annual,PUBLIC,Total public,TOTAL,Total,RDD,"Research, development and demonstration",USD_R,USD (constant prices and exchange rates),2018,,210.625,,I,Imputed Value,F,Non-confidential,6,Millions,3,
DATAFLOW,OECD.IEA:RDDPUBLIC(1.0),Public energy technology RD&D budgets,I,SWEDEN,Sweden,A,Annual,PUBLIC,Total public,TOTAL,Total,RDD,"Research, development and demonstration",USD_R,USD (constant prices and exchange rates),2019,,210.067,,I,Imputed Value,F,Non-confidential,6,Millions,3,
DATAFLOW,OECD.IEA:RDDPUBLIC(1.0),Public energy technology RD&D budgets,I,SWEDEN,Sweden,A,Annual,PUBLIC,Total public,TOTAL,Total,RDD,"Research, development and demonstration",USD_R,USD (constant prices and exchange rates),2020,,257.128,,I,Imputed Value,F,Non-confidential,6,Millions,3,
DATAFLOW,OECD.IEA:RDDPUBLIC(1.0),Public energy technology RD&D budgets,I,SWEDEN,Sweden,A,Annual,PUBLIC,Total public,TOTAL,Total,RDD,"Research, development and demonstration",USD_R,USD (constant prices and exchange rates),2021,,302.852,,I,Imputed Value,F,Non-confidential,6,Millions,3,
DATAFLOW,OECD.IEA:RDDPUBLIC(1.0),Public energy technology RD&D budgets,I,SWEDEN,Sweden,A,Annual,PUBLIC,Total public,TOTAL,Total,RDD,"Research, development and demonstration",USD_R,USD (constant prices and exchange rates),2022,,285.516,,I,Imputed Value,F,Non-confidential,6,Millions,3,
DATAFLOW,OECD.IEA:RDDPUBLIC(1.0),Public energy technology RD&D budgets,I,SWEDEN,Sweden,A,Annual,PUBLIC,Total public,TOTAL,Total,RDD,"Research, development and demonstration",USD_R,USD (constant prices and exchange rates),2023,,281.073,,I,Imputed Value,F,Non-confidential,6,Millions,3,
DATAFLOW,OECD.IEA:RDDPUBLIC(1.0),Public energy technology RD&D budgets,I,SWEDEN,Sweden,A,Annual,PUBLIC,Total public,TOTAL,Total,RDD,"Research, development and demonstration",USD_R,USD (constant prices and exchange rates),2024,,282.657,,P,Provisional Value,F,Non-confidential,6,Millions,3,
DATAFLOW,OECD.IEA:RDDPUBLIC(1.0),Public energy technology RD&D budgets,I,CANADA,Canada,A,Annual,PUBLIC,Total public,FOSSILFUEL,Group 2: Fossil fuels,RDD,"Research, development and demonstration",USD_R,USD (constant prices and exchange rates),2000,,73.233,,I,Imputed Value,F,Non-confidential,6,Millions,3,
DATAFLOW,OECD.IEA:RDDPUBLIC(1.0),Public energy technology RD&D budgets,I,CANADA,Canada,A,Annual,PUBLIC,Total public,FOSSILFUEL,Group 2: Fossil fuels,RDD,"Research, development and demonstration",USD_R,USD (constant prices and exchange rates),2001,,87.986,,I,Imputed Value,F,Non-confidential,6,Millions,3,
DATAFLOW,OECD.IEA:RDDPUBLIC(1.0),Public energy technology RD&D budgets,I,CANADA,Canada,A,Annual,PUBLIC,Total public,FOSSILFUEL,Group 2: Fossil fuels,RDD,"Research, development and demonstration",USD_R,USD (constant prices and exchange rates),2002,,80.697,,I,Imputed Value,F,Non-confidential,6,Millions,3,
DATAFLOW,OECD.IEA:RDDPUBLIC(1.0),Public energy technology RD&D budgets,I,CANADA,Canada,A,Annual,PUBLIC,Total public,FOSSILFUEL,Group 2: Fossil fuels,RDD,"Research, development and demonstration",USD_R,USD (constant prices and exchange rates),2003,,92.984,,I,Imputed Value,F,Non-confidential,6,Millions,3,
DATAFLOW,OECD.IEA:RDDPUBLIC(1.0),Public energy technology RD&D budgets,I,CANADA,Canada,A,Annual,PUBLIC,Total public,FOSSILFUEL,Group 2: Fossil fuels,RDD,"Research, development and demonstration",USD_R,USD (constant prices and exchange rates),2004,,103.248,,I,Imputed Value,F,Non-confidential,6,Millions,3,
DATAFLOW,OECD.IEA:RDDPUBLIC(1.0),Public energy technology RD&D budgets,I,CANADA,Canada,A,Annual,PUBLIC,Total public,FOSSILFUEL,Group 2: Fossil fuels,RDD,"Research, development and demonstration",USD_R,USD (constant prices and exchange rates),2005,,124.362,,I,Imputed Value,F,Non-confidential,6,Millions,3,
DATAFLOW,OECD.IEA:RDDPUBLIC(1.0),Public energy technology RD&D budgets,I,CANADA,Canada,A,Annual,PUBLIC,Total public,FOSSILFUEL,Group 2: Fossil fuels,RDD,"Research, development and demonstration",USD_R,USD (constant prices and exchange rates),2006,,155.194,,I,Imputed Value,F,Non-confidential,6,Millions,3,
DATAFLOW,OECD.IEA:RDDPUBLIC(1.0),Public energy technology RD&D budgets,I,CANADA,Canada,A,Annual,PUBLIC,Total public,FOSSILFUEL,Group 2: Fossil fuels,RDD,"Research, development and demonstration",USD_R,USD (constant prices and exchange rates),2007,,182.291,,I,Imputed Value,F,Non-confidential,6,Millions,3,
DATAFLOW,OECD.IEA:RDDPUBLIC(1.0),Public energy technology RD&D budgets,I,CANADA,Canada,A,Annual,PUBLIC,Total public,FOSSILFUEL,Group 2: Fossil fuels,RDD,"Research, development and demonstration",USD_R,USD (constant prices and exchange rates),2008,,193.164,,I,Imputed Value,F,Non-confidential,6,Millions,3,
DATAFLOW,OECD.IEA:RDDPUBLIC(1.0),Public energy technology RD&D budgets,I,CANADA,Canada,A,Annual,PUBLIC,Total public,FOSSILFUEL,Group 2: Fossil fuels,RDD,"Research, development and demonstration",USD_R,USD (constant prices and exchange rates),2009,,278.838,,I,Imputed Value,F,Non-confidential,6,Millions,3,
DATAFLOW,OECD.IEA:RDDPUBLIC(1.0),Public energy technology RD&D budgets,I,CANADA,Canada,A,Annual,PUBLIC,Total public,FOSSILFUEL,Group 2: Fossil fuels,RDD,"Research, development and demonstration",USD_R,USD (constant prices and exchange rates),2010,,410.197,,I,Imputed Value,F,Non-confidential,6,Millions,3,
DATAFLOW,OECD.IEA:RDDPUBLIC(1.0),Public energy technology RD&D budgets,I,CANADA,Canada,A,Annual,PUBLIC,Total public,FOSSILFUEL,Group 2: Fossil fuels,RDD,"Research, development and demonstration",USD_R,USD (constant prices and exchange rates),2011,,393.008,,I,Imputed Value,F,Non-confidential,6,Millions,3,
DATAFLOW,OECD.IEA:RDDPUBLIC(1.0),Public energy technology RD&D budgets,I,CANADA,Canada,A,Annual,PUBLIC,Total public,FOSSILFUEL,Group 2: Fossil fuels,RDD,"Research, development and demonstration",USD_R,USD (constant prices and exchange rates),2012,,654.397,,I,Imputed Value,F,Non-confidential,6,Millions,3,
DATAFLOW,OECD.IEA:RDDPUBLIC(1.0),Public energy technology RD&D budgets,I,CANADA,Canada,A,Annual,PUBLIC,Total public,FOSSILFUEL,Group 2: Fossil fuels,RDD,"Research, development and demonstration",USD_R,USD (constant prices and exchange rates),2013,,786.32,,I,Imputed Value,F,Non-confidential,6,Millions,3,
DATAFLOW,OECD.IEA:RDDPUBLIC(1.0),Public energy technology RD&D budgets,I,CANADA,Canada,A,Annual,PUBLIC,Total public,FOSSILFUEL,Group 2: Fossil fuels,RDD,"Research, development and demonstration",USD_R,USD (constant prices and exchange rates),2014,,346.272,,I,Imputed Value,F,Non-confidential,6,Millions,3,
DATAFLOW,OECD.IEA:RDDPUBLIC(1.0),Public energy technology RD&D budgets,I,CANADA,Canada,A,Annual,PUBLIC,Total public,FOSSILFUEL,Group 2: Fossil fuels,RDD,"Research, development and demonstration",USD_R,USD (constant prices and exchange rates),2015,,305.799,,I,Imputed Value,F,Non-confidential,6,Millions,3,
DATAFLOW,OECD.IEA:RDDPUBLIC(1.0),Public energy technology RD&D budgets,I,CANADA,Canada,A,Annual,PUBLIC,Total public,FOSSILFUEL,Group 2: Fossil fuels,RDD,"Research, development and demonstration",USD_R,USD (constant prices and exchange rates),2016,,162.113,,I,Imputed Value,F,Non-confidential,6,Millions,3,
DATAFLOW,OECD.IEA:RDDPUBLIC(1.0),Public energy technology RD&D budgets,I,CANADA,Canada,A,Annual,PUBLIC,Total public,FOSSILFUEL,Group 2: Fossil fuels,RDD,"Research, development and demonstration",USD_R,USD (constant prices and exchange rates),2017,,213.716,,I,Imputed Value,F,Non-confidential,6,Millions,3,
DATAFLOW,OECD.IEA:RDDPUBLIC(1.0),Public energy technology RD&D budgets,I,CANADA,Canada,A,Annual,PUBLIC,Total public,FOSSILFUEL,Group 2: Fossil fuels,RDD,"Research, development and demonstration",USD_R,USD (constant prices and exchange rates),2018,,327.02,,I,Imputed Value,F,Non-confidential,6,Millions,3,
DATAFLOW,OECD.IEA:RDDPUBLIC(1.0),Public energy technology RD&D budgets,I,CANADA,Canada,A,Annual,PUBLIC,Total public,FOSSILFUEL,Group 2: Fossil fuels,RDD,"Research, development and demonstration",USD_R,USD (constant prices and exchange rates),2019,,213.102,,I,Imputed Value,F,Non-confidential,6,Millions,3,
DATAFLOW,OECD.IEA:RDDPUBLIC(1.0),Public energy technology RD&D budgets,I,CANADA,Canada,A,Annual,PUBLIC,Total public,FOSSILFUEL,Group 2: Fossil fuels,RDD,"Research, development and demonstration",USD_R,USD (constant prices and exchange rates),2020,,178.648,,I,Imputed Value,F,Non-confidential,6,Millions,3,
DATAFLOW,OECD.IEA:RDDPUBLIC(1.0),Public energy technology RD&D budgets,I,CANADA,Canada,A,Annual,PUBLIC,Total public,FOSSILFUEL,Group 2: Fossil fuels,RDD,"Research, development and demonstration",USD_R,USD (constant prices and exchange rates),2021,,244.763,,I,Imputed Value,F,Non-confidential,6,Millions,3,
DATAFLOW,OECD.IEA:RDDPUBLIC(1.0),Public energy technology RD&D budgets,I,CANADA,Canada,A,Annual,PUBLIC,Total public,FOSSILFUEL,Group 2: Fossil fuels,RDD,"Research, development and demonstration",USD_R,USD (constant prices and exchange rates),2022,,107.723,,I,Imputed Value,F,Non-confidential,6,Millions,3,
DATAFLOW,OECD.IEA:RDDPUBLIC(1.0),Public energy technology RD&D budgets,I,CANADA,Canada,A,Annual,PUBLIC,Total public,FOSSILFUEL,Group 2: Fossil fuels,RDD,"Research, development and demonstration",USD_R,USD (constant prices and exchange rates),2023,,126.482,,I,Imputed Value,F,Non-confidential,6,Millions,3,
DATAFLOW,OECD.IEA:RDDPUBLIC(1.0),Public energy technology RD&D budgets,I,CANADA,Canada,A,Annual,PUBLIC,Total public,FOSSILFUEL,Group 2: Fossil fuels,RDD,"Research, development and demonstration",USD_R,USD (constant prices and exchange rates),2024,,140.739,,P,Provisional Value,F,Non-confidential,6,Millions,3,
DATAFLOW,OECD.IEA:RDDPUBLIC(1.0),Public energy technology RD&D budgets,I,MEXICO,Mexico,A,Annual,PUBLIC,Total public,TOTAL,Total,RDD,"Research, development and demonstration",USD_R,USD (constant prices and exchange rates),2013,,309.52,,I,Imputed Value,F,Non-confidential,6,Millions,3,
DATAFLOW,OECD.IEA:RDDPUBLIC(1.0),Public energy technology RD&D budgets,I,MEXICO,Mexico,A,Annual,PUBLIC,Total public,TOTAL,Total,RDD,"Research, development and demonstration",USD_R,USD (constant prices and exchange rates),2014,,251.271,,I,Imputed Value,F,Non-confidential,6,Millions,3,
DATAFLOW,OECD.IEA:RDDPUBLIC(1.0),Public energy technology RD&D budgets,I,MEXICO,Mexico,A,Annual,PUBLIC,Total public,TOTAL,Total,RDD,"Research, development and demonstration",USD_R,USD (constant prices and exchange rates),2015,,149.074,,I,Imputed Value,F,Non-confidential,6,Millions,3,
DATAFLOW,OECD.IEA:RDDPUBLIC(1.0),Public energy technology RD&D budgets,I,MEXICO,Mexico,A,Annual,PUBLIC,Total public,TOTAL,Total,RDD,"Research, development and demonstration",USD_R,USD (constant prices and exchange rates),2016,,226.654,,I,Imputed Value,F,Non-confidential,6,Millions,3,
DATAFLOW,OECD.IEA:RDDPUBLIC(1.0),Public energy technology RD&D budgets,I,MEXICO,Mexico,A,Annual,PUBLIC,Total public,TOTAL,Total,RDD,"Research, development and demonstration",USD_R,USD (constant prices and exchange rates),2017,,237.011,,I,Imputed Value,F,Non-confidential,6,Millions,3,
DATAFLOW,OECD.IEA:RDDPUBLIC(1.0),Public energy technology RD&D budgets,I,MEXICO,Mexico,A,Annual,PUBLIC,Total public,TOTAL,Total,RDD,"Research, development and demonstration",USD_R,USD (constant prices and exchange rates),2018,,212.172,,I,Imputed Value,F,Non-confidential,6,Millions,3,
DATAFLOW,OECD.IEA:RDDPUBLIC(1.0),Public energy technology RD&D budgets,I,MEXICO,Mexico,A,Annual,PUBLIC,Total public,TOTAL,Total,RDD,"Research, development and demonstration",USD_R,USD (constant prices and exchange rates),2019,,64.787,,I,Imputed Value,F,Non-confidential,6,Millions,3,
DATAFLOW,OECD.IEA:RDDPUBLIC(1.0),Public energy technology RD&D budgets,I,MEXICO,Mexico,A,Annual,PUBLIC,Total public,TOTAL,Total,RDD,"Research, development and demonstration",USD_R,USD (constant prices and exchange rates),2020,,52.803,,I,Imputed Value,F,Non-confidential,6,Millions,3,
DATAFLOW,OECD.IEA:RDDPUBLIC(1.0),Public energy technology RD&D budgets,I,MEXICO,Mexico,A,Annual,PUBLIC,Total public,TOTAL,Total,RDD,"Research, development and demonstration",USD_R,USD (constant prices and exchange rates),2021,,25.306,,I,Imputed Value,F,Non-confidential,6,Millions,3,
DATAFLOW,OECD.IEA:RDDPUBLIC(1.0),Public energy technology RD&D budgets,I,MEXICO,Mexico,A,Annual,PUBLIC,Total public,TOTAL,Total,RDD,"Research, development and demonstration",USD_R,USD (constant prices and exchange rates),2022,,6.337,,I,Imputed Value,F,Non-confidential,6,Millions,3,
DATAFLOW,OECD.IEA:RDDPUBLIC(1.0),Public energy technology RD&D budgets,I,MEXICO,Mexico,A,Annual,PUBLIC,Total public,TOTAL,Total,RDD,"Research, development and demonstration",USD_R,USD (constant prices and exchange rates),2023,,1.916,,I,Imputed Value,F,Non-confidential,6,Millions,3,
DATAFLOW,OECD.IEA:RDDPUBLIC(1.0),Public energy technology RD&D budgets,I,MEXICO,Mexico,A,Annual,PUBLIC,Total public,TOTAL,Total,RDD,"Research, development and demonstration",USD_R,USD (constant prices and exchange rates),2024,,29.637,,P,Provisional Value,F,Non-confidential,6,Millions,3,
DATAFLOW,OECD.IEA:RDDPUBLIC(1.0),Public energy technology RD&D budgets,I,IEAEUR,IEA Europe,A,Annual,PUBLIC,Total public,RENEWABLE,Group 3: Renewable energy sources,RDD,"Research, development and demonstration",USD_R,USD (constant prices and exchange rates),2000,,446.032,,I,Imputed Value,F,Non-confidential,6,Millions,3,
DATAFLOW,OECD.IEA:RDDPUBLIC(1.0),Public energy technology RD&D budgets,I,IEAEUR,IEA Europe,A,Annual,PUBLIC,Total public,RENEWABLE,Group 3: Renewable energy sources,RDD,"Research, development and demonstration",USD_R,USD (constant prices and exchange rates),2001,,496.693,,I,Imputed Value,F,Non-confidential,6,Millions,3,
DATAFLOW,OECD.IEA:RDDPUBLIC(1.0),Public energy technology RD&D budgets,I,IEAEUR,IEA Europe,A,Annual,PUBLIC,Total public,RENEWABLE,Group 3: Renewable energy sources,RDD,"Research, development and demonstration",USD_R,USD (constant prices and exchange rates),2002,,595.28,,I,Imputed Value,F,Non-confidential,6,Millions,3,
DATAFLOW,OECD.IEA:RDDPUBLIC(1.0),Public energy technology RD&D budgets,I,IEAEUR,IEA Europe,A,Annual,PUBLIC,Total public,RENEWABLE,Group 3: Renewable energy sources,RDD,"Research, development and demonstration",USD_R,USD (constant prices and exchange rates),2003,,600.148,,I,Imputed Value,F,Non-confidential,6,Millions,3,
DATAFLOW,OECD.IEA:RDDPUBLIC(1.0),Public energy technology RD&D budgets,I,IEAEUR,IEA Europe,A,Annual,PUBLIC,Total public,RENEWABLE,Group 3: Renewable energy sources,RDD,"Research, development and demonstration",USD_R,USD (constant prices and exchange rates),2004,,613.165,,I,Imputed Value,F,Non-confidential,6,Millions,3,
DATAFLOW,OECD.IEA:RDDPUBLIC(1.0),Public energy technology RD&D budgets,I,IEAEUR,IEA Europe,A,Annual,PUBLIC,Total public,RENEWABLE,Group 3: Renewable energy sources,RDD,"Research, development and demonstration",USD_R,USD (constant prices and exchange rates),2005,,703.563,,I,Imputed Value,F,Non-confidential,6,Millions,3,
DATAFLOW,OECD.IEA:RDDPUBLIC(1.0),Public energy technology RD&D budgets,I,IEAEUR,IEA Europe,A,Annual,PUBLIC,Total public,RENEWABLE,Group 3: Renewable energy sources,RDD,"Research, development and demonstration",USD_R,USD (constant prices and exchange rates),2006,,813.957,,I,Imputed Value,F,Non-confidential,6,Millions,3,
DATAFLOW,OECD.IEA:RDDPUBLIC(1.0),Public energy technology RD&D budgets,I,IEAEUR,IEA Europe,A,Annual,PUBLIC,Total public,RENEWABLE,Group 3: Renewable energy sources,RDD,"Research, development and demonstration",USD_R,USD (constant prices and exchange rates),2007,,969.337,,I,Imputed Value,F,Non-confidential,6,Millions,3,
DATAFLOW,OECD.IEA:RDDPUBLIC(1.0),Public energy technology RD&D budgets,I,IEAEUR,IEA Europe,A,Annual,PUBLIC,Total public,RENEWABLE,Group 3: Renewable energy sources,RDD,"Research, development and demonstration",USD_R,USD (constant prices and exchange rates),2008,,1073.087,,I,Imputed Value,F,Non-confidential,6,Millions,3,
DATAFLOW,OECD.IEA:RDDPUBLIC(1.0),Public energy technology RD&D budgets,I,IEAEUR,IEA Europe,A,Annual,PUBLIC,Total public,RENEWABLE,Group 3: Renewable energy sources,RDD,"Research, development and demonstration",USD_R,USD (constant prices and exchange rates),2009,,1593.265,,I,Imputed Value,F,Non-confidential,6,Millions,3,
DATAFLOW,OECD.IEA:RDDPUBLIC(1.0),Public energy technology RD&D budgets,I,IEAEUR,IEA Europe,A,Annual,PUBLIC,Total public,RENEWABLE,Group 3: Renewable energy sources,RDD,"Research, development and demonstration",USD_R,USD (constant prices and exchange rates),2010,,1876.75,,I,Imputed Value,F,Non-confidential,6,Millions,3,
DATAFLOW,OECD.IEA:RDDPUBLIC(1.0),Public energy technology RD&D budgets,I,IEAEUR,IEA Europe,A,Annual,PUBLIC,Total public,RENEWABLE,Group 3: Renewable energy sources,RDD,"Research, development and demonstration",USD_R,USD (constant prices and exchange rates),2011,,1825.534,,I,Imputed Value,F,Non-confidential,6,Millions,3,
DATAFLOW,OECD.IEA:RDDPUBLIC(1.0),Public energy technology RD&D budgets,I,IEAEUR,IEA Europe,A,Annual,PUBLIC,Total public,RENEWABLE,Group 3: Renewable energy sources,RDD,"Research, development and demonstration",USD_R,USD (constant prices and exchange rates),2012,,1667.271,,I,Imputed Value,F,Non-confidential,6,Millions,3,
DATAFLOW,OECD.IEA:RDDPUBLIC(1.0),Public energy technology RD&D budgets,I,IEAEUR,IEA Europe,A,Annual,PUBLIC,Total public,RENEWABLE,Group 3: Renewable energy sources,RDD,"Research, development and demonstration",USD_R,USD (constant prices and exchange rates),2013,,1746.18,,I,Imputed Value,F,Non-confidential,6,Millions,3,
DATAFLOW,OECD.IEA:RDDPUBLIC(1.0),Public energy technology RD&D budgets,I,IEAEUR,IEA Europe,A,Annual,PUBLIC,Total public,RENEWABLE,Group 3: Renewable energy sources,RDD,"Research, development and demonstration",USD_R,USD (constant prices and exchange rates),2014,,1560.484,,I,Imputed Value,F,Non-confidential,6,Millions,3,
DATAFLOW,OECD.IEA:RDDPUBLIC(1.0),Public energy technology RD&D budgets,I,IEAEUR,IEA Europe,A,Annual,PUBLIC,Total public,RENEWABLE,Group 3: Renewable energy sources,RDD,"Research, development and demonstration",USD_R,USD (constant prices and exchange rates),2015,,1576.794,,I,Imputed Value,F,Non-confidential,6,Millions,3,
DATAFLOW,OECD.IEA:RDDPUBLIC(1.0),Public energy technology RD&D budgets,I,IEAEUR,IEA Europe,A,Annual,PUBLIC,Total public,RENEWABLE,Group 3: Renewable energy sources,RDD,"Research, development and demonstration",USD_R,USD (constant prices and exchange rates),2016,,1565.059,,I,Imputed Value,F,Non-confidential,6,Millions,3,
DATAFLOW,OECD.IEA:RDDPUBLIC(1.0),Public energy technology RD&D budgets,I,IEAEUR,IEA Europe,A,Annual,PUBLIC,Total public,RENEWABLE,Group 3: Renewable energy sources,RDD,"Research, development and demonstration",USD_R,USD (constant prices and exchange rates),2017,,1455.454,,I,Imputed Value,F,Non-confidential,6,Millions,3,
DATAFLOW,OECD.IEA:RDDPUBLIC(1.0),Public energy technology RD&D budgets,I,IEAEUR,IEA Europe,A,Annual,PUBLIC,Total public,RENEWABLE,Group 3: Renewable energy sources,RDD,"Research, development and demonstration",USD_R,USD (constant prices and exchange rates),2018,,1570.583,,I,Imputed Value,F,Non-confidential,6,Millions,3,
DATAFLOW,OECD.IEA:RDDPUBLIC(1.0),Public energy technology RD&D budgets,I,IEAEUR,IEA Europe,A,Annual,PUBLIC,Total public,RENEWABLE,Group 3: Renewable energy sources,RDD,"Research, development and demonstration",USD_R,USD (constant prices and exchange rates),2019,,1797.827,,I,Imputed Value,F,Non-confidential,6,Millions,3,
DATAFLOW,OECD.IEA:RDDPUBLIC(1.0),Public energy technology RD&D budgets,I,IEAEUR,IEA Europe,A,Annual,PUBLIC,Total public,RENEWABLE,Group 3: Renewable energy sources,RDD,"Research, development and demonstration",USD_R,USD (constant prices and exchange rates),2020,,1464.736,,I,Imputed Value,F,Non-confidential,6,Millions,3,
DATAFLOW,OECD.IEA:RDDPUBLIC(1.0),Public energy technology RD&D budgets,I,IEAEUR,IEA Europe,A,Annual,PUBLIC,Total public,RENEWABLE,Group 3: Renewable energy sources,RDD,"Research, development and demonstration",USD_R,USD (constant prices and exchange rates),2021,,1658.526,,I,Imputed Value,F,Non-confidential,6,Millions,3,
DATAFLOW,OECD.IEA:RDDPUBLIC(1.0),Public energy technology RD&D budgets,I,IEAEUR,IEA Europe,A,Annual,PUBLIC,Total public,RENEWABLE,Group 3: Renewable energy sources,RDD,"Research, development and demonstration",USD_R,USD (constant prices and exchange rates),2022,,1991.953,,I,Imputed Value,F,Non-confidential,6,Millions,3,
DATAFLOW,OECD.IEA:RDDPUBLIC(1.0),Public energy technology RD&D budgets,I,IEAEUR,IEA Europe,A,Annual,PUBLIC,Total public,RENEWABLE,Group 3: Renewable energy sources,RDD,"Research, development and demonstration",USD_R,USD (constant prices and exchange rates),2023,,1606.994,,I,Imputed Value,F,Non-confidential,6,Millions,3,
DATAFLOW,OECD.IEA:RDDPUBLIC(1.0),Public energy technology RD&D budgets,I,IEAEUR,IEA Europe,A,Annual,PUBLIC,Total public,RENEWABLE,Group 3: Renewable energy sources,RDD,"Research, development and demonstration",USD_R,USD (constant prices and exchange rates),2024,,1876.123,,I,Imputed Value,F,Non-confidential,6,Millions,3,
DATAFLOW,OECD.IEA:RDDPUBLIC(1.0),Public energy technology RD&D budgets,I,IRELAND,Ireland,A,Annual,PUBLIC,Total public,RENEWABLE,Group 3: Renewable energy sources,RDD,"Research, development and demonstration",USD_R,USD (constant prices and exchange rates),2002,,0.93,,I,Imputed Value,F,Non-confidential,6,Millions,3,
DATAFLOW,OECD.IEA:RDDPUBLIC(1.0),Public energy technology RD&D budgets,I,IRELAND,Ireland,A,Annual,PUBLIC,Total public,RENEWABLE,Group 3: Renewable energy sources,RDD,"Research, development and demonstration",USD_R,USD (constant prices and exchange rates),2003,,2.319,,I,Imputed Value,F,Non-confidential,6,Millions,3,
DATAFLOW,OECD.IEA:RDDPUBLIC(1.0),Public energy technology RD&D budgets,I,IRELAND,Ireland,A,Annual,PUBLIC,Total public,RENEWABLE,Group 3: Renewable energy sources,RDD,"Research, development and demonstration",USD_R,USD (constant prices and exchange rates),2004,,4.345,,I,Imputed Value,F,Non-confidential,6,Millions,3,
DATAFLOW,OECD.IEA:RDDPUBLIC(1.0),Public energy technology RD&D budgets,I,IRELAND,Ireland,A,Annual,PUBLIC,Total public,RENEWABLE,Group 3: Renewable energy sources,RDD,"Research, development and demonstration",USD_R,USD (constant prices and exchange rates),2005,,5.366,,I,Imputed Value,F,Non-confidential,6,Millions,3,
DATAFLOW,OECD.IEA:RDDPUBLIC(1.0),Public energy technology RD&D budgets,I,IRELAND,Ireland,A,Annual,PUBLIC,Total public,RENEWABLE,Group 3: Renewable energy sources,RDD,"Research, development and demonstration",USD_R,USD (constant prices and exchange rates),2006,,12.808,,I,Imputed Value,F,Non-confidential,6,Millions,3,
DATAFLOW,OECD.IEA:RDDPUBLIC(1.0),Public energy technology RD&D budgets,I,IRELAND,Ireland,A,Annual,PUBLIC,Total public,RENEWABLE,Group 3: Renewable energy sources,RDD,"Research, development and demonstration",USD_R,USD (constant prices and exchange rates),2007,,13.048,,I,Imputed Value,F,Non-confidential,6,Millions,3,
DATAFLOW,OECD.IEA:RDDPUBLIC(1.0),Public energy technology RD&D budgets,I,IRELAND,Ireland,A,Annual,PUBLIC,Total public,RENEWABLE,Group 3: Renewable energy sources,RDD,"Research, development and demonstration",USD_R,USD (constant prices and exchange rates),2008,,30.825,,I,Imputed Value,F,Non-confidential,6,Millions,3,
DATAFLOW,OECD.IEA:RDDPUBLIC(1.0),Public energy technology RD&D budgets,I,IRELAND,Ireland,A,Annual,PUBLIC,Total public,RENEWABLE,Group 3: Renewable energy sources,RDD,"Research, development and demonstration",USD_R,USD (constant prices and exchange rates),2009,,25.572,,I,Imputed Value,F,Non-confidential,6,Millions,3,
DATAFLOW,OECD.IEA:RDDPUBLIC(1.0),Public energy technology RD&D budgets,I,IRELAND,Ireland,A,Annual,PUBLIC,Total public,RENEWABLE,Group 3: Renewable energy sources,RDD,"Research, development and demonstration",USD_R,USD (constant prices and exchange rates),2010,,15.045,,I,Imputed Value,F,Non-confidential,6,Millions,3,
DATAFLOW,OECD.IEA:RDDPUBLIC(1.0),Public energy technology RD&D budgets,I,IRELAND,Ireland,A,Annual,PUBLIC,Total public,RENEWABLE,Group 3: Renewable energy sources,RDD,"Research, development and demonstration",USD_R,USD (constant prices and exchange rates),2011,,20.05,,I,Imputed Value,F,Non-confidential,6,Millions,3,
DATAFLOW,OECD.IEA:RDDPUBLIC(1.0),Public energy technology RD&D budgets,I,IRELAND,Ireland,A,Annual,PUBLIC,Total public,RENEWABLE,Group 3: Renewable energy sources,RDD,"Research, development and demonstration",USD_R,USD (constant prices and exchange rates),2012,,14.62,,I,Imputed Value,F,Non-confidential,6,Millions,3,
DATAFLOW,OECD.IEA:RDDPUBLIC(1.0),Public energy technology RD&D budgets,I,IRELAND,Ireland,A,Annual,PUBLIC,Total public,RENEWABLE,Group 3: Renewable energy sources,RDD,"Research, development and demonstration",USD_R,USD (constant prices and exchange rates),2013,,22.865,,I,Imputed Value,F,Non-confidential,6,Millions,3,
DATAFLOW,OECD.IEA:RDDPUBLIC(1.0),Public energy technology RD&D budgets,I,IRELAND,Ireland,A,Annual,PUBLIC,Total public,RENEWABLE,Group 3: Renewable energy sources,RDD,"Research, development and demonstration",USD_R,USD (constant prices and exchange rates),2014,,28.346,,I,Imputed Value,F,Non-confidential,6,Millions,3,
DATAFLOW,OECD.IEA:RDDPUBLIC(1.0),Public energy technology RD&D budgets,I,IRELAND,Ireland,A,Annual,PUBLIC,Total public,RENEWABLE,Group 3: Renewable energy sources,RDD,"Research, development and demonstration",USD_R,USD (constant prices and exchange rates),2015,,35.453,,I,Imputed Value,F,Non-confidential,6,Millions,3,
DATAFLOW,OECD.IEA:RDDPUBLIC(1.0),Public energy technology RD&D budgets,I,IRELAND,Ireland,A,Annual,PUBLIC,Total public,RENEWABLE,Group 3: Renewable energy sources,RDD,"Research, development and demonstration",USD_R,USD (constant prices and exchange rates),2016,,13.175,,I,Imputed Value,F,Non-confidential,6,Millions,3,
DATAFLOW,OECD.IEA:RDDPUBLIC(1.0),Public energy technology RD&D budgets,I,IRELAND,Ireland,A,Annual,PUBLIC,Total public,RENEWABLE,Group 3: Renewable energy sources,RDD,"Research, development and demonstration",USD_R,USD (constant prices and exchange rates),2017,,12.28,,I,Imputed Value,F,Non-confidential,6,Millions,3,
DATAFLOW,OECD.IEA:RDDPUBLIC(1.0),Public energy technology RD&D budgets,I,IRELAND,Ireland,A,Annual,PUBLIC,Total public,RENEWABLE,Group 3: Renewable energy sources,RDD,"Research, development and demonstration",USD_R,USD (constant prices and exchange rates),2018,,11.555,,I,Imputed Value,F,Non-confidential,6,Millions,3,
DATAFLOW,OECD.IEA:RDDPUBLIC(1.0),Public energy technology RD&D budgets,I,IRELAND,Ireland,A,Annual,PUBLIC,Total public,RENEWABLE,Group 3: Renewable energy sources,RDD,"Research, development and demonstration",USD_R,USD (constant prices and exchange rates),2019,,15.356,,I,Imputed Value,F,Non-confidential,6,Millions,3,
DATAFLOW,OECD.IEA:RDDPUBLIC(1.0),Public energy technology RD&D budgets,I,IRELAND,Ireland,A,Annual,PUBLIC,Total public,RENEWABLE,Group 3: Renewable energy sources,RDD,"Research, development and demonstration",USD_R,USD (constant prices and exchange rates),2020,,13.265,,I,Imputed Value,F,Non-confidential,6,Millions,3,
DATAFLOW,OECD.IEA:RDDPUBLIC(1.0),Public energy technology RD&D budgets,I,IRELAND,Ireland,A,Annual,PUBLIC,Total public,RENEWABLE,Group 3: Renewable energy sources,RDD,"Research, development and demonstration",USD_R,USD (constant prices and exchange rates),2021,,15.803,,I,Imputed Value,F,Non-confidential,6,Millions,3,
DATAFLOW,OECD.IEA:RDDPUBLIC(1.0),Public energy technology RD&D budgets,I,IRELAND,Ireland,A,Annual,PUBLIC,Total public,RENEWABLE,Group 3: Renewable energy sources,RDD,"Research, development and demonstration",USD_R,USD (constant prices and exchange rates),2022,,18.436,,I,Imputed Value,F,Non-confidential,6,Millions,3,
DATAFLOW,OECD.IEA:RDDPUBLIC(1.0),Public energy technology RD&D budgets,I,IRELAND,Ireland,A,Annual,PUBLIC,Total public,RENEWABLE,Group 3: Renewable energy sources,RDD,"Research, development and demonstration",USD_R,USD (constant prices and exchange rates),2023,,21.334,,I,Imputed Value,F,Non-confidential,6,Millions,3,
DATAFLOW,OECD.IEA:RDDPUBLIC(1.0),Public energy technology RD&D budgets,I,IRELAND,Ireland,A,Annual,PUBLIC,Total public,RENEWABLE,Group 3: Renewable energy sources,RDD,"Research, development and demonstration",USD_R,USD (constant prices and exchange rates),2024,,25.442,,P,Provisional Value,F,Non-confidential,6,Millions,3,
DATAFLOW,OECD.IEA:RDDPUBLIC(1.0),Public energy technology RD&D budgets,I,SPAIN,Spain,A,Annual,PUBLIC,Total public,RENEWABLE,Group 3: Renewable energy sources,RDD,"Research, development and demonstration",USD_R,USD (constant prices and exchange rates),2000,,29.216,,I,Imputed Value,F,Non-confidential,6,Millions,3,
DATAFLOW,OECD.IEA:RDDPUBLIC(1.0),Public energy technology RD&D budgets,I,SPAIN,Spain,A,Annual,PUBLIC,Total public,RENEWABLE,Group 3: Renewable energy sources,RDD,"Research, development and demonstration",USD_R,USD (constant prices and exchange rates),2001,,27.318,,I,Imputed Value,F,Non-confidential,6,Millions,3,
DATAFLOW,OECD.IEA:RDDPUBLIC(1.0),Public energy technology RD&D budgets,I,SPAIN,Spain,A,Annual,PUBLIC,Total public,RENEWABLE,Group 3: Renewable energy sources,RDD,"Research, development and demonstration",USD_R,USD (constant prices and exchange rates),2002,,26.905,,I,Imputed Value,F,Non-confidential,6,Millions,3,
DATAFLOW,OECD.IEA:RDDPUBLIC(1.0),Public energy technology RD&D budgets,I,SPAIN,Spain,A,Annual,PUBLIC,Total public,RENEWABLE,Group 3: Renewable energy sources,RDD,"Research, development and demonstration",USD_R,USD (constant prices and exchange rates),2003,,33.069,,I,Imputed Value,F,Non-confidential,6,Millions,3,
DATAFLOW,OECD.IEA:RDDPUBLIC(1.0),Public energy technology RD&D budgets,I,SPAIN,Spain,A,Annual,PUBLIC,Total public,RENEWABLE,Group 3: Renewable energy sources,RDD,"Research, development and demonstration",USD_R,USD (constant prices and exchange rates),2004,,33.844,,I,Imputed Value,F,Non-confidential,6,Millions,3,
DATAFLOW,OECD.IEA:RDDPUBLIC(1.0),Public energy technology RD&D budgets,I,SPAIN,Spain,A,Annual,PUBLIC,Total public,RENEWABLE,Group 3: Renewable energy sources,RDD,"Research, development and demonstration",USD_R,USD (constant prices and exchange rates),2005,,36.739,,I,Imputed Value,F,Non-confidential,6,Millions,3,
DATAFLOW,OECD.IEA:RDDPUBLIC(1.0),Public energy technology RD&D budgets,I,SPAIN,Spain,A,Annual,PUBLIC,Total public,RENEWABLE,Group 3: Renewable energy sources,RDD,"Research, development and demonstration",USD_R,USD (constant prices and exchange rates),2006,,40.06,,I,Imputed Value,F,Non-confidential,6,Millions,3,
DATAFLOW,OECD.IEA:RDDPUBLIC(1.0),Public energy technology RD&D budgets,I,SPAIN,Spain,A,Annual,PUBLIC,Total public,RENEWABLE,Group 3: Renewable energy sources,RDD,"Research, development and demonstration",USD_R,USD (constant prices and exchange rates),2007,,41.424,,I,Imputed Value,F,Non-confidential,6,Millions,3,
DATAFLOW,OECD.IEA:RDDPUBLIC(1.0),Public energy technology RD&D budgets,I,SPAIN,Spain,A,Annual,PUBLIC,Total public,RENEWABLE,Group 3: Renewable energy sources,RDD,"Research, development and demonstration",USD_R,USD (constant prices and exchange rates),2008,,49.612,,I,Imputed Value,F,Non-confidential,6,Millions,3,
DATAFLOW,OECD.IEA:RDDPUBLIC(1.0),Public energy technology RD&D budgets,I,SPAIN,Spain,A,Annual,PUBLIC,Total public,RENEWABLE,Group 3: Renewable energy sources,RDD,"Research, development and demonstration",USD_R,USD (constant prices and exchange rates),2009,,102.48,,I,Imputed Value,F,Non-confidential,6,Millions,3,
DATAFLOW,OECD.IEA:RDDPUBLIC(1.0),Public energy technology RD&D budgets,I,SPAIN,Spain,A,Annual,PUBLIC,Total public,RENEWABLE,Group 3: Renewable energy sources,RDD,"Research, development and demonstration",USD_R,USD (constant prices and exchange rates),2010,,112.4,,I,Imputed Value,F,Non-confidential,6,Millions,3,
DATAFLOW,OECD.IEA:RDDPUBLIC(1.0),Public energy technology RD&D budgets,I,SPAIN,Spain,A,Annual,PUBLIC,Total public,RENEWABLE,Group 3: Renewable energy sources,RDD,"Research, development and demonstration",USD_R,USD (constant prices and exchange rates),2011,,192.515,,I,Imputed Value,F,Non-confidential,6,Millions,3,
DATAFLOW,OECD.IEA:RDDPUBLIC(1.0),Public energy technology RD&D budgets,I,SPAIN,Spain,A,Annual,PUBLIC,Total public,RENEWABLE,Group 3: Renewable energy sources,RDD,"Research, development and demonstration",USD_R,USD (constant prices and exchange rates),2012,,103.886,,I,Imputed Value,F,Non-confidential,6,Millions,3,
DATAFLOW,OECD.IEA:RDDPUBLIC(1.0),Public energy technology RD&D budgets,I,SPAIN,Spain,A,Annual,PUBLIC,Total public,RENEWABLE,Group 3: Renewable energy sources,RDD,"Research, development and demonstration",USD_R,USD (constant prices and exchange rates),2013,,50.991,,I,Imputed Value,F,Non-confidential,6,Millions,3,
DATAFLOW,OECD.IEA:RDDPUBLIC(1.0),Public energy technology RD&D budgets,I,SPAIN,Spain,A,Annual,PUBLIC,Total public,RENEWABLE,Group 3: Renewable energy sources,RDD,"Research, development and demonstration",USD_R,USD (constant prices and exchange rates),2014,,75.359,,I,Imputed Value,F,Non-confidential,6,Millions,3,
DATAFLOW,OECD.IEA:RDDPUBLIC(1.0),Public energy technology RD&D budgets,I,SPAIN,Spain,A,Annual,PUBLIC,Total public,RENEWABLE,Group 3: Renewable energy sources,RDD,"Research, development and demonstration",USD_R,USD (constant prices and exchange rates),2015,,71.243,,I,Imputed Value,F,Non-confidential,6,Millions,3,
DATAFLOW,OECD.IEA:RDDPUBLIC(1.0),Public energy technology RD&D budgets,I,SPAIN,Spain,A,Annual,PUBLIC,Total public,RENEWABLE,Group 3: Renewable energy sources,RDD,"Research, development and demonstration",USD_R,USD (constant prices and exchange rates),2016,,56.504,,I,Imputed Value,F,Non-confidential,6,Millions,3,
DATAFLOW,OECD.IEA:RDDPUBLIC(1.0),Public energy technology RD&D budgets,I,SPAIN,Spain,A,Annual,PUBLIC,Total public,RENEWABLE,Group 3: Renewable energy sources,RDD,"Research, development and demonstration",USD_R,USD (constant prices and exchange rates),2017,,34.722,,I,Imputed Value,F,Non-confidential,6,Millions,3,
DATAFLOW,OECD.IEA:RDDPUBLIC(1.0),Public energy technology RD&D budgets,I,SPAIN,Spain,A,Annual,PUBLIC,Total public,RENEWABLE,Group 3: Renewable energy sources,RDD,"Research, development and demonstration",USD_R,USD (constant prices and exchange rates),2018,,83.291,,I,Imputed Value,F,Non-confidential,6,Millions,3,
DATAFLOW,OECD.IEA:RDDPUBLIC(1.0),Public energy technology RD&D budgets,I,SPAIN,Spain,A,Annual,PUBLIC,Total public,RENEWABLE,Group 3: Renewable energy sources,RDD,"Research, development and demonstration",USD_R,USD (constant prices and exchange rates),2019,,67.708,,I,Imputed Value,F,Non-confidential,6,Millions,3,
DATAFLOW,OECD.IEA:RDDPUBLIC(1.0),Public energy technology RD&D budgets,I,SPAIN,Spain,A,Annual,PUBLIC,Total public,RENEWABLE,Group 3: Renewable energy sources,RDD,"Research, development and demonstration",USD_R,USD (constant prices and exchange rates),2020,,59.093,,I,Imputed Value,F,Non-confidential,6,Millions,3,
DATAFLOW,OECD.IEA:RDDPUBLIC(1.0),Public energy technology RD&D budgets,I,SPAIN,Spain,A,Annual,PUBLIC,Total public,RENEWABLE,Group 3: Renewable energy sources,RDD,"Research, development and demonstration",USD_R,USD (constant prices and exchange rates),2021,,107.768,,I,Imputed Value,F,Non-confidential,6,Millions,3,
DATAFLOW,OECD.IEA:RDDPUBLIC(1.0),Public energy technology RD&D budgets,I,SPAIN,Spain,A,Annual,PUBLIC,Total public,RENEWABLE,Group 3: Renewable energy sources,RDD,"Research, development and demonstration",USD_R,USD (constant prices and exchange rates),2022,,436.621,,I,Imputed Value,F,Non-confidential,6,Millions,3,
DATAFLOW,OECD.IEA:RDDPUBLIC(1.0),Public energy technology RD&D budgets,I,SPAIN,Spain,A,Annual,PUBLIC,Total public,RENEWABLE,Group 3: Renewable energy sources,RDD,"Research, development and demonstration",USD_R,USD (constant prices and exchange rates),2023,,176.122,,I,Imputed Value,F,Non-confidential,6,Millions,3,
DATAFLOW,OECD.IEA:RDDPUBLIC(1.0),Public energy technology RD&D budgets,I,SLOVAKIA,Slovak Republic,A,Annual,PUBLIC,Total public,TOTAL,Total,RDD,"Research, development and demonstration",USD_R,USD (constant prices and exchange rates),2008,,24.556,,I,Imputed Value,F,Non-confidential,6,Millions,3,
DATAFLOW,OECD.IEA:RDDPUBLIC(1.0),Public energy technology RD&D budgets,I,SLOVAKIA,Slovak Republic,A,Annual,PUBLIC,Total public,TOTAL,Total,RDD,"Research, development and demonstration",USD_R,USD (constant prices and exchange rates),2009,,27.158,,I,Imputed Value,F,Non-confidential,6,Millions,3,
DATAFLOW,OECD.IEA:RDDPUBLIC(1.0),Public energy technology RD&D budgets,I,SLOVAKIA,Slovak Republic,A,Annual,PUBLIC,Total public,TOTAL,Total,RDD,"Research, development and demonstration",USD_R,USD (constant prices and exchange rates),2010,,29.12,,I,Imputed Value,F,Non-confidential,6,Millions,3,
DATAFLOW,OECD.IEA:RDDPUBLIC(1.0),Public energy technology RD&D budgets,I,SLOVAKIA,Slovak Republic,A,Annual,PUBLIC,Total public,TOTAL,Total,RDD,"Research, development and demonstration",USD_R,USD (constant prices and exchange rates),2011,,37.328,,I,Imputed Value,F,Non-confidential,6,Millions,3,
DATAFLOW,OECD.IEA:RDDPUBLIC(1.0),Public energy technology RD&D budgets,I,SLOVAKIA,Slovak Republic,A,Annual,PUBLIC,Total public,TOTAL,Total,RDD,"Research, development and demonstration",USD_R,USD (constant prices and exchange rates),2012,,35.542,,I,Imputed Value,F,Non-confidential,6,Millions,3,
DATAFLOW,OECD.IEA:RDDPUBLIC(1.0),Public energy technology RD&D budgets,I,SLOVAKIA,Slovak Republic,A,Annual,PUBLIC,Total public,TOTAL,Total,RDD,"Research, development and demonstration",USD_R,USD (constant prices and exchange rates),2013,,36.585,,I,Imputed Value,F,Non-confidential,6,Millions,3,
DATAFLOW,OECD.IEA:RDDPUBLIC(1.0),Public energy technology RD&D budgets,I,SLOVAKIA,Slovak Republic,A,Annual,PUBLIC,Total public,TOTAL,Total,RDD,"Research, development and demonstration",USD_R,USD (constant prices and exchange rates),2014,,29.75,,I,Imputed Value,F,Non-confidential,6,Millions,3,
DATAFLOW,OECD.IEA:RDDPUBLIC(1.0),Public energy technology RD&D budgets,I,SLOVAKIA,Slovak Republic,A,Annual,PUBLIC,Total public,TOTAL,Total,RDD,"Research, development and demonstration",USD_R,USD (constant prices and exchange rates),2015,,4.312,,I,Imputed Value,F,Non-confidential,6,Millions,3,
DATAFLOW,OECD.IEA:RDDPUBLIC(1.0),Public energy technology RD&D budgets,I,SLOVAKIA,Slovak Republic,A,Annual,PUBLIC,Total public,TOTAL,Total,RDD,"Research, development and demonstration",USD_R,USD (constant prices and exchange rates),2016,,27.143,,I,Imputed Value,F,Non-confidential,6,Millions,3,
DATAFLOW,OECD.IEA:RDDPUBLIC(1.0),Public energy technology RD&D budgets,I,SLOVAKIA,Slovak Republic,A,Annual,PUBLIC,Total public,TOTAL,Total,RDD,"Research, development and demonstration",USD_R,USD (constant prices and exchange rates),2017,,2.989,,I,Imputed Value,F,Non-confidential,6,Millions,3,
DATAFLOW,OECD.IEA:RDDPUBLIC(1.0),Public energy technology RD&D budgets,I,SLOVAKIA,Slovak Republic,A,Annual,PUBLIC,Total public,TOTAL,Total,RDD,"Research, development and demonstration",USD_R,USD (constant prices and exchange rates),2018,,6.041,,I,Imputed Value,F,Non-confidential,6,Millions,3,
DATAFLOW,OECD.IEA:RDDPUBLIC(1.0),Public energy technology RD&D budgets,I,SLOVAKIA,Slovak Republic,A,Annual,PUBLIC,Total public,TOTAL,Total,RDD,"Research, development and demonstration",USD_R,USD (constant prices and exchange rates),2019,,5.731,,I,Imputed Value,F,Non-confidential,6,Millions,3,
DATAFLOW,OECD.IEA:RDDPUBLIC(1.0),Public energy technology RD&D budgets,I,SLOVAKIA,Slovak Republic,A,Annual,PUBLIC,Total public,TOTAL,Total,RDD,"Research, development and demonstration",USD_R,USD (constant prices and exchange rates),2020,,12.242,,I,Imputed Value,F,Non-confidential,6,Millions,3,
DATAFLOW,OECD.IEA:RDDPUBLIC(1.0),Public energy technology RD&D budgets,I,SLOVAKIA,Slovak Republic,A,Annual,PUBLIC,Total public,TOTAL,Total,RDD,"Research, development and demonstration",USD_R,USD (constant prices and exchange rates),2021,,10.974,,I,Imputed Value,F,Non-confidential,6,Millions,3,
DATAFLOW,OECD.IEA:RDDPUBLIC(1.0),Public energy technology RD&D budgets,I,SLOVAKIA,Slovak Republic,A,Annual,PUBLIC,Total public,TOTAL,Total,RDD,"Research, development and demonstration",USD_R,USD (constant prices and exchange rates),2022,,9.893,,I,Imputed Value,F,Non-confidential,6,Millions,3,
DATAFLOW,OECD.IEA:RDDPUBLIC(1.0),Public energy technology RD&D budgets,I,SLOVAKIA,Slovak Republic,A,Annual,PUBLIC,Total public,TOTAL,Total,RDD,"Research, development and demonstration",USD_R,USD (constant prices and exchange rates),2023,,12.643,,I,Imputed Value,F,Non-confidential,6,Millions,3,
DATAFLOW,OECD.IEA:RDDPUBLIC(1.0),Public energy technology RD&D budgets,I,SLOVAKIA,Slovak Republic,A,Annual,PUBLIC,Total public,TOTAL,Total,RDD,"Research, development and demonstration",USD_R,USD (constant prices and exchange rates),2024,,3.778,,P,Provisional Value,F,Non-confidential,6,Millions,3,
DATAFLOW,OECD.IEA:RDDPUBLIC(1.0),Public energy technology RD&D budgets,I,SWITZERLAND,Switzerland,A,Annual,PUBLIC,Total public,RENEWABLE,Group 3: Renewable energy sources,RDD,"Research, development and demonstration",USD_R,USD (constant prices and exchange rates),2000,,51.347,,I,Imputed Value,F,Non-confidential,6,Millions,3,
DATAFLOW,OECD.IEA:RDDPUBLIC(1.0),Public energy technology RD&D budgets,I,SWITZERLAND,Switzerland,A,Annual,PUBLIC,Total public,RENEWABLE,Group 3: Renewable energy sources,RDD,"Research, development and demonstration",USD_R,USD (constant prices and exchange rates),2001,,49.82,,I,Imputed Value,F,Non-confidential,6,Millions,3,
DATAFLOW,OECD.IEA:RDDPUBLIC(1.0),Public energy technology RD&D budgets,I,SWITZERLAND,Switzerland,A,Annual,PUBLIC,Total public,RENEWABLE,Group 3: Renewable energy sources,RDD,"Research, development and demonstration",USD_R,USD (constant prices and exchange rates),2002,,53.672,,I,Imputed Value,F,Non-confidential,6,Millions,3,
DATAFLOW,OECD.IEA:RDDPUBLIC(1.0),Public energy technology RD&D budgets,I,SWITZERLAND,Switzerland,A,Annual,PUBLIC,Total public,RENEWABLE,Group 3: Renewable energy sources,RDD,"Research, development and demonstration",USD_R,USD (constant prices and exchange rates),2003,,56.309,,I,Imputed Value,F,Non-confidential,6,Millions,3,
DATAFLOW,OECD.IEA:RDDPUBLIC(1.0),Public energy technology RD&D budgets,I,SWITZERLAND,Switzerland,A,Annual,PUBLIC,Total public,RENEWABLE,Group 3: Renewable energy sources,RDD,"Research, development and demonstration",USD_R,USD (constant prices and exchange rates),2004,,46.212,,I,Imputed Value,F,Non-confidential,6,Millions,3,
DATAFLOW,OECD.IEA:RDDPUBLIC(1.0),Public energy technology RD&D budgets,I,SWITZERLAND,Switzerland,A,Annual,PUBLIC,Total public,RENEWABLE,Group 3: Renewable energy sources,RDD,"Research, development and demonstration",USD_R,USD (constant prices and exchange rates),2005,,42.505,,I,Imputed Value,F,Non-confidential,6,Millions,3,
DATAFLOW,OECD.IEA:RDDPUBLIC(1.0),Public energy technology RD&D budgets,I,SWITZERLAND,Switzerland,A,Annual,PUBLIC,Total public,RENEWABLE,Group 3: Renewable energy sources,RDD,"Research, development and demonstration",USD_R,USD (constant prices and exchange rates),2006,,39.86,,I,Imputed Value,F,Non-confidential,6,Millions,3,
DATAFLOW,OECD.IEA:RDDPUBLIC(1.0),Public energy technology RD&D budgets,I,SWITZERLAND,Switzerland,A,Annual,PUBLIC,Total public,RENEWABLE,Group 3: Renewable energy sources,RDD,"Research, development and demonstration",USD_R,USD (constant prices and exchange rates),2007,,40.251,,I,Imputed Value,F,Non-confidential,6,Millions,3,
DATAFLOW,OECD.IEA:RDDPUBLIC(1.0),Public energy technology RD&D budgets,I,SWITZERLAND,Switzerland,A,Annual,PUBLIC,Total public,RENEWABLE,Group 3: Renewable energy sources,RDD,"Research, development and demonstration",USD_R,USD (constant prices and exchange rates),2008,,54.016,,I,Imputed Value,F,Non-confidential,6,Millions,3,
DATAFLOW,OECD.IEA:RDDPUBLIC(1.0),Public energy technology RD&D budgets,I,SWITZERLAND,Switzerland,A,Annual,PUBLIC,Total public,RENEWABLE,Group 3: Renewable energy sources,RDD,"Research, development and demonstration",USD_R,USD (constant prices and exchange rates),2009,,64.377,,I,Imputed Value,F,Non-confidential,6,Millions,3,
DATAFLOW,OECD.IEA:RDDPUBLIC(1.0),Public energy technology RD&D budgets,I,SWITZERLAND,Switzerland,A,Annual,PUBLIC,Total public,RENEWABLE,Group 3: Renewable energy sources,RDD,"Research, development and demonstration",USD_R,USD (constant prices and exchange rates),2010,,59.807,,I,Imputed Value,F,Non-confidential,6,Millions,3,
DATAFLOW,OECD.IEA:RDDPUBLIC(1.0),Public energy technology RD&D budgets,I,SWITZERLAND,Switzerland,A,Annual,PUBLIC,Total public,RENEWABLE,Group 3: Renewable energy sources,RDD,"Research, development and demonstration",USD_R,USD (constant prices and exchange rates),2011,,76.333,,I,Imputed Value,F,Non-confidential,6,Millions,3,
DATAFLOW,OECD.IEA:RDDPUBLIC(1.0),Public energy technology RD&D budgets,I,SWITZERLAND,Switzerland,A,Annual,PUBLIC,Total public,RENEWABLE,Group 3: Renewable energy sources,RDD,"Research, development and demonstration",USD_R,USD (constant prices and exchange rates),2012,,77.482,,I,Imputed Value,F,Non-confidential,6,Millions,3,
DATAFLOW,OECD.IEA:RDDPUBLIC(1.0),Public energy technology RD&D budgets,I,SWITZERLAND,Switzerland,A,Annual,PUBLIC,Total public,RENEWABLE,Group 3: Renewable energy sources,RDD,"Research, development and demonstration",USD_R,USD (constant prices and exchange rates),2013,,74.083,,I,Imputed Value,F,Non-confidential,6,Millions,3,
DATAFLOW,OECD.IEA:RDDPUBLIC(1.0),Public energy technology RD&D budgets,I,SWITZERLAND,Switzerland,A,Annual,PUBLIC,Total public,RENEWABLE,Group 3: Renewable energy sources,RDD,"Research, development and demonstration",USD_R,USD (constant prices and exchange rates),2014,,103.037,,I,Imputed Value,F,Non-confidential,6,Millions,3,
DATAFLOW,OECD.IEA:RDDPUBLIC(1.0),Public energy technology RD&D budgets,I,SWITZERLAND,Switzerland,A,Annual,PUBLIC,Total public,RENEWABLE,Group 3: Renewable energy sources,RDD,"Research, development and demonstration",USD_R,USD (constant prices and exchange rates),2015,,103.89,,I,Imputed Value,F,Non-confidential,6,Millions,3,
DATAFLOW,OECD.IEA:RDDPUBLIC(1.0),Public energy technology RD&D budgets,I,SWITZERLAND,Switzerland,A,Annual,PUBLIC,Total public,RENEWABLE,Group 3: Renewable energy sources,RDD,"Research, development and demonstration",USD_R,USD (constant prices and exchange rates),2016,,131.894,,I,Imputed Value,F,Non-confidential,6,Millions,3,
DATAFLOW,OECD.IEA:RDDPUBLIC(1.0),Public energy technology RD&D budgets,I,SWITZERLAND,Switzerland,A,Annual,PUBLIC,Total public,RENEWABLE,Group 3: Renewable energy sources,RDD,"Research, development and demonstration",USD_R,USD (constant prices and exchange rates),2017,,140.15,,I,Imputed Value,F,Non-confidential,6,Millions,3,
DATAFLOW,OECD.IEA:RDDPUBLIC(1.0),Public energy technology RD&D budgets,I,SWITZERLAND,Switzerland,A,Annual,PUBLIC,Total public,RENEWABLE,Group 3: Renewable energy sources,RDD,"Research, development and demonstration",USD_R,USD (constant prices and exchange rates),2018,,146.967,,I,Imputed Value,F,Non-confidential,6,Millions,3,
DATAFLOW,OECD.IEA:RDDPUBLIC(1.0),Public energy technology RD&D budgets,I,SWITZERLAND,Switzerland,A,Annual,PUBLIC,Total public,RENEWABLE,Group 3: Renewable energy sources,RDD,"Research, development and demonstration",USD_R,USD (constant prices and exchange rates),2019,,137.304,,I,Imputed Value,F,Non-confidential,6,Millions,3,
DATAFLOW,OECD.IEA:RDDPUBLIC(1.0),Public energy technology RD&D budgets,I,SWITZERLAND,Switzerland,A,Annual,PUBLIC,Total public,RENEWABLE,Group 3: Renewable energy sources,RDD,"Research, development and demonstration",USD_R,USD (constant prices and exchange rates),2020,,131.162,,I,Imputed Value,F,Non-confidential,6,Millions,3,
DATAFLOW,OECD.IEA:RDDPUBLIC(1.0),Public energy technology RD&D budgets,I,SWITZERLAND,Switzerland,A,Annual,PUBLIC,Total public,RENEWABLE,Group 3: Renewable energy sources,RDD,"Research, development and demonstration",USD_R,USD (constant prices and exchange rates),2021,,112.924,,I,Imputed Value,F,Non-confidential,6,Millions,3,
DATAFLOW,OECD.IEA:RDDPUBLIC(1.0),Public energy technology RD&D budgets,I,SWITZERLAND,Switzerland,A,Annual,PUBLIC,Total public,RENEWABLE,Group 3: Renewable energy sources,RDD,"Research, development and demonstration",USD_R,USD (constant prices and exchange rates),2022,,109.662,,I,Imputed Value,F,Non-confidential,6,Millions,3,
DATAFLOW,OECD.IEA:RDDPUBLIC(1.0),Public energy technology RD&D budgets,I,SWITZERLAND,Switzerland,A,Annual,PUBLIC,Total public,RENEWABLE,Group 3: Renewable energy sources,RDD,"Research, development and demonstration",USD_R,USD (constant prices and exchange rates),2023,,107.06,,I,Imputed Value,F,Non-confidential,6,Millions,3,
DATAFLOW,OECD.IEA:RDDPUBLIC(1.0),Public energy technology RD&D budgets,I,SWITZERLAND,Switzerland,A,Annual,PUBLIC,Total public,RENEWABLE,Group 3: Renewable energy sources,RDD,"Research, development and demonstration",USD_R,USD (constant prices and exchange rates),2024,,105.628,,P,Provisional Value,F,Non-confidential,6,Millions,3,
DATAFLOW,OECD.IEA:RDDPUBLIC(1.0),Public energy technology RD&D budgets,I,CZECH,Czech Republic,A,Annual,PUBLIC,Total public,FOSSILFUEL,Group 2: Fossil fuels,RDD,"Research, development and demonstration",USD_R,USD (constant prices and exchange rates),2003,,6.07,,I,Imputed Value,F,Non-confidential,6,Millions,3,
DATAFLOW,OECD.IEA:RDDPUBLIC(1.0),Public energy technology RD&D budgets,I,CZECH,Czech Republic,A,Annual,PUBLIC,Total public,FOSSILFUEL,Group 2: Fossil fuels,RDD,"Research, development and demonstration",USD_R,USD (constant prices and exchange rates),2004,,1.686,,I,Imputed Value,F,Non-confidential,6,Millions,3,
DATAFLOW,OECD.IEA:RDDPUBLIC(1.0),Public energy technology RD&D budgets,I,CZECH,Czech Republic,A,Annual,PUBLIC,Total public,FOSSILFUEL,Group 2: Fossil fuels,RDD,"Research, development and demonstration",USD_R,USD (constant prices and exchange rates),2005,,0.295,,I,Imputed Value,F,Non-confidential,6,Millions,3,
DATAFLOW,OECD.IEA:RDDPUBLIC(1.0),Public energy technology RD&D budgets,I,CZECH,Czech Republic,A,Annual,PUBLIC,Total public,FOSSILFUEL,Group 2: Fossil fuels,RDD,"Research, development and demonstration",USD_R,USD (constant prices and exchange rates),2006,,0.233,,I,Imputed Value,F,Non-confidential,6,Millions,3,
DATAFLOW,OECD.IEA:RDDPUBLIC(1.0),Public energy technology RD&D budgets,I,CZECH,Czech Republic,A,Annual,PUBLIC,Total public,FOSSILFUEL,Group 2: Fossil fuels,RDD,"Research, development and demonstration",USD_R,USD (constant prices and exchange rates),2007,,0.092,,I,Imputed Value,F,Non-confidential,6,Millions,3,
DATAFLOW,OECD.IEA:RDDPUBLIC(1.0),Public energy technology RD&D budgets,I,CZECH,Czech Republic,A,Annual,PUBLIC,Total public,FOSSILFUEL,Group 2: Fossil fuels,RDD,"Research, development and demonstration",USD_R,USD (constant prices and exchange rates),2008,,3.774,,I,Imputed Value,F,Non-confidential,6,Millions,3,
DATAFLOW,OECD.IEA:RDDPUBLIC(1.0),Public energy technology RD&D budgets,I,CZECH,Czech Republic,A,Annual,PUBLIC,Total public,FOSSILFUEL,Group 2: Fossil fuels,RDD,"Research, development and demonstration",USD_R,USD (constant prices and exchange rates),2009,,3.245,,I,Imputed Value,F,Non-confidential,6,Millions,3,
DATAFLOW,OECD.IEA:RDDPUBLIC(1.0),Public energy technology RD&D budgets,I,CZECH,Czech Republic,A,Annual,PUBLIC,Total public,FOSSILFUEL,Group 2: Fossil fuels,RDD,"Research, development and demonstration",USD_R,USD (constant prices and exchange rates),2010,,2.134,,I,Imputed Value,F,Non-confidential,6,Millions,3,
DATAFLOW,OECD.IEA:RDDPUBLIC(1.0),Public energy technology RD&D budgets,I,CZECH,Czech Republic,A,Annual,PUBLIC,Total public,FOSSILFUEL,Group 2: Fossil fuels,RDD,"Research, development and demonstration",USD_R,USD (constant prices and exchange rates),2011,,8.924,,I,Imputed Value,F,Non-confidential,6,Millions,3,
DATAFLOW,OECD.IEA:RDDPUBLIC(1.0),Public energy technology RD&D budgets,I,CZECH,Czech Republic,A,Annual,PUBLIC,Total public,FOSSILFUEL,Group 2: Fossil fuels,RDD,"Research, development and demonstration",USD_R,USD (constant prices and exchange rates),2012,,7.71,,I,Imputed Value,F,Non-confidential,6,Millions,3,
DATAFLOW,OECD.IEA:RDDPUBLIC(1.0),Public energy technology RD&D budgets,I,CZECH,Czech Republic,A,Annual,PUBLIC,Total public,FOSSILFUEL,Group 2: Fossil fuels,RDD,"Research, development and demonstration",USD_R,USD (constant prices and exchange rates),2013,,3.145,,I,Imputed Value,F,Non-confidential,6,Millions,3,
DATAFLOW,OECD.IEA:RDDPUBLIC(1.0),Public energy technology RD&D budgets,I,CZECH,Czech Republic,A,Annual,PUBLIC,Total public,FOSSILFUEL,Group 2: Fossil fuels,RDD,"Research, development and demonstration",USD_R,USD (constant prices and exchange rates),2014,,2.967,,I,Imputed Value,F,Non-confidential,6,Millions,3,
DATAFLOW,OECD.IEA:RDDPUBLIC(1.0),Public energy technology RD&D budgets,I,CZECH,Czech Republic,A,Annual,PUBLIC,Total public,FOSSILFUEL,Group 2: Fossil fuels,RDD,"Research, development and demonstration",USD_R,USD (constant prices and exchange rates),2015,,10.166,,I,Imputed Value,F,Non-confidential,6,Millions,3,
DATAFLOW,OECD.IEA:RDDPUBLIC(1.0),Public energy technology RD&D budgets,I,CZECH,Czech Republic,A,Annual,PUBLIC,Total public,FOSSILFUEL,Group 2: Fossil fuels,RDD,"Research, development and demonstration",USD_R,USD (constant prices and exchange rates),2016,,9.129,,I,Imputed Value,F,Non-confidential,6,Millions,3,
DATAFLOW,OECD.IEA:RDDPUBLIC(1.0),Public energy technology RD&D budgets,I,CZECH,Czech Republic,A,Annual,PUBLIC,Total public,FOSSILFUEL,Group 2: Fossil fuels,RDD,"Research, development and demonstration",USD_R,USD (constant prices and exchange rates),2017,,8.91,,I,Imputed Value,F,Non-confidential,6,Millions,3,
DATAFLOW,OECD.IEA:RDDPUBLIC(1.0),Public energy technology RD&D budgets,I,CZECH,Czech Republic,A,Annual,PUBLIC,Total public,FOSSILFUEL,Group 2: Fossil fuels,RDD,"Research, development and demonstration",USD_R,USD (constant prices and exchange rates),2018,,11.382,,I,Imputed Value,F,Non-confidential,6,Millions,3,
DATAFLOW,OECD.IEA:RDDPUBLIC(1.0),Public energy technology RD&D budgets,I,CZECH,Czech Republic,A,Annual,PUBLIC,Total public,FOSSILFUEL,Group 2: Fossil fuels,RDD,"Research, development and demonstration",USD_R,USD (constant prices and exchange rates),2019,,17.735,,I,Imputed Value,F,Non-confidential,6,Millions,3,
DATAFLOW,OECD.IEA:RDDPUBLIC(1.0),Public energy technology RD&D budgets,I,CZECH,Czech Republic,A,Annual,PUBLIC,Total public,FOSSILFUEL,Group 2: Fossil fuels,RDD,"Research, development and demonstration",USD_R,USD (constant prices and exchange rates),2020,,9.031,,I,Imputed Value,F,Non-confidential,6,Millions,3,
DATAFLOW,OECD.IEA:RDDPUBLIC(1.0),Public energy technology RD&D budgets,I,CZECH,Czech Republic,A,Annual,PUBLIC,Total public,FOSSILFUEL,Group 2: Fossil fuels,RDD,"Research, development and demonstration",USD_R,USD (constant prices and exchange rates),2021,,11.297,,I,Imputed Value,F,Non-confidential,6,Millions,3,
DATAFLOW,OECD.IEA:RDDPUBLIC(1.0),Public energy technology RD&D budgets,I,CZECH,Czech Republic,A,Annual,PUBLIC,Total public,FOSSILFUEL,Group 2: Fossil fuels,RDD,"Research, development and demonstration",USD_R,USD (constant prices and exchange rates),2022,,7.505,,I,Imputed Value,F,Non-confidential,6,Millions,3,
DATAFLOW,OECD.IEA:RDDPUBLIC(1.0),Public energy technology RD&D budgets,I,CZECH,Czech Republic,A,Annual,PUBLIC,Total public,FOSSILFUEL,Group 2: Fossil fuels,RDD,"Research, development and demonstration",USD_R,USD (constant prices and exchange rates),2023,,5.849,,I,Imputed Value,F,Non-confidential,6,Millions,3,
DATAFLOW,OECD.IEA:RDDPUBLIC(1.0),Public energy technology RD&D budgets,I,CZECH,Czech Republic,A,Annual,PUBLIC,Total public,FOSSILFUEL,Group 2: Fossil fuels,RDD,"Research, development and demonstration",USD_R,USD (constant prices and exchange rates),2024,,3.305,,P,Provisional Value,F,Non-confidential,6,Millions,3,
DATAFLOW,OECD.IEA:RDDPUBLIC(1.0),Public energy technology RD&D budgets,I,ESTONIA,Estonia,A,Annual,PUBLIC,Total public,TOTAL,Total,RDD,"Research, development and demonstration",USD_R,USD (constant prices and exchange rates),2011,,16.171,,I,Imputed Value,F,Non-confidential,6,Millions,3,
DATAFLOW,OECD.IEA:RDDPUBLIC(1.0),Public energy technology RD&D budgets,I,ESTONIA,Estonia,A,Annual,PUBLIC,Total public,TOTAL,Total,RDD,"Research, development and demonstration",USD_R,USD (constant prices and exchange rates),2012,,3.887,,I,Imputed Value,F,Non-confidential,6,Millions,3,
DATAFLOW,OECD.IEA:RDDPUBLIC(1.0),Public energy technology RD&D budgets,I,ESTONIA,Estonia,A,Annual,PUBLIC,Total public,TOTAL,Total,RDD,"Research, development and demonstration",USD_R,USD (constant prices and exchange rates),2013,,11.198,,I,Imputed Value,F,Non-confidential,6,Millions,3,
DATAFLOW,OECD.IEA:RDDPUBLIC(1.0),Public energy technology RD&D budgets,I,ESTONIA,Estonia,A,Annual,PUBLIC,Total public,TOTAL,Total,RDD,"Research, development and demonstration",USD_R,USD (constant prices and exchange rates),2014,,6.601,,I,Imputed Value,F,Non-confidential,6,Millions,3,
DATAFLOW,OECD.IEA:RDDPUBLIC(1.0),Public energy technology RD&D budgets,I,ESTONIA,Estonia,A,Annual,PUBLIC,Total public,TOTAL,Total,RDD,"Research, development and demonstration",USD_R,USD (constant prices and exchange rates),2015,,7.847,,I,Imputed Value,F,Non-confidential,6,Millions,3,
DATAFLOW,OECD.IEA:RDDPUBLIC(1.0),Public energy technology RD&D budgets,I,ESTONIA,Estonia,A,Annual,PUBLIC,Total public,TOTAL,Total,RDD,"Research, development and demonstration",USD_R,USD (constant prices and exchange rates),2016,,6.017,,I,Imputed Value,F,Non-confidential,6,Millions,3,
DATAFLOW,OECD.IEA:RDDPUBLIC(1.0),Public energy technology RD&D budgets,I,ESTONIA,Estonia,A,Annual,PUBLIC,Total public,TOTAL,Total,RDD,"Research, development and demonstration",USD_R,USD (constant prices and exchange rates),2017,,5.7,,I,Imputed Value,F,Non-confidential,6,Millions,3,
DATAFLOW,OECD.IEA:RDDPUBLIC(1.0),Public energy technology RD&D budgets,I,ESTONIA,Estonia,A,Annual,PUBLIC,Total public,TOTAL,Total,RDD,"Research, development and demonstration",USD_R,USD (constant prices and exchange rates),2018,,5.889,,I,Imputed Value,F,Non-confidential,6,Millions,3,
DATAFLOW,OECD.IEA:RDDPUBLIC(1.0),Public energy technology RD&D budgets,I,ESTONIA,Estonia,A,Annual,PUBLIC,Total public,TOTAL,Total,RDD,"Research, development and demonstration",USD_R,USD (constant prices and exchange rates),2019,,5.841,,I,Imputed Value,F,Non-confidential,6,Millions,3,
DATAFLOW,OECD.IEA:RDDPUBLIC(1.0),Public energy technology RD&D budgets,I,ESTONIA,Estonia,A,Annual,PUBLIC,Total public,TOTAL,Total,RDD,"Research, development and demonstration",USD_R,USD (constant prices and exchange rates),2020,,4.607,,I,Imputed Value,F,Non-confidential,6,Millions,3,
DATAFLOW,OECD.IEA:RDDPUBLIC(1.0),Public energy technology RD&D budgets,I,ESTONIA,Estonia,A,Annual,PUBLIC,Total public,TOTAL,Total,RDD,"Research, development and demonstration",USD_R,USD (constant prices and exchange rates),2021,,2.162,,I,Imputed Value,F,Non-confidential,6,Millions,3,
DATAFLOW,OECD.IEA:RDDPUBLIC(1.0),Public energy technology RD&D budgets,I,ESTONIA,Estonia,A,Annual,PUBLIC,Total public,TOTAL,Total,RDD,"Research, development and demonstration",USD_R,USD (constant prices and exchange rates),2022,,10.413,,I,Imputed Value,F,Non-confidential,6,Millions,3,
DATAFLOW,OECD.IEA:RDDPUBLIC(1.0),Public energy technology RD&D budgets,I,ESTONIA,Estonia,A,Annual,PUBLIC,Total public,TOTAL,Total,RDD,"Research, development and demonstration",USD_R,USD (constant prices and exchange rates),2023,,2.429,,I,Imputed Value,F,Non-confidential,6,Millions,3,
DATAFLOW,OECD.IEA:RDDPUBLIC(1.0),Public energy technology RD&D budgets,I,ESTONIA,Estonia,A,Annual,PUBLIC,Total public,TOTAL,Total,RDD,"Research, development and demonstration",USD_R,USD (constant prices and exchange rates),2024,,1.384,,P,Provisional Value,F,Non-confidential,6,Millions,3,
DATAFLOW,OECD.IEA:RDDPUBLIC(1.0),Public energy technology RD&D budgets,I,TURKIYE,Republic of Türkiye,A,Annual,PUBLIC,Total public,FOSSILFUEL,Group 2: Fossil fuels,RDD,"Research, development and demonstration",USD_R,USD (constant prices and exchange rates),2000,,0.796,,I,Imputed Value,F,Non-confidential,6,Millions,3,
DATAFLOW,OECD.IEA:RDDPUBLIC(1.0),Public energy technology RD&D budgets,I,TURKIYE,Republic of Türkiye,A,Annual,PUBLIC,Total public,FOSSILFUEL,Group 2: Fossil fuels,RDD,"Research, development and demonstration",USD_R,USD (constant prices and exchange rates),2001,,1.03,,I,Imputed Value,F,Non-confidential,6,Millions,3,
DATAFLOW,OECD.IEA:RDDPUBLIC(1.0),Public energy technology RD&D budgets,I,TURKIYE,Republic of Türkiye,A,Annual,PUBLIC,Total public,FOSSILFUEL,Group 2: Fossil fuels,RDD,"Research, development and demonstration",USD_R,USD (constant prices and exchange rates),2002,,0.54,,I,Imputed Value,F,Non-confidential,6,Millions,3,
DATAFLOW,OECD.IEA:RDDPUBLIC(1.0),Public energy technology RD&D budgets,I,TURKIYE,Republic of Türkiye,A,Annual,PUBLIC,Total public,FOSSILFUEL,Group 2: Fossil fuels,RDD,"Research, development and demonstration",USD_R,USD (constant prices and exchange rates),2003,,1.423,,I,Imputed Value,F,Non-confidential,6,Millions,3,
DATAFLOW,OECD.IEA:RDDPUBLIC(1.0),Public energy technology RD&D budgets,I,TURKIYE,Republic of Türkiye,A,Annual,PUBLIC,Total public,FOSSILFUEL,Group 2: Fossil fuels,RDD,"Research, development and demonstration",USD_R,USD (constant prices and exchange rates),2004,,0.188,,I,Imputed Value,F,Non-confidential,6,Millions,3,
DATAFLOW,OECD.IEA:RDDPUBLIC(1.0),Public energy technology RD&D budgets,I,TURKIYE,Republic of Türkiye,A,Annual,PUBLIC,Total public,FOSSILFUEL,Group 2: Fossil fuels,RDD,"Research, development and demonstration",USD_R,USD (constant prices and exchange rates),2005,,0.434,,I,Imputed Value,F,Non-confidential,6,Millions,3,
DATAFLOW,OECD.IEA:RDDPUBLIC(1.0),Public energy technology RD&D budgets,I,TURKIYE,Republic of Türkiye,A,Annual,PUBLIC,Total public,FOSSILFUEL,Group 2: Fossil fuels,RDD,"Research, development and demonstration",USD_R,USD (constant prices and exchange rates),2006,,0.588,,I,Imputed Value,F,Non-confidential,6,Millions,3,
DATAFLOW,OECD.IEA:RDDPUBLIC(1.0),Public energy technology RD&D budgets,I,TURKIYE,Republic of Türkiye,A,Annual,PUBLIC,Total public,FOSSILFUEL,Group 2: Fossil fuels,RDD,"Research, development and demonstration",USD_R,USD (constant prices and exchange rates),2007,,1.397,,I,Imputed Value,F,Non-confidential,6,Millions,3,
DATAFLOW,OECD.IEA:RDDPUBLIC(1.0),Public energy technology RD&D budgets,I,TURKIYE,Republic of Türkiye,A,Annual,PUBLIC,Total public,FOSSILFUEL,Group 2: Fossil fuels,RDD,"Research, development and demonstration",USD_R,USD (constant prices and exchange rates),2008,,2.351,,I,Imputed Value,F,Non-confidential,6,Millions,3,
DATAFLOW,OECD.IEA:RDDPUBLIC(1.0),Public energy technology RD&D budgets,I,TURKIYE,Republic of Türkiye,A,Annual,PUBLIC,Total public,FOSSILFUEL,Group 2: Fossil fuels,RDD,"Research, development and demonstration",USD_R,USD (constant prices and exchange rates),2009,,2.805,,I,Imputed Value,F,Non-confidential,6,Millions,3,
DATAFLOW,OECD.IEA:RDDPUBLIC(1.0),Public energy technology RD&D budgets,I,TURKIYE,Republic of Türkiye,A,Annual,PUBLIC,Total public,FOSSILFUEL,Group 2: Fossil fuels,RDD,"Research, development and demonstration",USD_R,USD (constant prices and exchange rates),2014,,9.037,,I,Imputed Value,F,Non-confidential,6,Millions,3,
DATAFLOW,OECD.IEA:RDDPUBLIC(1.0),Public energy technology RD&D budgets,I,TURKIYE,Republic of Türkiye,A,Annual,PUBLIC,Total public,FOSSILFUEL,Group 2: Fossil fuels,RDD,"Research, development and demonstration",USD_R,USD (constant prices and exchange rates),2015,,7.728,,I,Imputed Value,F,Non-confidential,6,Millions,3,
DATAFLOW,OECD.IEA:RDDPUBLIC(1.0),Public energy technology RD&D budgets,I,TURKIYE,Republic of Türkiye,A,Annual,PUBLIC,Total public,FOSSILFUEL,Group 2: Fossil fuels,RDD,"Research, development and demonstration",USD_R,USD (constant prices and exchange rates),2016,,3.801,,I,Imputed Value,F,Non-confidential,6,Millions,3,
DATAFLOW,OECD.IEA:RDDPUBLIC(1.0),Public energy technology RD&D budgets,I,TURKIYE,Republic of Türkiye,A,Annual,PUBLIC,Total public,FOSSILFUEL,Group 2: Fossil fuels,RDD,"Research, development and demonstration",USD_R,USD (constant prices and exchange rates),2017,,4.145,,I,Imputed Value,F,Non-confidential,6,Millions,3,
DATAFLOW,OECD.IEA:RDDPUBLIC(1.0),Public energy technology RD&D budgets,I,TURKIYE,Republic of Türkiye,A,Annual,PUBLIC,Total public,FOSSILFUEL,Group 2: Fossil fuels,RDD,"Research, development and demonstration",USD_R,USD (constant prices and exchange rates),2018,,5.324,,I,Imputed Value,F,Non-confidential,6,Millions,3,
DATAFLOW,OECD.IEA:RDDPUBLIC(1.0),Public energy technology RD&D budgets,I,TURKIYE,Republic of Türkiye,A,Annual,PUBLIC,Total public,FOSSILFUEL,Group 2: Fossil fuels,RDD,"Research, development and demonstration",USD_R,USD (constant prices and exchange rates),2019,,9.67,,I,Imputed Value,F,Non-confidential,6,Millions,3,
DATAFLOW,OECD.IEA:RDDPUBLIC(1.0),Public energy technology RD&D budgets,I,TURKIYE,Republic of Türkiye,A,Annual,PUBLIC,Total public,FOSSILFUEL,Group 2: Fossil fuels,RDD,"Research, development and demonstration",USD_R,USD (constant prices and exchange rates),2020,,2.238,,I,Imputed Value,F,Non-confidential,6,Millions,3,
DATAFLOW,OECD.IEA:RDDPUBLIC(1.0),Public energy technology RD&D budgets,I,TURKIYE,Republic of Türkiye,A,Annual,PUBLIC,Total public,FOSSILFUEL,Group 2: Fossil fuels,RDD,"Research, development and demonstration",USD_R,USD (constant prices and exchange rates),2021,,2.872,,I,Imputed Value,F,Non-confidential,6,Millions,3,
DATAFLOW,OECD.IEA:RDDPUBLIC(1.0),Public energy technology RD&D budgets,I,TURKIYE,Republic of Türkiye,A,Annual,PUBLIC,Total public,FOSSILFUEL,Group 2: Fossil fuels,RDD,"Research, development and demonstration",USD_R,USD (constant prices and exchange rates),2022,,5.544,,I,Imputed Value,F,Non-confidential,6,Millions,3,
DATAFLOW,OECD.IEA:RDDPUBLIC(1.0),Public energy technology RD&D budgets,I,TURKIYE,Republic of Türkiye,A,Annual,PUBLIC,Total public,FOSSILFUEL,Group 2: Fossil fuels,RDD,"Research, development and demonstration",USD_R,USD (constant prices and exchange rates),2023,,1.333,,I,Imputed Value,F,Non-confidential,6,Millions,3,
DATAFLOW,OECD.IEA:RDDPUBLIC(1.0),Public energy technology RD&D budgets,I,TURKIYE,Republic of Türkiye,A,Annual,PUBLIC,Total public,FOSSILFUEL,Group 2: Fossil fuels,RDD,"Research, development and demonstration",USD_R,USD (constant prices and exchange rates),2024,,1.264,,P,Provisional Value,F,Non-confidential,6,Millions,3,
DATAFLOW,OECD.IEA:RDDPUBLIC(1.0),Public energy technology RD&D budgets,I,GREECE,Greece,A,Annual,PUBLIC,Total public,FOSSILFUEL,Group 2: Fossil fuels,RDD,"Research, development and demonstration",USD_R,USD (constant prices and exchange rates),2000,,0.699,,I,Imputed Value,F,Non-confidential,6,Millions,3,
DATAFLOW,OECD.IEA:RDDPUBLIC(1.0),Public energy technology RD&D budgets,I,GREECE,Greece,A,Annual,PUBLIC,Total public,FOSSILFUEL,Group 2: Fossil fuels,RDD,"Research, development and demonstration",USD_R,USD (constant prices and exchange rates),2001,,0.732,,I,Imputed Value,F,Non-confidential,6,Millions,3,
DATAFLOW,OECD.IEA:RDDPUBLIC(1.0),Public energy technology RD&D budgets,I,GREECE,Greece,A,Annual,PUBLIC,Total public,FOSSILFUEL,Group 2: Fossil fuels,RDD,"Research, development and demonstration",USD_R,USD (constant prices and exchange rates),2002,,0.784,,I,Imputed Value,F,Non-confidential,6,Millions,3,
DATAFLOW,OECD.IEA:RDDPUBLIC(1.0),Public energy technology RD&D budgets,I,GREECE,Greece,A,Annual,PUBLIC,Total public,FOSSILFUEL,Group 2: Fossil fuels,RDD,"Research, development and demonstration",USD_R,USD (constant prices and exchange rates),2005,,0.846,,I,Imputed Value,F,Non-confidential,6,Millions,3,
DATAFLOW,OECD.IEA:RDDPUBLIC(1.0),Public energy technology RD&D budgets,I,GREECE,Greece,A,Annual,PUBLIC,Total public,FOSSILFUEL,Group 2: Fossil fuels,RDD,"Research, development and demonstration",USD_R,USD (constant prices and exchange rates),2006,,1.501,,I,Imputed Value,F,Non-confidential,6,Millions,3,
DATAFLOW,OECD.IEA:RDDPUBLIC(1.0),Public energy technology RD&D budgets,I,GREECE,Greece,A,Annual,PUBLIC,Total public,FOSSILFUEL,Group 2: Fossil fuels,RDD,"Research, development and demonstration",USD_R,USD (constant prices and exchange rates),2010,,0.009,,I,Imputed Value,F,Non-confidential,6,Millions,3,
DATAFLOW,OECD.IEA:RDDPUBLIC(1.0),Public energy technology RD&D budgets,I,GREECE,Greece,A,Annual,PUBLIC,Total public,FOSSILFUEL,Group 2: Fossil fuels,RDD,"Research, development and demonstration",USD_R,USD (constant prices and exchange rates),2011,,0.854,,I,Imputed Value,F,Non-confidential,6,Millions,3,
DATAFLOW,OECD.IEA:RDDPUBLIC(1.0),Public energy technology RD&D budgets,I,CANADA,Canada,A,Annual,PUBLIC,Total public,RENEWABLE,Group 3: Renewable energy sources,RDD,"Research, development and demonstration",USD_R,USD (constant prices and exchange rates),2000,,37.806,,I,Imputed Value,F,Non-confidential,6,Millions,3,
DATAFLOW,OECD.IEA:RDDPUBLIC(1.0),Public energy technology RD&D budgets,I,CANADA,Canada,A,Annual,PUBLIC,Total public,RENEWABLE,Group 3: Renewable energy sources,RDD,"Research, development and demonstration",USD_R,USD (constant prices and exchange rates),2001,,33.239,,I,Imputed Value,F,Non-confidential,6,Millions,3,
DATAFLOW,OECD.IEA:RDDPUBLIC(1.0),Public energy technology RD&D budgets,I,CANADA,Canada,A,Annual,PUBLIC,Total public,RENEWABLE,Group 3: Renewable energy sources,RDD,"Research, development and demonstration",USD_R,USD (constant prices and exchange rates),2002,,36.841,,I,Imputed Value,F,Non-confidential,6,Millions,3,
DATAFLOW,OECD.IEA:RDDPUBLIC(1.0),Public energy technology RD&D budgets,I,CANADA,Canada,A,Annual,PUBLIC,Total public,RENEWABLE,Group 3: Renewable energy sources,RDD,"Research, development and demonstration",USD_R,USD (constant prices and exchange rates),2003,,56.486,,I,Imputed Value,F,Non-confidential,6,Millions,3,
DATAFLOW,OECD.IEA:RDDPUBLIC(1.0),Public energy technology RD&D budgets,I,CANADA,Canada,A,Annual,PUBLIC,Total public,RENEWABLE,Group 3: Renewable energy sources,RDD,"Research, development and demonstration",USD_R,USD (constant prices and exchange rates),2004,,38.689,,I,Imputed Value,F,Non-confidential,6,Millions,3,
DATAFLOW,OECD.IEA:RDDPUBLIC(1.0),Public energy technology RD&D budgets,I,CANADA,Canada,A,Annual,PUBLIC,Total public,RENEWABLE,Group 3: Renewable energy sources,RDD,"Research, development and demonstration",USD_R,USD (constant prices and exchange rates),2005,,54.156,,I,Imputed Value,F,Non-confidential,6,Millions,3,
DATAFLOW,OECD.IEA:RDDPUBLIC(1.0),Public energy technology RD&D budgets,I,CANADA,Canada,A,Annual,PUBLIC,Total public,RENEWABLE,Group 3: Renewable energy sources,RDD,"Research, development and demonstration",USD_R,USD (constant prices and exchange rates),2006,,88.27,,I,Imputed Value,F,Non-confidential,6,Millions,3,
DATAFLOW,OECD.IEA:RDDPUBLIC(1.0),Public energy technology RD&D budgets,I,CANADA,Canada,A,Annual,PUBLIC,Total public,RENEWABLE,Group 3: Renewable energy sources,RDD,"Research, development and demonstration",USD_R,USD (constant prices and exchange rates),2007,,77.422,,I,Imputed Value,F,Non-confidential,6,Millions,3,
DATAFLOW,OECD.IEA:RDDPUBLIC(1.0),Public energy technology RD&D budgets,I,CANADA,Canada,A,Annual,PUBLIC,Total public,RENEWABLE,Group 3: Renewable energy sources,RDD,"Research, development and demonstration",USD_R,USD (constant prices and exchange rates),2008,,94.513,,I,Imputed Value,F,Non-confidential,6,Millions,3,
DATAFLOW,OECD.IEA:RDDPUBLIC(1.0),Public energy technology RD&D budgets,I,CANADA,Canada,A,Annual,PUBLIC,Total public,RENEWABLE,Group 3: Renewable energy sources,RDD,"Research, development and demonstration",USD_R,USD (constant prices and exchange rates),2009,,154.269,,I,Imputed Value,F,Non-confidential,6,Millions,3,
DATAFLOW,OECD.IEA:RDDPUBLIC(1.0),Public energy technology RD&D budgets,I,CANADA,Canada,A,Annual,PUBLIC,Total public,RENEWABLE,Group 3: Renewable energy sources,RDD,"Research, development and demonstration",USD_R,USD (constant prices and exchange rates),2010,,153.156,,I,Imputed Value,F,Non-confidential,6,Millions,3,
DATAFLOW,OECD.IEA:RDDPUBLIC(1.0),Public energy technology RD&D budgets,I,CANADA,Canada,A,Annual,PUBLIC,Total public,RENEWABLE,Group 3: Renewable energy sources,RDD,"Research, development and demonstration",USD_R,USD (constant prices and exchange rates),2011,,179.777,,I,Imputed Value,F,Non-confidential,6,Millions,3,
DATAFLOW,OECD.IEA:RDDPUBLIC(1.0),Public energy technology RD&D budgets,I,CANADA,Canada,A,Annual,PUBLIC,Total public,RENEWABLE,Group 3: Renewable energy sources,RDD,"Research, development and demonstration",USD_R,USD (constant prices and exchange rates),2012,,205.638,,I,Imputed Value,F,Non-confidential,6,Millions,3,
DATAFLOW,OECD.IEA:RDDPUBLIC(1.0),Public energy technology RD&D budgets,I,CANADA,Canada,A,Annual,PUBLIC,Total public,RENEWABLE,Group 3: Renewable energy sources,RDD,"Research, development and demonstration",USD_R,USD (constant prices and exchange rates),2013,,122.652,,I,Imputed Value,F,Non-confidential,6,Millions,3,
DATAFLOW,OECD.IEA:RDDPUBLIC(1.0),Public energy technology RD&D budgets,I,CANADA,Canada,A,Annual,PUBLIC,Total public,RENEWABLE,Group 3: Renewable energy sources,RDD,"Research, development and demonstration",USD_R,USD (constant prices and exchange rates),2014,,107.486,,I,Imputed Value,F,Non-confidential,6,Millions,3,
DATAFLOW,OECD.IEA:RDDPUBLIC(1.0),Public energy technology RD&D budgets,I,CANADA,Canada,A,Annual,PUBLIC,Total public,RENEWABLE,Group 3: Renewable energy sources,RDD,"Research, development and demonstration",USD_R,USD (constant prices and exchange rates),2015,,131.754,,I,Imputed Value,F,Non-confidential,6,Millions,3,
DATAFLOW,OECD.IEA:RDDPUBLIC(1.0),Public energy technology RD&D budgets,I,CANADA,Canada,A,Annual,PUBLIC,Total public,RENEWABLE,Group 3: Renewable energy sources,RDD,"Research, development and demonstration",USD_R,USD (constant prices and exchange rates),2016,,110.968,,I,Imputed Value,F,Non-confidential,6,Millions,3,
DATAFLOW,OECD.IEA:RDDPUBLIC(1.0),Public energy technology RD&D budgets,I,CANADA,Canada,A,Annual,PUBLIC,Total public,RENEWABLE,Group 3: Renewable energy sources,RDD,"Research, development and demonstration",USD_R,USD (constant prices and exchange rates),2017,,112.744,,I,Imputed Value,F,Non-confidential,6,Millions,3,
DATAFLOW,OECD.IEA:RDDPUBLIC(1.0),Public energy technology RD&D budgets,I,CANADA,Canada,A,Annual,PUBLIC,Total public,RENEWABLE,Group 3: Renewable energy sources,RDD,"Research, development and demonstration",USD_R,USD (constant prices and exchange rates),2018,,107.681,,I,Imputed Value,F,Non-confidential,6,Millions,3,
DATAFLOW,OECD.IEA:RDDPUBLIC(1.0),Public energy technology RD&D budgets,I,CANADA,Canada,A,Annual,PUBLIC,Total public,RENEWABLE,Group 3: Renewable energy sources,RDD,"Research, development and demonstration",USD_R,USD (constant prices and exchange rates),2019,,113.052,,I,Imputed Value,F,Non-confidential,6,Millions,3,
DATAFLOW,OECD.IEA:RDDPUBLIC(1.0),Public energy technology RD&D budgets,I,CANADA,Canada,A,Annual,PUBLIC,Total public,RENEWABLE,Group 3: Renewable energy sources,RDD,"Research, development and demonstration",USD_R,USD (constant prices and exchange rates),2020,,118.421,,I,Imputed Value,F,Non-confidential,6,Millions,3,
DATAFLOW,OECD.IEA:RDDPUBLIC(1.0),Public energy technology RD&D budgets,I,CANADA,Canada,A,Annual,PUBLIC,Total public,RENEWABLE,Group 3: Renewable energy sources,RDD,"Research, development and demonstration",USD_R,USD (constant prices and exchange rates),2021,,147.117,,I,Imputed Value,F,Non-confidential,6,Millions,3,
DATAFLOW,OECD.IEA:RDDPUBLIC(1.0),Public energy technology RD&D budgets,I,CANADA,Canada,A,Annual,PUBLIC,Total public,RENEWABLE,Group 3: Renewable energy sources,RDD,"Research, development and demonstration",USD_R,USD (constant prices and exchange rates),2022,,163.826,,I,Imputed Value,F,Non-confidential,6,Millions,3,
DATAFLOW,OECD.IEA:RDDPUBLIC(1.0),Public energy technology RD&D budgets,I,CANADA,Canada,A,Annual,PUBLIC,Total public,RENEWABLE,Group 3: Renewable energy sources,RDD,"Research, development and demonstration",USD_R,USD (constant prices and exchange rates),2023,,137.361,,I,Imputed Value,F,Non-confidential,6,Millions,3,
DATAFLOW,OECD.IEA:RDDPUBLIC(1.0),Public energy technology RD&D budgets,I,CANADA,Canada,A,Annual,PUBLIC,Total public,RENEWABLE,Group 3: Renewable energy sources,RDD,"Research, development and demonstration",USD_R,USD (constant prices and exchange rates),2024,,141.856,,P,Provisional Value,F,Non-confidential,6,Millions,3,
DATAFLOW,OECD.IEA:RDDPUBLIC(1.0),Public energy technology RD&D budgets,I,LUXEMBOURG,Luxembourg,A,Annual,PUBLIC,Total public,RENEWABLE,Group 3: Renewable energy sources,RDD,"Research, development and demonstration",USD_R,USD (constant prices and exchange rates),2000,,0.82,,I,Imputed Value,F,Non-confidential,6,Millions,3,
DATAFLOW,OECD.IEA:RDDPUBLIC(1.0),Public energy technology RD&D budgets,I,LUXEMBOURG,Luxembourg,A,Annual,PUBLIC,Total public,RENEWABLE,Group 3: Renewable energy sources,RDD,"Research, development and demonstration",USD_R,USD (constant prices and exchange rates),2011,,1.14,,I,Imputed Value,F,Non-confidential,6,Millions,3,
DATAFLOW,OECD.IEA:RDDPUBLIC(1.0),Public energy technology RD&D budgets,I,LUXEMBOURG,Luxembourg,A,Annual,PUBLIC,Total public,RENEWABLE,Group 3: Renewable energy sources,RDD,"Research, development and demonstration",USD_R,USD (constant prices and exchange rates),2012,,6.054,,I,Imputed Value,F,Non-confidential,6,Millions,3,
DATAFLOW,OECD.IEA:RDDPUBLIC(1.0),Public energy technology RD&D budgets,I,IEAEUR,IEA Europe,A,Annual,PUBLIC,Total public,TOTAL,Total,RDD,"Research, development and demonstration",USD_R,USD (constant prices and exchange rates),2000,,3169.251,,I,Imputed Value,F,Non-confidential,6,Millions,3,
DATAFLOW,OECD.IEA:RDDPUBLIC(1.0),Public energy technology RD&D budgets,I,IEAEUR,IEA Europe,A,Annual,PUBLIC,Total public,TOTAL,Total,RDD,"Research, development and demonstration",USD_R,USD (constant prices and exchange rates),2001,,3023.771,,I,Imputed Value,F,Non-confidential,6,Millions,3,
DATAFLOW,OECD.IEA:RDDPUBLIC(1.0),Public energy technology RD&D budgets,I,IEAEUR,IEA Europe,A,Annual,PUBLIC,Total public,TOTAL,Total,RDD,"Research, development and demonstration",USD_R,USD (constant prices and exchange rates),2002,,3790.936,,I,Imputed Value,F,Non-confidential,6,Millions,3,
DATAFLOW,OECD.IEA:RDDPUBLIC(1.0),Public energy technology RD&D budgets,I,IEAEUR,IEA Europe,A,Annual,PUBLIC,Total public,TOTAL,Total,RDD,"Research, development and demonstration",USD_R,USD (constant prices and exchange rates),2003,,3997.127,,I,Imputed Value,F,Non-confidential,6,Millions,3,
DATAFLOW,OECD.IEA:RDDPUBLIC(1.0),Public energy technology RD&D budgets,I,IEAEUR,IEA Europe,A,Annual,PUBLIC,Total public,TOTAL,Total,RDD,"Research, development and demonstration",USD_R,USD (constant prices and exchange rates),2004,,4035.671,,I,Imputed Value,F,Non-confidential,6,Millions,3,
DATAFLOW,OECD.IEA:RDDPUBLIC(1.0),Public energy technology RD&D budgets,I,IEAEUR,IEA Europe,A,Annual,PUBLIC,Total public,TOTAL,Total,RDD,"Research, development and demonstration",USD_R,USD (constant prices and exchange rates),2005,,4149.843,,I,Imputed Value,F,Non-confidential,6,Millions,3,
DATAFLOW,OECD.IEA:RDDPUBLIC(1.0),Public energy technology RD&D budgets,I,IEAEUR,IEA Europe,A,Annual,PUBLIC,Total public,TOTAL,Total,RDD,"Research, development and demonstration",USD_R,USD (constant prices and exchange rates),2006,,4660.77,,I,Imputed Value,F,Non-confidential,6,Millions,3,
DATAFLOW,OECD.IEA:RDDPUBLIC(1.0),Public energy technology RD&D budgets,I,IEAEUR,IEA Europe,A,Annual,PUBLIC,Total public,TOTAL,Total,RDD,"Research, development and demonstration",USD_R,USD (constant prices and exchange rates),2007,,5185.537,,I,Imputed Value,F,Non-confidential,6,Millions,3,
DATAFLOW,OECD.IEA:RDDPUBLIC(1.0),Public energy technology RD&D budgets,I,IEAEUR,IEA Europe,A,Annual,PUBLIC,Total public,TOTAL,Total,RDD,"Research, development and demonstration",USD_R,USD (constant prices and exchange rates),2008,,5629.036,,I,Imputed Value,F,Non-confidential,6,Millions,3,
DATAFLOW,OECD.IEA:RDDPUBLIC(1.0),Public energy technology RD&D budgets,I,IEAEUR,IEA Europe,A,Annual,PUBLIC,Total public,TOTAL,Total,RDD,"Research, development and demonstration",USD_R,USD (constant prices and exchange rates),2009,,6978.387,,I,Imputed Value,F,Non-confidential,6,Millions,3,
DATAFLOW,OECD.IEA:RDDPUBLIC(1.0),Public energy technology RD&D budgets,I,IEAEUR,IEA Europe,A,Annual,PUBLIC,Total public,TOTAL,Total,RDD,"Research, development and demonstration",USD_R,USD (constant prices and exchange rates),2010,,7612.745,,I,Imputed Value,F,Non-confidential,6,Millions,3,
DATAFLOW,OECD.IEA:RDDPUBLIC(1.0),Public energy technology RD&D budgets,I,IEAEUR,IEA Europe,A,Annual,PUBLIC,Total public,TOTAL,Total,RDD,"Research, development and demonstration",USD_R,USD (constant prices and exchange rates),2011,,7597.764,,I,Imputed Value,F,Non-confidential,6,Millions,3,
DATAFLOW,OECD.IEA:RDDPUBLIC(1.0),Public energy technology RD&D budgets,I,IEAEUR,IEA Europe,A,Annual,PUBLIC,Total public,TOTAL,Total,RDD,"Research, development and demonstration",USD_R,USD (constant prices and exchange rates),2012,,7379.038,,I,Imputed Value,F,Non-confidential,6,Millions,3,
DATAFLOW,OECD.IEA:RDDPUBLIC(1.0),Public energy technology RD&D budgets,I,IEAEUR,IEA Europe,A,Annual,PUBLIC,Total public,TOTAL,Total,RDD,"Research, development and demonstration",USD_R,USD (constant prices and exchange rates),2013,,7366.676,,I,Imputed Value,F,Non-confidential,6,Millions,3,
DATAFLOW,OECD.IEA:RDDPUBLIC(1.0),Public energy technology RD&D budgets,I,IEAEUR,IEA Europe,A,Annual,PUBLIC,Total public,TOTAL,Total,RDD,"Research, development and demonstration",USD_R,USD (constant prices and exchange rates),2014,,7374.414,,I,Imputed Value,F,Non-confidential,6,Millions,3,
DATAFLOW,OECD.IEA:RDDPUBLIC(1.0),Public energy technology RD&D budgets,I,IEAEUR,IEA Europe,A,Annual,PUBLIC,Total public,TOTAL,Total,RDD,"Research, development and demonstration",USD_R,USD (constant prices and exchange rates),2015,,7429.744,,I,Imputed Value,F,Non-confidential,6,Millions,3,
DATAFLOW,OECD.IEA:RDDPUBLIC(1.0),Public energy technology RD&D budgets,I,IEAEUR,IEA Europe,A,Annual,PUBLIC,Total public,TOTAL,Total,RDD,"Research, development and demonstration",USD_R,USD (constant prices and exchange rates),2016,,7280.298,,I,Imputed Value,F,Non-confidential,6,Millions,3,
DATAFLOW,OECD.IEA:RDDPUBLIC(1.0),Public energy technology RD&D budgets,I,IEAEUR,IEA Europe,A,Annual,PUBLIC,Total public,TOTAL,Total,RDD,"Research, development and demonstration",USD_R,USD (constant prices and exchange rates),2017,,7699.804,,I,Imputed Value,F,Non-confidential,6,Millions,3,
DATAFLOW,OECD.IEA:RDDPUBLIC(1.0),Public energy technology RD&D budgets,I,IEAEUR,IEA Europe,A,Annual,PUBLIC,Total public,TOTAL,Total,RDD,"Research, development and demonstration",USD_R,USD (constant prices and exchange rates),2018,,7803.973,,I,Imputed Value,F,Non-confidential,6,Millions,3,
DATAFLOW,OECD.IEA:RDDPUBLIC(1.0),Public energy technology RD&D budgets,I,IEAEUR,IEA Europe,A,Annual,PUBLIC,Total public,TOTAL,Total,RDD,"Research, development and demonstration",USD_R,USD (constant prices and exchange rates),2019,,8593.259,,I,Imputed Value,F,Non-confidential,6,Millions,3,
DATAFLOW,OECD.IEA:RDDPUBLIC(1.0),Public energy technology RD&D budgets,I,IEAEUR,IEA Europe,A,Annual,PUBLIC,Total public,TOTAL,Total,RDD,"Research, development and demonstration",USD_R,USD (constant prices and exchange rates),2020,,8752.094,,I,Imputed Value,F,Non-confidential,6,Millions,3,
DATAFLOW,OECD.IEA:RDDPUBLIC(1.0),Public energy technology RD&D budgets,I,IEAEUR,IEA Europe,A,Annual,PUBLIC,Total public,TOTAL,Total,RDD,"Research, development and demonstration",USD_R,USD (constant prices and exchange rates),2021,,10326.272,,I,Imputed Value,F,Non-confidential,6,Millions,3,
DATAFLOW,OECD.IEA:RDDPUBLIC(1.0),Public energy technology RD&D budgets,I,IEAEUR,IEA Europe,A,Annual,PUBLIC,Total public,TOTAL,Total,RDD,"Research, development and demonstration",USD_R,USD (constant prices and exchange rates),2022,,10839.815,,I,Imputed Value,F,Non-confidential,6,Millions,3,
DATAFLOW,OECD.IEA:RDDPUBLIC(1.0),Public energy technology RD&D budgets,I,IEAEUR,IEA Europe,A,Annual,PUBLIC,Total public,TOTAL,Total,RDD,"Research, development and demonstration",USD_R,USD (constant prices and exchange rates),2023,,11941.319,,I,Imputed Value,F,Non-confidential,6,Millions,3,
DATAFLOW,OECD.IEA:RDDPUBLIC(1.0),Public energy technology RD&D budgets,I,IEAEUR,IEA Europe,A,Annual,PUBLIC,Total public,TOTAL,Total,RDD,"Research, development and demonstration",USD_R,USD (constant prices and exchange rates),2024,,12492.15,,I,Imputed Value,F,Non-confidential,6,Millions,3,
DATAFLOW,OECD.IEA:RDDPUBLIC(1.0),Public energy technology RD&D budgets,I,IEATOT,Total IEA,A,Annual,PUBLIC,Total public,RENEWABLE,Group 3: Renewable energy sources,RDD,"Research, development and demonstration",USD_R,USD (constant prices and exchange rates),2000,,999.005,,I,Imputed Value,F,Non-confidential,6,Millions,3,
DATAFLOW,OECD.IEA:RDDPUBLIC(1.0),Public energy technology RD&D budgets,I,IEATOT,Total IEA,A,Annual,PUBLIC,Total public,RENEWABLE,Group 3: Renewable energy sources,RDD,"Research, development and demonstration",USD_R,USD (constant prices and exchange rates),2001,,1096.463,,I,Imputed Value,F,Non-confidential,6,Millions,3,
DATAFLOW,OECD.IEA:RDDPUBLIC(1.0),Public energy technology RD&D budgets,I,IEATOT,Total IEA,A,Annual,PUBLIC,Total public,RENEWABLE,Group 3: Renewable energy sources,RDD,"Research, development and demonstration",USD_R,USD (constant prices and exchange rates),2002,,1214.933,,I,Imputed Value,F,Non-confidential,6,Millions,3,
DATAFLOW,OECD.IEA:RDDPUBLIC(1.0),Public energy technology RD&D budgets,I,IEATOT,Total IEA,A,Annual,PUBLIC,Total public,RENEWABLE,Group 3: Renewable energy sources,RDD,"Research, development and demonstration",USD_R,USD (constant prices and exchange rates),2003,,1203.01,,I,Imputed Value,F,Non-confidential,6,Millions,3,
DATAFLOW,OECD.IEA:RDDPUBLIC(1.0),Public energy technology RD&D budgets,I,IEATOT,Total IEA,A,Annual,PUBLIC,Total public,RENEWABLE,Group 3: Renewable energy sources,RDD,"Research, development and demonstration",USD_R,USD (constant prices and exchange rates),2004,,1368.896,,I,Imputed Value,F,Non-confidential,6,Millions,3,
DATAFLOW,OECD.IEA:RDDPUBLIC(1.0),Public energy technology RD&D budgets,I,IEATOT,Total IEA,A,Annual,PUBLIC,Total public,RENEWABLE,Group 3: Renewable energy sources,RDD,"Research, development and demonstration",USD_R,USD (constant prices and exchange rates),2005,,1412.855,,I,Imputed Value,F,Non-confidential,6,Millions,3,
DATAFLOW,OECD.IEA:RDDPUBLIC(1.0),Public energy technology RD&D budgets,I,IEATOT,Total IEA,A,Annual,PUBLIC,Total public,RENEWABLE,Group 3: Renewable energy sources,RDD,"Research, development and demonstration",USD_R,USD (constant prices and exchange rates),2006,,1521.32,,I,Imputed Value,F,Non-confidential,6,Millions,3,
DATAFLOW,OECD.IEA:RDDPUBLIC(1.0),Public energy technology RD&D budgets,I,IEATOT,Total IEA,A,Annual,PUBLIC,Total public,RENEWABLE,Group 3: Renewable energy sources,RDD,"Research, development and demonstration",USD_R,USD (constant prices and exchange rates),2007,,2138.523,,I,Imputed Value,F,Non-confidential,6,Millions,3,
DATAFLOW,OECD.IEA:RDDPUBLIC(1.0),Public energy technology RD&D budgets,I,IEATOT,Total IEA,A,Annual,PUBLIC,Total public,RENEWABLE,Group 3: Renewable energy sources,RDD,"Research, development and demonstration",USD_R,USD (constant prices and exchange rates),2008,,2105.479,,I,Imputed Value,F,Non-confidential,6,Millions,3,
DATAFLOW,OECD.IEA:RDDPUBLIC(1.0),Public energy technology RD&D budgets,I,IEATOT,Total IEA,A,Annual,PUBLIC,Total public,RENEWABLE,Group 3: Renewable energy sources,RDD,"Research, development and demonstration",USD_R,USD (constant prices and exchange rates),2009,,5200.816,,I,Imputed Value,F,Non-confidential,6,Millions,3,
DATAFLOW,OECD.IEA:RDDPUBLIC(1.0),Public energy technology RD&D budgets,I,IEATOT,Total IEA,A,Annual,PUBLIC,Total public,RENEWABLE,Group 3: Renewable energy sources,RDD,"Research, development and demonstration",USD_R,USD (constant prices and exchange rates),2010,,4291.214,,I,Imputed Value,F,Non-confidential,6,Millions,3,
DATAFLOW,OECD.IEA:RDDPUBLIC(1.0),Public energy technology RD&D budgets,I,IEATOT,Total IEA,A,Annual,PUBLIC,Total public,RENEWABLE,Group 3: Renewable energy sources,RDD,"Research, development and demonstration",USD_R,USD (constant prices and exchange rates),2011,,4638.695,,I,Imputed Value,F,Non-confidential,6,Millions,3,
DATAFLOW,OECD.IEA:RDDPUBLIC(1.0),Public energy technology RD&D budgets,I,IEATOT,Total IEA,A,Annual,PUBLIC,Total public,RENEWABLE,Group 3: Renewable energy sources,RDD,"Research, development and demonstration",USD_R,USD (constant prices and exchange rates),2012,,4904.515,,I,Imputed Value,F,Non-confidential,6,Millions,3,
DATAFLOW,OECD.IEA:RDDPUBLIC(1.0),Public energy technology RD&D budgets,I,IEATOT,Total IEA,A,Annual,PUBLIC,Total public,RENEWABLE,Group 3: Renewable energy sources,RDD,"Research, development and demonstration",USD_R,USD (constant prices and exchange rates),2013,,4373.645,,I,Imputed Value,F,Non-confidential,6,Millions,3,
DATAFLOW,OECD.IEA:RDDPUBLIC(1.0),Public energy technology RD&D budgets,I,IEATOT,Total IEA,A,Annual,PUBLIC,Total public,RENEWABLE,Group 3: Renewable energy sources,RDD,"Research, development and demonstration",USD_R,USD (constant prices and exchange rates),2014,,3682.287,,I,Imputed Value,F,Non-confidential,6,Millions,3,
DATAFLOW,OECD.IEA:RDDPUBLIC(1.0),Public energy technology RD&D budgets,I,IEATOT,Total IEA,A,Annual,PUBLIC,Total public,RENEWABLE,Group 3: Renewable energy sources,RDD,"Research, development and demonstration",USD_R,USD (constant prices and exchange rates),2015,,3534.964,,I,Imputed Value,F,Non-confidential,6,Millions,3,
DATAFLOW,OECD.IEA:RDDPUBLIC(1.0),Public energy technology RD&D budgets,I,IEATOT,Total IEA,A,Annual,PUBLIC,Total public,RENEWABLE,Group 3: Renewable energy sources,RDD,"Research, development and demonstration",USD_R,USD (constant prices and exchange rates),2016,,3150.318,,I,Imputed Value,F,Non-confidential,6,Millions,3,
DATAFLOW,OECD.IEA:RDDPUBLIC(1.0),Public energy technology RD&D budgets,I,IEATOT,Total IEA,A,Annual,PUBLIC,Total public,RENEWABLE,Group 3: Renewable energy sources,RDD,"Research, development and demonstration",USD_R,USD (constant prices and exchange rates),2017,,2913.243,,I,Imputed Value,F,Non-confidential,6,Millions,3,
DATAFLOW,OECD.IEA:RDDPUBLIC(1.0),Public energy technology RD&D budgets,I,IEATOT,Total IEA,A,Annual,PUBLIC,Total public,RENEWABLE,Group 3: Renewable energy sources,RDD,"Research, development and demonstration",USD_R,USD (constant prices and exchange rates),2018,,3189.973,,I,Imputed Value,F,Non-confidential,6,Millions,3,
DATAFLOW,OECD.IEA:RDDPUBLIC(1.0),Public energy technology RD&D budgets,I,IEATOT,Total IEA,A,Annual,PUBLIC,Total public,RENEWABLE,Group 3: Renewable energy sources,RDD,"Research, development and demonstration",USD_R,USD (constant prices and exchange rates),2019,,3504.88,,I,Imputed Value,F,Non-confidential,6,Millions,3,
DATAFLOW,OECD.IEA:RDDPUBLIC(1.0),Public energy technology RD&D budgets,I,IEATOT,Total IEA,A,Annual,PUBLIC,Total public,RENEWABLE,Group 3: Renewable energy sources,RDD,"Research, development and demonstration",USD_R,USD (constant prices and exchange rates),2020,,3255.561,,I,Imputed Value,F,Non-confidential,6,Millions,3,
DATAFLOW,OECD.IEA:RDDPUBLIC(1.0),Public energy technology RD&D budgets,I,IEATOT,Total IEA,A,Annual,PUBLIC,Total public,RENEWABLE,Group 3: Renewable energy sources,RDD,"Research, development and demonstration",USD_R,USD (constant prices and exchange rates),2021,,3519.685,,I,Imputed Value,F,Non-confidential,6,Millions,3,
DATAFLOW,OECD.IEA:RDDPUBLIC(1.0),Public energy technology RD&D budgets,I,IEATOT,Total IEA,A,Annual,PUBLIC,Total public,RENEWABLE,Group 3: Renewable energy sources,RDD,"Research, development and demonstration",USD_R,USD (constant prices and exchange rates),2022,,3765.962,,I,Imputed Value,F,Non-confidential,6,Millions,3,
DATAFLOW,OECD.IEA:RDDPUBLIC(1.0),Public energy technology RD&D budgets,I,IEATOT,Total IEA,A,Annual,PUBLIC,Total public,RENEWABLE,Group 3: Renewable energy sources,RDD,"Research, development and demonstration",USD_R,USD (constant prices and exchange rates),2023,,3340.628,,I,Imputed Value,F,Non-confidential,6,Millions,3,
DATAFLOW,OECD.IEA:RDDPUBLIC(1.0),Public energy technology RD&D budgets,I,IEATOT,Total IEA,A,Annual,PUBLIC,Total public,RENEWABLE,Group 3: Renewable energy sources,RDD,"Research, development and demonstration",USD_R,USD (constant prices and exchange rates),2024,,3517.766,,I,Imputed Value,F,Non-confidential,6,Millions,3,
DATAFLOW,OECD.IEA:RDDPUBLIC(1.0),Public energy technology RD&D budgets,I,HUNGARY,Hungary,A,Annual,PUBLIC,Total public,RENEWABLE,Group 3: Renewable energy sources,RDD,"Research, development and demonstration",USD_R,USD (constant prices and exchange rates),2000,,0.898,,I,Imputed Value,F,Non-confidential,6,Millions,3,
DATAFLOW,OECD.IEA:RDDPUBLIC(1.0),Public energy technology RD&D budgets,I,HUNGARY,Hungary,A,Annual,PUBLIC,Total public,RENEWABLE,Group 3: Renewable energy sources,RDD,"Research, development and demonstration",USD_R,USD (constant prices and exchange rates),2001,,2.019,,I,Imputed Value,F,Non-confidential,6,Millions,3,
DATAFLOW,OECD.IEA:RDDPUBLIC(1.0),Public energy technology RD&D budgets,I,HUNGARY,Hungary,A,Annual,PUBLIC,Total public,RENEWABLE,Group 3: Renewable energy sources,RDD,"Research, development and demonstration",USD_R,USD (constant prices and exchange rates),2002,,3.452,,I,Imputed Value,F,Non-confidential,6,Millions,3,
DATAFLOW,OECD.IEA:RDDPUBLIC(1.0),Public energy technology RD&D budgets,I,HUNGARY,Hungary,A,Annual,PUBLIC,Total public,RENEWABLE,Group 3: Renewable energy sources,RDD,"Research, development and demonstration",USD_R,USD (constant prices and exchange rates),2003,,2.518,,I,Imputed Value,F,Non-confidential,6,Millions,3,
DATAFLOW,OECD.IEA:RDDPUBLIC(1.0),Public energy technology RD&D budgets,I,HUNGARY,Hungary,A,Annual,PUBLIC,Total public,RENEWABLE,Group 3: Renewable energy sources,RDD,"Research, development and demonstration",USD_R,USD (constant prices and exchange rates),2004,,4.948,,I,Imputed Value,F,Non-confidential,6,Millions,3,
DATAFLOW,OECD.IEA:RDDPUBLIC(1.0),Public energy technology RD&D budgets,I,HUNGARY,Hungary,A,Annual,PUBLIC,Total public,RENEWABLE,Group 3: Renewable energy sources,RDD,"Research, development and demonstration",USD_R,USD (constant prices and exchange rates),2005,,6.258,,I,Imputed Value,F,Non-confidential,6,Millions,3,
DATAFLOW,OECD.IEA:RDDPUBLIC(1.0),Public energy technology RD&D budgets,I,HUNGARY,Hungary,A,Annual,PUBLIC,Total public,RENEWABLE,Group 3: Renewable energy sources,RDD,"Research, development and demonstration",USD_R,USD (constant prices and exchange rates),2006,,7.099,,I,Imputed Value,F,Non-confidential,6,Millions,3,
DATAFLOW,OECD.IEA:RDDPUBLIC(1.0),Public energy technology RD&D budgets,I,HUNGARY,Hungary,A,Annual,PUBLIC,Total public,RENEWABLE,Group 3: Renewable energy sources,RDD,"Research, development and demonstration",USD_R,USD (constant prices and exchange rates),2007,,7.579,,I,Imputed Value,F,Non-confidential,6,Millions,3,
DATAFLOW,OECD.IEA:RDDPUBLIC(1.0),Public energy technology RD&D budgets,I,HUNGARY,Hungary,A,Annual,PUBLIC,Total public,RENEWABLE,Group 3: Renewable energy sources,RDD,"Research, development and demonstration",USD_R,USD (constant prices and exchange rates),2008,,7.232,,I,Imputed Value,F,Non-confidential,6,Millions,3,
DATAFLOW,OECD.IEA:RDDPUBLIC(1.0),Public energy technology RD&D budgets,I,HUNGARY,Hungary,A,Annual,PUBLIC,Total public,RENEWABLE,Group 3: Renewable energy sources,RDD,"Research, development and demonstration",USD_R,USD (constant prices and exchange rates),2009,,7.535,,I,Imputed Value,F,Non-confidential,6,Millions,3,
DATAFLOW,OECD.IEA:RDDPUBLIC(1.0),Public energy technology RD&D budgets,I,HUNGARY,Hungary,A,Annual,PUBLIC,Total public,RENEWABLE,Group 3: Renewable energy sources,RDD,"Research, development and demonstration",USD_R,USD (constant prices and exchange rates),2010,,7.349,,I,Imputed Value,F,Non-confidential,6,Millions,3,
DATAFLOW,OECD.IEA:RDDPUBLIC(1.0),Public energy technology RD&D budgets,I,HUNGARY,Hungary,A,Annual,PUBLIC,Total public,RENEWABLE,Group 3: Renewable energy sources,RDD,"Research, development and demonstration",USD_R,USD (constant prices and exchange rates),2011,,7.21,,I,Imputed Value,F,Non-confidential,6,Millions,3,
DATAFLOW,OECD.IEA:RDDPUBLIC(1.0),Public energy technology RD&D budgets,I,HUNGARY,Hungary,A,Annual,PUBLIC,Total public,RENEWABLE,Group 3: Renewable energy sources,RDD,"Research, development and demonstration",USD_R,USD (constant prices and exchange rates),2012,,6.731,,I,Imputed Value,F,Non-confidential,6,Millions,3,
DATAFLOW,OECD.IEA:RDDPUBLIC(1.0),Public energy technology RD&D budgets,I,HUNGARY,Hungary,A,Annual,PUBLIC,Total public,RENEWABLE,Group 3: Renewable energy sources,RDD,"Research, development and demonstration",USD_R,USD (constant prices and exchange rates),2013,,0.918,,I,Imputed Value,F,Non-confidential,6,Millions,3,
DATAFLOW,OECD.IEA:RDDPUBLIC(1.0),Public energy technology RD&D budgets,I,HUNGARY,Hungary,A,Annual,PUBLIC,Total public,RENEWABLE,Group 3: Renewable energy sources,RDD,"Research, development and demonstration",USD_R,USD (constant prices and exchange rates),2014,,1.222,,I,Imputed Value,F,Non-confidential,6,Millions,3,
DATAFLOW,OECD.IEA:RDDPUBLIC(1.0),Public energy technology RD&D budgets,I,HUNGARY,Hungary,A,Annual,PUBLIC,Total public,RENEWABLE,Group 3: Renewable energy sources,RDD,"Research, development and demonstration",USD_R,USD (constant prices and exchange rates),2015,,1.711,,I,Imputed Value,F,Non-confidential,6,Millions,3,
DATAFLOW,OECD.IEA:RDDPUBLIC(1.0),Public energy technology RD&D budgets,I,HUNGARY,Hungary,A,Annual,PUBLIC,Total public,RENEWABLE,Group 3: Renewable energy sources,RDD,"Research, development and demonstration",USD_R,USD (constant prices and exchange rates),2016,,5.24,,I,Imputed Value,F,Non-confidential,6,Millions,3,
DATAFLOW,OECD.IEA:RDDPUBLIC(1.0),Public energy technology RD&D budgets,I,HUNGARY,Hungary,A,Annual,PUBLIC,Total public,RENEWABLE,Group 3: Renewable energy sources,RDD,"Research, development and demonstration",USD_R,USD (constant prices and exchange rates),2017,,21.375,,I,Imputed Value,F,Non-confidential,6,Millions,3,
DATAFLOW,OECD.IEA:RDDPUBLIC(1.0),Public energy technology RD&D budgets,I,HUNGARY,Hungary,A,Annual,PUBLIC,Total public,RENEWABLE,Group 3: Renewable energy sources,RDD,"Research, development and demonstration",USD_R,USD (constant prices and exchange rates),2018,,4.919,,I,Imputed Value,F,Non-confidential,6,Millions,3,
DATAFLOW,OECD.IEA:RDDPUBLIC(1.0),Public energy technology RD&D budgets,I,HUNGARY,Hungary,A,Annual,PUBLIC,Total public,RENEWABLE,Group 3: Renewable energy sources,RDD,"Research, development and demonstration",USD_R,USD (constant prices and exchange rates),2019,,0.009,,I,Imputed Value,F,Non-confidential,6,Millions,3,
DATAFLOW,OECD.IEA:RDDPUBLIC(1.0),Public energy technology RD&D budgets,I,HUNGARY,Hungary,A,Annual,PUBLIC,Total public,RENEWABLE,Group 3: Renewable energy sources,RDD,"Research, development and demonstration",USD_R,USD (constant prices and exchange rates),2020,,2.378,,I,Imputed Value,F,Non-confidential,6,Millions,3,
DATAFLOW,OECD.IEA:RDDPUBLIC(1.0),Public energy technology RD&D budgets,I,HUNGARY,Hungary,A,Annual,PUBLIC,Total public,RENEWABLE,Group 3: Renewable energy sources,RDD,"Research, development and demonstration",USD_R,USD (constant prices and exchange rates),2021,,16.047,,I,Imputed Value,F,Non-confidential,6,Millions,3,
DATAFLOW,OECD.IEA:RDDPUBLIC(1.0),Public energy technology RD&D budgets,I,HUNGARY,Hungary,A,Annual,PUBLIC,Total public,RENEWABLE,Group 3: Renewable energy sources,RDD,"Research, development and demonstration",USD_R,USD (constant prices and exchange rates),2022,,0.651,,I,Imputed Value,F,Non-confidential,6,Millions,3,
DATAFLOW,OECD.IEA:RDDPUBLIC(1.0),Public energy technology RD&D budgets,I,HUNGARY,Hungary,A,Annual,PUBLIC,Total public,RENEWABLE,Group 3: Renewable energy sources,RDD,"Research, development and demonstration",USD_R,USD (constant prices and exchange rates),2023,,0.473,,I,Imputed Value,F,Non-confidential,6,Millions,3,
DATAFLOW,OECD.IEA:RDDPUBLIC(1.0),Public energy technology RD&D budgets,I,HUNGARY,Hungary,A,Annual,PUBLIC,Total public,RENEWABLE,Group 3: Renewable energy sources,RDD,"Research, development and demonstration",USD_R,USD (constant prices and exchange rates),2024,,1.03,,P,Provisional Value,F,Non-confidential,6,Millions,3,
DATAFLOW,OECD.IEA:RDDPUBLIC(1.0),Public energy technology RD&D budgets,I,POLAND,Poland,A,Annual,PUBLIC,Total public,TOTAL,Total,RDD,"Research, development and demonstration",USD_R,USD (constant prices and exchange rates),2008,,5.618,,I,Imputed Value,F,Non-confidential,6,Millions,3,
DATAFLOW,OECD.IEA:RDDPUBLIC(1.0),Public energy technology RD&D budgets,I,POLAND,Poland,A,Annual,PUBLIC,Total public,TOTAL,Total,RDD,"Research, development and demonstration",USD_R,USD (constant prices and exchange rates),2009,,146.272,,I,Imputed Value,F,Non-confidential,6,Millions,3,
DATAFLOW,OECD.IEA:RDDPUBLIC(1.0),Public energy technology RD&D budgets,I,POLAND,Poland,A,Annual,PUBLIC,Total public,TOTAL,Total,RDD,"Research, development and demonstration",USD_R,USD (constant prices and exchange rates),2010,,203.9,,I,Imputed Value,F,Non-confidential,6,Millions,3,
DATAFLOW,OECD.IEA:RDDPUBLIC(1.0),Public energy technology RD&D budgets,I,POLAND,Poland,A,Annual,PUBLIC,Total public,TOTAL,Total,RDD,"Research, development and demonstration",USD_R,USD (constant prices and exchange rates),2011,,234.044,,I,Imputed Value,F,Non-confidential,6,Millions,3,
DATAFLOW,OECD.IEA:RDDPUBLIC(1.0),Public energy technology RD&D budgets,I,POLAND,Poland,A,Annual,PUBLIC,Total public,TOTAL,Total,RDD,"Research, development and demonstration",USD_R,USD (constant prices and exchange rates),2012,,155.524,,I,Imputed Value,F,Non-confidential,6,Millions,3,
DATAFLOW,OECD.IEA:RDDPUBLIC(1.0),Public energy technology RD&D budgets,I,POLAND,Poland,A,Annual,PUBLIC,Total public,TOTAL,Total,RDD,"Research, development and demonstration",USD_R,USD (constant prices and exchange rates),2013,,164.171,,I,Imputed Value,F,Non-confidential,6,Millions,3,
DATAFLOW,OECD.IEA:RDDPUBLIC(1.0),Public energy technology RD&D budgets,I,POLAND,Poland,A,Annual,PUBLIC,Total public,TOTAL,Total,RDD,"Research, development and demonstration",USD_R,USD (constant prices and exchange rates),2014,,148.593,,I,Imputed Value,F,Non-confidential,6,Millions,3,
DATAFLOW,OECD.IEA:RDDPUBLIC(1.0),Public energy technology RD&D budgets,I,POLAND,Poland,A,Annual,PUBLIC,Total public,TOTAL,Total,RDD,"Research, development and demonstration",USD_R,USD (constant prices and exchange rates),2015,,123.399,,I,Imputed Value,F,Non-confidential,6,Millions,3,
DATAFLOW,OECD.IEA:RDDPUBLIC(1.0),Public energy technology RD&D budgets,I,POLAND,Poland,A,Annual,PUBLIC,Total public,TOTAL,Total,RDD,"Research, development and demonstration",USD_R,USD (constant prices and exchange rates),2016,,70.888,,I,Imputed Value,F,Non-confidential,6,Millions,3,
DATAFLOW,OECD.IEA:RDDPUBLIC(1.0),Public energy technology RD&D budgets,I,POLAND,Poland,A,Annual,PUBLIC,Total public,TOTAL,Total,RDD,"Research, development and demonstration",USD_R,USD (constant prices and exchange rates),2017,,72.502,,I,Imputed Value,F,Non-confidential,6,Millions,3,
DATAFLOW,OECD.IEA:RDDPUBLIC(1.0),Public energy technology RD&D budgets,I,POLAND,Poland,A,Annual,PUBLIC,Total public,TOTAL,Total,RDD,"Research, development and demonstration",USD_R,USD (constant prices and exchange rates),2018,,71.452,,I,Imputed Value,F,Non-confidential,6,Millions,3,
DATAFLOW,OECD.IEA:RDDPUBLIC(1.0),Public energy technology RD&D budgets,I,POLAND,Poland,A,Annual,PUBLIC,Total public,TOTAL,Total,RDD,"Research, development and demonstration",USD_R,USD (constant prices and exchange rates),2019,,82.521,,I,Imputed Value,F,Non-confidential,6,Millions,3,
DATAFLOW,OECD.IEA:RDDPUBLIC(1.0),Public energy technology RD&D budgets,I,POLAND,Poland,A,Annual,PUBLIC,Total public,TOTAL,Total,RDD,"Research, development and demonstration",USD_R,USD (constant prices and exchange rates),2020,,116.425,,I,Imputed Value,F,Non-confidential,6,Millions,3,
DATAFLOW,OECD.IEA:RDDPUBLIC(1.0),Public energy technology RD&D budgets,I,POLAND,Poland,A,Annual,PUBLIC,Total public,TOTAL,Total,RDD,"Research, development and demonstration",USD_R,USD (constant prices and exchange rates),2021,,147.317,,I,Imputed Value,F,Non-confidential,6,Millions,3,
DATAFLOW,OECD.IEA:RDDPUBLIC(1.0),Public energy technology RD&D budgets,I,POLAND,Poland,A,Annual,PUBLIC,Total public,TOTAL,Total,RDD,"Research, development and demonstration",USD_R,USD (constant prices and exchange rates),2022,,238.543,,I,Imputed Value,F,Non-confidential,6,Millions,3,
DATAFLOW,OECD.IEA:RDDPUBLIC(1.0),Public energy technology RD&D budgets,I,POLAND,Poland,A,Annual,PUBLIC,Total public,TOTAL,Total,RDD,"Research, development and demonstration",USD_R,USD (constant prices and exchange rates),2023,,183.331,,I,Imputed Value,F,Non-confidential,6,Millions,3,
DATAFLOW,OECD.IEA:RDDPUBLIC(1.0),Public energy technology RD&D budgets,I,POLAND,Poland,A,Annual,PUBLIC,Total public,TOTAL,Total,RDD,"Research, development and demonstration",USD_R,USD (constant prices and exchange rates),2024,,44.552,,P,Provisional Value,F,Non-confidential,6,Millions,3,
DATAFLOW,OECD.IEA:RDDPUBLIC(1.0),Public energy technology RD&D budgets,I,PORTUGAL,Portugal,A,Annual,PUBLIC,Total public,FOSSILFUEL,Group 2: Fossil fuels,RDD,"Research, development and demonstration",USD_R,USD (constant prices and exchange rates),2000,,0.623,,I,Imputed Value,F,Non-confidential,6,Millions,3,
DATAFLOW,OECD.IEA:RDDPUBLIC(1.0),Public energy technology RD&D budgets,I,PORTUGAL,Portugal,A,Annual,PUBLIC,Total public,FOSSILFUEL,Group 2: Fossil fuels,RDD,"Research, development and demonstration",USD_R,USD (constant prices and exchange rates),2001,,0.308,,I,Imputed Value,F,Non-confidential,6,Millions,3,
DATAFLOW,OECD.IEA:RDDPUBLIC(1.0),Public energy technology RD&D budgets,I,PORTUGAL,Portugal,A,Annual,PUBLIC,Total public,FOSSILFUEL,Group 2: Fossil fuels,RDD,"Research, development and demonstration",USD_R,USD (constant prices and exchange rates),2002,,1.147,,I,Imputed Value,F,Non-confidential,6,Millions,3,
DATAFLOW,OECD.IEA:RDDPUBLIC(1.0),Public energy technology RD&D budgets,I,PORTUGAL,Portugal,A,Annual,PUBLIC,Total public,FOSSILFUEL,Group 2: Fossil fuels,RDD,"Research, development and demonstration",USD_R,USD (constant prices and exchange rates),2003,,0.448,,I,Imputed Value,F,Non-confidential,6,Millions,3,
DATAFLOW,OECD.IEA:RDDPUBLIC(1.0),Public energy technology RD&D budgets,I,PORTUGAL,Portugal,A,Annual,PUBLIC,Total public,FOSSILFUEL,Group 2: Fossil fuels,RDD,"Research, development and demonstration",USD_R,USD (constant prices and exchange rates),2004,,1.047,,I,Imputed Value,F,Non-confidential,6,Millions,3,
DATAFLOW,OECD.IEA:RDDPUBLIC(1.0),Public energy technology RD&D budgets,I,PORTUGAL,Portugal,A,Annual,PUBLIC,Total public,FOSSILFUEL,Group 2: Fossil fuels,RDD,"Research, development and demonstration",USD_R,USD (constant prices and exchange rates),2005,,0.621,,I,Imputed Value,F,Non-confidential,6,Millions,3,
DATAFLOW,OECD.IEA:RDDPUBLIC(1.0),Public energy technology RD&D budgets,I,PORTUGAL,Portugal,A,Annual,PUBLIC,Total public,FOSSILFUEL,Group 2: Fossil fuels,RDD,"Research, development and demonstration",USD_R,USD (constant prices and exchange rates),2006,,0.035,,I,Imputed Value,F,Non-confidential,6,Millions,3,
DATAFLOW,OECD.IEA:RDDPUBLIC(1.0),Public energy technology RD&D budgets,I,PORTUGAL,Portugal,A,Annual,PUBLIC,Total public,FOSSILFUEL,Group 2: Fossil fuels,RDD,"Research, development and demonstration",USD_R,USD (constant prices and exchange rates),2007,,0.123,,I,Imputed Value,F,Non-confidential,6,Millions,3,
DATAFLOW,OECD.IEA:RDDPUBLIC(1.0),Public energy technology RD&D budgets,I,PORTUGAL,Portugal,A,Annual,PUBLIC,Total public,FOSSILFUEL,Group 2: Fossil fuels,RDD,"Research, development and demonstration",USD_R,USD (constant prices and exchange rates),2008,,0.098,,I,Imputed Value,F,Non-confidential,6,Millions,3,
DATAFLOW,OECD.IEA:RDDPUBLIC(1.0),Public energy technology RD&D budgets,I,PORTUGAL,Portugal,A,Annual,PUBLIC,Total public,FOSSILFUEL,Group 2: Fossil fuels,RDD,"Research, development and demonstration",USD_R,USD (constant prices and exchange rates),2009,,0.18,,I,Imputed Value,F,Non-confidential,6,Millions,3,
DATAFLOW,OECD.IEA:RDDPUBLIC(1.0),Public energy technology RD&D budgets,I,PORTUGAL,Portugal,A,Annual,PUBLIC,Total public,FOSSILFUEL,Group 2: Fossil fuels,RDD,"Research, development and demonstration",USD_R,USD (constant prices and exchange rates),2010,,0.53,,I,Imputed Value,F,Non-confidential,6,Millions,3,
DATAFLOW,OECD.IEA:RDDPUBLIC(1.0),Public energy technology RD&D budgets,I,PORTUGAL,Portugal,A,Annual,PUBLIC,Total public,FOSSILFUEL,Group 2: Fossil fuels,RDD,"Research, development and demonstration",USD_R,USD (constant prices and exchange rates),2011,,0.079,,I,Imputed Value,F,Non-confidential,6,Millions,3,
DATAFLOW,OECD.IEA:RDDPUBLIC(1.0),Public energy technology RD&D budgets,I,PORTUGAL,Portugal,A,Annual,PUBLIC,Total public,FOSSILFUEL,Group 2: Fossil fuels,RDD,"Research, development and demonstration",USD_R,USD (constant prices and exchange rates),2012,,0.214,,I,Imputed Value,F,Non-confidential,6,Millions,3,
DATAFLOW,OECD.IEA:RDDPUBLIC(1.0),Public energy technology RD&D budgets,I,PORTUGAL,Portugal,A,Annual,PUBLIC,Total public,FOSSILFUEL,Group 2: Fossil fuels,RDD,"Research, development and demonstration",USD_R,USD (constant prices and exchange rates),2013,,0.874,,I,Imputed Value,F,Non-confidential,6,Millions,3,
DATAFLOW,OECD.IEA:RDDPUBLIC(1.0),Public energy technology RD&D budgets,I,PORTUGAL,Portugal,A,Annual,PUBLIC,Total public,FOSSILFUEL,Group 2: Fossil fuels,RDD,"Research, development and demonstration",USD_R,USD (constant prices and exchange rates),2014,,0.765,,I,Imputed Value,F,Non-confidential,6,Millions,3,
DATAFLOW,OECD.IEA:RDDPUBLIC(1.0),Public energy technology RD&D budgets,I,PORTUGAL,Portugal,A,Annual,PUBLIC,Total public,FOSSILFUEL,Group 2: Fossil fuels,RDD,"Research, development and demonstration",USD_R,USD (constant prices and exchange rates),2015,,0.716,,I,Imputed Value,F,Non-confidential,6,Millions,3,
DATAFLOW,OECD.IEA:RDDPUBLIC(1.0),Public energy technology RD&D budgets,I,PORTUGAL,Portugal,A,Annual,PUBLIC,Total public,FOSSILFUEL,Group 2: Fossil fuels,RDD,"Research, development and demonstration",USD_R,USD (constant prices and exchange rates),2019,,1.158,,I,Imputed Value,F,Non-confidential,6,Millions,3,
DATAFLOW,OECD.IEA:RDDPUBLIC(1.0),Public energy technology RD&D budgets,I,PORTUGAL,Portugal,A,Annual,PUBLIC,Total public,FOSSILFUEL,Group 2: Fossil fuels,RDD,"Research, development and demonstration",USD_R,USD (constant prices and exchange rates),2020,,0.788,,I,Imputed Value,F,Non-confidential,6,Millions,3,
DATAFLOW,OECD.IEA:RDDPUBLIC(1.0),Public energy technology RD&D budgets,I,PORTUGAL,Portugal,A,Annual,PUBLIC,Total public,FOSSILFUEL,Group 2: Fossil fuels,RDD,"Research, development and demonstration",USD_R,USD (constant prices and exchange rates),2021,,2.056,,I,Imputed Value,F,Non-confidential,6,Millions,3,
DATAFLOW,OECD.IEA:RDDPUBLIC(1.0),Public energy technology RD&D budgets,I,PORTUGAL,Portugal,A,Annual,PUBLIC,Total public,FOSSILFUEL,Group 2: Fossil fuels,RDD,"Research, development and demonstration",USD_R,USD (constant prices and exchange rates),2022,,1.859,,I,Imputed Value,F,Non-confidential,6,Millions,3,
DATAFLOW,OECD.IEA:RDDPUBLIC(1.0),Public energy technology RD&D budgets,I,PORTUGAL,Portugal,A,Annual,PUBLIC,Total public,FOSSILFUEL,Group 2: Fossil fuels,RDD,"Research, development and demonstration",USD_R,USD (constant prices and exchange rates),2023,,2.158,,I,Imputed Value,F,Non-confidential,6,Millions,3,
DATAFLOW,OECD.IEA:RDDPUBLIC(1.0),Public energy technology RD&D budgets,I,ESTONIA,Estonia,A,Annual,PUBLIC,Total public,RENEWABLE,Group 3: Renewable energy sources,RDD,"Research, development and demonstration",USD_R,USD (constant prices and exchange rates),2011,,8.933,,I,Imputed Value,F,Non-confidential,6,Millions,3,
DATAFLOW,OECD.IEA:RDDPUBLIC(1.0),Public energy technology RD&D budgets,I,ESTONIA,Estonia,A,Annual,PUBLIC,Total public,RENEWABLE,Group 3: Renewable energy sources,RDD,"Research, development and demonstration",USD_R,USD (constant prices and exchange rates),2012,,0.301,,I,Imputed Value,F,Non-confidential,6,Millions,3,
DATAFLOW,OECD.IEA:RDDPUBLIC(1.0),Public energy technology RD&D budgets,I,ESTONIA,Estonia,A,Annual,PUBLIC,Total public,RENEWABLE,Group 3: Renewable energy sources,RDD,"Research, development and demonstration",USD_R,USD (constant prices and exchange rates),2013,,2.601,,I,Imputed Value,F,Non-confidential,6,Millions,3,
DATAFLOW,OECD.IEA:RDDPUBLIC(1.0),Public energy technology RD&D budgets,I,ESTONIA,Estonia,A,Annual,PUBLIC,Total public,RENEWABLE,Group 3: Renewable energy sources,RDD,"Research, development and demonstration",USD_R,USD (constant prices and exchange rates),2014,,1.826,,I,Imputed Value,F,Non-confidential,6,Millions,3,
DATAFLOW,OECD.IEA:RDDPUBLIC(1.0),Public energy technology RD&D budgets,I,ESTONIA,Estonia,A,Annual,PUBLIC,Total public,RENEWABLE,Group 3: Renewable energy sources,RDD,"Research, development and demonstration",USD_R,USD (constant prices and exchange rates),2015,,2.123,,I,Imputed Value,F,Non-confidential,6,Millions,3,
DATAFLOW,OECD.IEA:RDDPUBLIC(1.0),Public energy technology RD&D budgets,I,ESTONIA,Estonia,A,Annual,PUBLIC,Total public,RENEWABLE,Group 3: Renewable energy sources,RDD,"Research, development and demonstration",USD_R,USD (constant prices and exchange rates),2016,,1.89,,I,Imputed Value,F,Non-confidential,6,Millions,3,
DATAFLOW,OECD.IEA:RDDPUBLIC(1.0),Public energy technology RD&D budgets,I,ESTONIA,Estonia,A,Annual,PUBLIC,Total public,RENEWABLE,Group 3: Renewable energy sources,RDD,"Research, development and demonstration",USD_R,USD (constant prices and exchange rates),2017,,0.704,,I,Imputed Value,F,Non-confidential,6,Millions,3,
DATAFLOW,OECD.IEA:RDDPUBLIC(1.0),Public energy technology RD&D budgets,I,ESTONIA,Estonia,A,Annual,PUBLIC,Total public,RENEWABLE,Group 3: Renewable energy sources,RDD,"Research, development and demonstration",USD_R,USD (constant prices and exchange rates),2018,,1.433,,I,Imputed Value,F,Non-confidential,6,Millions,3,
DATAFLOW,OECD.IEA:RDDPUBLIC(1.0),Public energy technology RD&D budgets,I,ESTONIA,Estonia,A,Annual,PUBLIC,Total public,RENEWABLE,Group 3: Renewable energy sources,RDD,"Research, development and demonstration",USD_R,USD (constant prices and exchange rates),2019,,0.692,,I,Imputed Value,F,Non-confidential,6,Millions,3,
DATAFLOW,OECD.IEA:RDDPUBLIC(1.0),Public energy technology RD&D budgets,I,ESTONIA,Estonia,A,Annual,PUBLIC,Total public,RENEWABLE,Group 3: Renewable energy sources,RDD,"Research, development and demonstration",USD_R,USD (constant prices and exchange rates),2020,,0.234,,I,Imputed Value,F,Non-confidential,6,Millions,3,
DATAFLOW,OECD.IEA:RDDPUBLIC(1.0),Public energy technology RD&D budgets,I,ESTONIA,Estonia,A,Annual,PUBLIC,Total public,RENEWABLE,Group 3: Renewable energy sources,RDD,"Research, development and demonstration",USD_R,USD (constant prices and exchange rates),2021,,0.367,,I,Imputed Value,F,Non-confidential,6,Millions,3,
DATAFLOW,OECD.IEA:RDDPUBLIC(1.0),Public energy technology RD&D budgets,I,ESTONIA,Estonia,A,Annual,PUBLIC,Total public,RENEWABLE,Group 3: Renewable energy sources,RDD,"Research, development and demonstration",USD_R,USD (constant prices and exchange rates),2022,,0.849,,I,Imputed Value,F,Non-confidential,6,Millions,3,
DATAFLOW,OECD.IEA:RDDPUBLIC(1.0),Public energy technology RD&D budgets,I,ESTONIA,Estonia,A,Annual,PUBLIC,Total public,RENEWABLE,Group 3: Renewable energy sources,RDD,"Research, development and demonstration",USD_R,USD (constant prices and exchange rates),2023,,0.323,,I,Imputed Value,F,Non-confidential,6,Millions,3,
DATAFLOW,OECD.IEA:RDDPUBLIC(1.0),Public energy technology RD&D budgets,I,ESTONIA,Estonia,A,Annual,PUBLIC,Total public,RENEWABLE,Group 3: Renewable energy sources,RDD,"Research, development and demonstration",USD_R,USD (constant prices and exchange rates),2024,,0.37,,P,Provisional Value,F,Non-confidential,6,Millions,3,
DATAFLOW,OECD.IEA:RDDPUBLIC(1.0),Public energy technology RD&D budgets,I,BRAZIL,Brazil,A,Annual,PUBLIC,Total public,FOSSILFUEL,Group 2: Fossil fuels,RDD,"Research, development and demonstration",USD_R,USD (constant prices and exchange rates),2013,,531.321,,I,Imputed Value,F,Non-confidential,6,Millions,3,
DATAFLOW,OECD.IEA:RDDPUBLIC(1.0),Public energy technology RD&D budgets,I,BRAZIL,Brazil,A,Annual,PUBLIC,Total public,FOSSILFUEL,Group 2: Fossil fuels,RDD,"Research, development and demonstration",USD_R,USD (constant prices and exchange rates),2014,,542.315,,I,Imputed Value,F,Non-confidential,6,Millions,3,
DATAFLOW,OECD.IEA:RDDPUBLIC(1.0),Public energy technology RD&D budgets,I,BRAZIL,Brazil,A,Annual,PUBLIC,Total public,FOSSILFUEL,Group 2: Fossil fuels,RDD,"Research, development and demonstration",USD_R,USD (constant prices and exchange rates),2015,,434.985,,I,Imputed Value,F,Non-confidential,6,Millions,3,
DATAFLOW,OECD.IEA:RDDPUBLIC(1.0),Public energy technology RD&D budgets,I,BRAZIL,Brazil,A,Annual,PUBLIC,Total public,FOSSILFUEL,Group 2: Fossil fuels,RDD,"Research, development and demonstration",USD_R,USD (constant prices and exchange rates),2016,,389.868,,I,Imputed Value,F,Non-confidential,6,Millions,3,
DATAFLOW,OECD.IEA:RDDPUBLIC(1.0),Public energy technology RD&D budgets,I,BRAZIL,Brazil,A,Annual,PUBLIC,Total public,FOSSILFUEL,Group 2: Fossil fuels,RDD,"Research, development and demonstration",USD_R,USD (constant prices and exchange rates),2017,,465.332,,I,Imputed Value,F,Non-confidential,6,Millions,3,
DATAFLOW,OECD.IEA:RDDPUBLIC(1.0),Public energy technology RD&D budgets,I,BRAZIL,Brazil,A,Annual,PUBLIC,Total public,FOSSILFUEL,Group 2: Fossil fuels,RDD,"Research, development and demonstration",USD_R,USD (constant prices and exchange rates),2018,,397.046,,I,Imputed Value,F,Non-confidential,6,Millions,3,
DATAFLOW,OECD.IEA:RDDPUBLIC(1.0),Public energy technology RD&D budgets,I,BRAZIL,Brazil,A,Annual,PUBLIC,Total public,FOSSILFUEL,Group 2: Fossil fuels,RDD,"Research, development and demonstration",USD_R,USD (constant prices and exchange rates),2019,,404.633,,I,Imputed Value,F,Non-confidential,6,Millions,3,
DATAFLOW,OECD.IEA:RDDPUBLIC(1.0),Public energy technology RD&D budgets,I,BRAZIL,Brazil,A,Annual,PUBLIC,Total public,FOSSILFUEL,Group 2: Fossil fuels,RDD,"Research, development and demonstration",USD_R,USD (constant prices and exchange rates),2020,,469.39,,I,Imputed Value,F,Non-confidential,6,Millions,3,
DATAFLOW,OECD.IEA:RDDPUBLIC(1.0),Public energy technology RD&D budgets,I,BRAZIL,Brazil,A,Annual,PUBLIC,Total public,FOSSILFUEL,Group 2: Fossil fuels,RDD,"Research, development and demonstration",USD_R,USD (constant prices and exchange rates),2021,,470.272,,I,Imputed Value,F,Non-confidential,6,Millions,3,
DATAFLOW,OECD.IEA:RDDPUBLIC(1.0),Public energy technology RD&D budgets,I,BRAZIL,Brazil,A,Annual,PUBLIC,Total public,FOSSILFUEL,Group 2: Fossil fuels,RDD,"Research, development and demonstration",USD_R,USD (constant prices and exchange rates),2022,,419.559,,I,Imputed Value,F,Non-confidential,6,Millions,3,
DATAFLOW,OECD.IEA:RDDPUBLIC(1.0),Public energy technology RD&D budgets,I,BRAZIL,Brazil,A,Annual,PUBLIC,Total public,FOSSILFUEL,Group 2: Fossil fuels,RDD,"Research, development and demonstration",USD_R,USD (constant prices and exchange rates),2023,,600.334,,I,Imputed Value,F,Non-confidential,6,Millions,3,
DATAFLOW,OECD.IEA:RDDPUBLIC(1.0),Public energy technology RD&D budgets,I,IEAAM,IEA Americas,A,Annual,PUBLIC,Total public,FOSSILFUEL,Group 2: Fossil fuels,RDD,"Research, development and demonstration",USD_R,USD (constant prices and exchange rates),2000,,431.022,,I,Imputed Value,F,Non-confidential,6,Millions,3,
DATAFLOW,OECD.IEA:RDDPUBLIC(1.0),Public energy technology RD&D budgets,I,IEAAM,IEA Americas,A,Annual,PUBLIC,Total public,FOSSILFUEL,Group 2: Fossil fuels,RDD,"Research, development and demonstration",USD_R,USD (constant prices and exchange rates),2001,,683.054,,I,Imputed Value,F,Non-confidential,6,Millions,3,
DATAFLOW,OECD.IEA:RDDPUBLIC(1.0),Public energy technology RD&D budgets,I,IEAAM,IEA Americas,A,Annual,PUBLIC,Total public,FOSSILFUEL,Group 2: Fossil fuels,RDD,"Research, development and demonstration",USD_R,USD (constant prices and exchange rates),2002,,785.62,,I,Imputed Value,F,Non-confidential,6,Millions,3,
DATAFLOW,OECD.IEA:RDDPUBLIC(1.0),Public energy technology RD&D budgets,I,IEAAM,IEA Americas,A,Annual,PUBLIC,Total public,FOSSILFUEL,Group 2: Fossil fuels,RDD,"Research, development and demonstration",USD_R,USD (constant prices and exchange rates),2003,,770.384,,I,Imputed Value,F,Non-confidential,6,Millions,3,
DATAFLOW,OECD.IEA:RDDPUBLIC(1.0),Public energy technology RD&D budgets,I,IEAAM,IEA Americas,A,Annual,PUBLIC,Total public,FOSSILFUEL,Group 2: Fossil fuels,RDD,"Research, development and demonstration",USD_R,USD (constant prices and exchange rates),2004,,786.968,,I,Imputed Value,F,Non-confidential,6,Millions,3,
DATAFLOW,OECD.IEA:RDDPUBLIC(1.0),Public energy technology RD&D budgets,I,IEAAM,IEA Americas,A,Annual,PUBLIC,Total public,FOSSILFUEL,Group 2: Fossil fuels,RDD,"Research, development and demonstration",USD_R,USD (constant prices and exchange rates),2005,,796.717,,I,Imputed Value,F,Non-confidential,6,Millions,3,
DATAFLOW,OECD.IEA:RDDPUBLIC(1.0),Public energy technology RD&D budgets,I,IEAAM,IEA Americas,A,Annual,PUBLIC,Total public,FOSSILFUEL,Group 2: Fossil fuels,RDD,"Research, development and demonstration",USD_R,USD (constant prices and exchange rates),2006,,819.2,,I,Imputed Value,F,Non-confidential,6,Millions,3,
DATAFLOW,OECD.IEA:RDDPUBLIC(1.0),Public energy technology RD&D budgets,I,IEAAM,IEA Americas,A,Annual,PUBLIC,Total public,FOSSILFUEL,Group 2: Fossil fuels,RDD,"Research, development and demonstration",USD_R,USD (constant prices and exchange rates),2007,,1019.282,,I,Imputed Value,F,Non-confidential,6,Millions,3,
DATAFLOW,OECD.IEA:RDDPUBLIC(1.0),Public energy technology RD&D budgets,I,IEAAM,IEA Americas,A,Annual,PUBLIC,Total public,FOSSILFUEL,Group 2: Fossil fuels,RDD,"Research, development and demonstration",USD_R,USD (constant prices and exchange rates),2008,,1230.785,,I,Imputed Value,F,Non-confidential,6,Millions,3,
DATAFLOW,OECD.IEA:RDDPUBLIC(1.0),Public energy technology RD&D budgets,I,IEAAM,IEA Americas,A,Annual,PUBLIC,Total public,FOSSILFUEL,Group 2: Fossil fuels,RDD,"Research, development and demonstration",USD_R,USD (constant prices and exchange rates),2009,,5231.355,,I,Imputed Value,F,Non-confidential,6,Millions,3,
DATAFLOW,OECD.IEA:RDDPUBLIC(1.0),Public energy technology RD&D budgets,I,IEAAM,IEA Americas,A,Annual,PUBLIC,Total public,FOSSILFUEL,Group 2: Fossil fuels,RDD,"Research, development and demonstration",USD_R,USD (constant prices and exchange rates),2010,,1357.284,,I,Imputed Value,F,Non-confidential,6,Millions,3,
DATAFLOW,OECD.IEA:RDDPUBLIC(1.0),Public energy technology RD&D budgets,I,IEAAM,IEA Americas,A,Annual,PUBLIC,Total public,FOSSILFUEL,Group 2: Fossil fuels,RDD,"Research, development and demonstration",USD_R,USD (constant prices and exchange rates),2011,,1406.785,,I,Imputed Value,F,Non-confidential,6,Millions,3,
DATAFLOW,OECD.IEA:RDDPUBLIC(1.0),Public energy technology RD&D budgets,I,IEAAM,IEA Americas,A,Annual,PUBLIC,Total public,FOSSILFUEL,Group 2: Fossil fuels,RDD,"Research, development and demonstration",USD_R,USD (constant prices and exchange rates),2012,,1389.224,,I,Imputed Value,F,Non-confidential,6,Millions,3,
DATAFLOW,OECD.IEA:RDDPUBLIC(1.0),Public energy technology RD&D budgets,I,IEAAM,IEA Americas,A,Annual,PUBLIC,Total public,FOSSILFUEL,Group 2: Fossil fuels,RDD,"Research, development and demonstration",USD_R,USD (constant prices and exchange rates),2013,,1544.301,,I,Imputed Value,F,Non-confidential,6,Millions,3,
DATAFLOW,OECD.IEA:RDDPUBLIC(1.0),Public energy technology RD&D budgets,I,IEAAM,IEA Americas,A,Annual,PUBLIC,Total public,FOSSILFUEL,Group 2: Fossil fuels,RDD,"Research, development and demonstration",USD_R,USD (constant prices and exchange rates),2014,,1086.262,,I,Imputed Value,F,Non-confidential,6,Millions,3,
DATAFLOW,OECD.IEA:RDDPUBLIC(1.0),Public energy technology RD&D budgets,I,IEAAM,IEA Americas,A,Annual,PUBLIC,Total public,FOSSILFUEL,Group 2: Fossil fuels,RDD,"Research, development and demonstration",USD_R,USD (constant prices and exchange rates),2015,,958.969,,I,Imputed Value,F,Non-confidential,6,Millions,3,
DATAFLOW,OECD.IEA:RDDPUBLIC(1.0),Public energy technology RD&D budgets,I,IEAAM,IEA Americas,A,Annual,PUBLIC,Total public,FOSSILFUEL,Group 2: Fossil fuels,RDD,"Research, development and demonstration",USD_R,USD (constant prices and exchange rates),2016,,939.724,,I,Imputed Value,F,Non-confidential,6,Millions,3,
DATAFLOW,OECD.IEA:RDDPUBLIC(1.0),Public energy technology RD&D budgets,I,IEAAM,IEA Americas,A,Annual,PUBLIC,Total public,FOSSILFUEL,Group 2: Fossil fuels,RDD,"Research, development and demonstration",USD_R,USD (constant prices and exchange rates),2017,,990.264,,I,Imputed Value,F,Non-confidential,6,Millions,3,
DATAFLOW,OECD.IEA:RDDPUBLIC(1.0),Public energy technology RD&D budgets,I,IEAAM,IEA Americas,A,Annual,PUBLIC,Total public,FOSSILFUEL,Group 2: Fossil fuels,RDD,"Research, development and demonstration",USD_R,USD (constant prices and exchange rates),2018,,1143.625,,I,Imputed Value,F,Non-confidential,6,Millions,3,
DATAFLOW,OECD.IEA:RDDPUBLIC(1.0),Public energy technology RD&D budgets,I,IEAAM,IEA Americas,A,Annual,PUBLIC,Total public,FOSSILFUEL,Group 2: Fossil fuels,RDD,"Research, development and demonstration",USD_R,USD (constant prices and exchange rates),2019,,965.274,,I,Imputed Value,F,Non-confidential,6,Millions,3,
DATAFLOW,OECD.IEA:RDDPUBLIC(1.0),Public energy technology RD&D budgets,I,IEAAM,IEA Americas,A,Annual,PUBLIC,Total public,FOSSILFUEL,Group 2: Fossil fuels,RDD,"Research, development and demonstration",USD_R,USD (constant prices and exchange rates),2020,,909.211,,I,Imputed Value,F,Non-confidential,6,Millions,3,
DATAFLOW,OECD.IEA:RDDPUBLIC(1.0),Public energy technology RD&D budgets,I,IEAAM,IEA Americas,A,Annual,PUBLIC,Total public,FOSSILFUEL,Group 2: Fossil fuels,RDD,"Research, development and demonstration",USD_R,USD (constant prices and exchange rates),2021,,997.13,,I,Imputed Value,F,Non-confidential,6,Millions,3,
DATAFLOW,OECD.IEA:RDDPUBLIC(1.0),Public energy technology RD&D budgets,I,IEAAM,IEA Americas,A,Annual,PUBLIC,Total public,FOSSILFUEL,Group 2: Fossil fuels,RDD,"Research, development and demonstration",USD_R,USD (constant prices and exchange rates),2022,,547.346,,I,Imputed Value,F,Non-confidential,6,Millions,3,
DATAFLOW,OECD.IEA:RDDPUBLIC(1.0),Public energy technology RD&D budgets,I,IEAAM,IEA Americas,A,Annual,PUBLIC,Total public,FOSSILFUEL,Group 2: Fossil fuels,RDD,"Research, development and demonstration",USD_R,USD (constant prices and exchange rates),2023,,658.649,,I,Imputed Value,F,Non-confidential,6,Millions,3,
DATAFLOW,OECD.IEA:RDDPUBLIC(1.0),Public energy technology RD&D budgets,I,IEAAM,IEA Americas,A,Annual,PUBLIC,Total public,FOSSILFUEL,Group 2: Fossil fuels,RDD,"Research, development and demonstration",USD_R,USD (constant prices and exchange rates),2024,,681.212,,I,Imputed Value,F,Non-confidential,6,Millions,3,
DATAFLOW,OECD.IEA:RDDPUBLIC(1.0),Public energy technology RD&D budgets,I,IEAAO,IEA Asia Oceania,A,Annual,PUBLIC,Total public,FOSSILFUEL,Group 2: Fossil fuels,RDD,"Research, development and demonstration",USD_R,USD (constant prices and exchange rates),2000,,224.769,,I,Imputed Value,F,Non-confidential,6,Millions,3,
DATAFLOW,OECD.IEA:RDDPUBLIC(1.0),Public energy technology RD&D budgets,I,IEAAO,IEA Asia Oceania,A,Annual,PUBLIC,Total public,FOSSILFUEL,Group 2: Fossil fuels,RDD,"Research, development and demonstration",USD_R,USD (constant prices and exchange rates),2001,,203.416,,I,Imputed Value,F,Non-confidential,6,Millions,3,
DATAFLOW,OECD.IEA:RDDPUBLIC(1.0),Public energy technology RD&D budgets,I,IEAAO,IEA Asia Oceania,A,Annual,PUBLIC,Total public,FOSSILFUEL,Group 2: Fossil fuels,RDD,"Research, development and demonstration",USD_R,USD (constant prices and exchange rates),2002,,401.832,,I,Imputed Value,F,Non-confidential,6,Millions,3,
DATAFLOW,OECD.IEA:RDDPUBLIC(1.0),Public energy technology RD&D budgets,I,IEAAO,IEA Asia Oceania,A,Annual,PUBLIC,Total public,FOSSILFUEL,Group 2: Fossil fuels,RDD,"Research, development and demonstration",USD_R,USD (constant prices and exchange rates),2003,,351.435,,I,Imputed Value,F,Non-confidential,6,Millions,3,
DATAFLOW,OECD.IEA:RDDPUBLIC(1.0),Public energy technology RD&D budgets,I,IEAAO,IEA Asia Oceania,A,Annual,PUBLIC,Total public,FOSSILFUEL,Group 2: Fossil fuels,RDD,"Research, development and demonstration",USD_R,USD (constant prices and exchange rates),2004,,332.615,,I,Imputed Value,F,Non-confidential,6,Millions,3,
DATAFLOW,OECD.IEA:RDDPUBLIC(1.0),Public energy technology RD&D budgets,I,IEAAO,IEA Asia Oceania,A,Annual,PUBLIC,Total public,FOSSILFUEL,Group 2: Fossil fuels,RDD,"Research, development and demonstration",USD_R,USD (constant prices and exchange rates),2005,,340.473,,I,Imputed Value,F,Non-confidential,6,Millions,3,
DATAFLOW,OECD.IEA:RDDPUBLIC(1.0),Public energy technology RD&D budgets,I,IEAAO,IEA Asia Oceania,A,Annual,PUBLIC,Total public,FOSSILFUEL,Group 2: Fossil fuels,RDD,"Research, development and demonstration",USD_R,USD (constant prices and exchange rates),2006,,380.547,,I,Imputed Value,F,Non-confidential,6,Millions,3,
DATAFLOW,OECD.IEA:RDDPUBLIC(1.0),Public energy technology RD&D budgets,I,IEAAO,IEA Asia Oceania,A,Annual,PUBLIC,Total public,FOSSILFUEL,Group 2: Fossil fuels,RDD,"Research, development and demonstration",USD_R,USD (constant prices and exchange rates),2007,,402.125,,I,Imputed Value,F,Non-confidential,6,Millions,3,
DATAFLOW,OECD.IEA:RDDPUBLIC(1.0),Public energy technology RD&D budgets,I,IEAAO,IEA Asia Oceania,A,Annual,PUBLIC,Total public,FOSSILFUEL,Group 2: Fossil fuels,RDD,"Research, development and demonstration",USD_R,USD (constant prices and exchange rates),2008,,403.745,,I,Imputed Value,F,Non-confidential,6,Millions,3,
DATAFLOW,OECD.IEA:RDDPUBLIC(1.0),Public energy technology RD&D budgets,I,IEAAO,IEA Asia Oceania,A,Annual,PUBLIC,Total public,FOSSILFUEL,Group 2: Fossil fuels,RDD,"Research, development and demonstration",USD_R,USD (constant prices and exchange rates),2009,,626.692,,I,Imputed Value,F,Non-confidential,6,Millions,3,
DATAFLOW,OECD.IEA:RDDPUBLIC(1.0),Public energy technology RD&D budgets,I,IEAAO,IEA Asia Oceania,A,Annual,PUBLIC,Total public,FOSSILFUEL,Group 2: Fossil fuels,RDD,"Research, development and demonstration",USD_R,USD (constant prices and exchange rates),2010,,521.495,,I,Imputed Value,F,Non-confidential,6,Millions,3,
DATAFLOW,OECD.IEA:RDDPUBLIC(1.0),Public energy technology RD&D budgets,I,IEAAO,IEA Asia Oceania,A,Annual,PUBLIC,Total public,FOSSILFUEL,Group 2: Fossil fuels,RDD,"Research, development and demonstration",USD_R,USD (constant prices and exchange rates),2011,,566.464,,I,Imputed Value,F,Non-confidential,6,Millions,3,
DATAFLOW,OECD.IEA:RDDPUBLIC(1.0),Public energy technology RD&D budgets,I,IEAAO,IEA Asia Oceania,A,Annual,PUBLIC,Total public,FOSSILFUEL,Group 2: Fossil fuels,RDD,"Research, development and demonstration",USD_R,USD (constant prices and exchange rates),2012,,727.421,,I,Imputed Value,F,Non-confidential,6,Millions,3,
DATAFLOW,OECD.IEA:RDDPUBLIC(1.0),Public energy technology RD&D budgets,I,IEAAO,IEA Asia Oceania,A,Annual,PUBLIC,Total public,FOSSILFUEL,Group 2: Fossil fuels,RDD,"Research, development and demonstration",USD_R,USD (constant prices and exchange rates),2013,,696.732,,I,Imputed Value,F,Non-confidential,6,Millions,3,
DATAFLOW,OECD.IEA:RDDPUBLIC(1.0),Public energy technology RD&D budgets,I,IEAAO,IEA Asia Oceania,A,Annual,PUBLIC,Total public,FOSSILFUEL,Group 2: Fossil fuels,RDD,"Research, development and demonstration",USD_R,USD (constant prices and exchange rates),2014,,533.534,,I,Imputed Value,F,Non-confidential,6,Millions,3,
DATAFLOW,OECD.IEA:RDDPUBLIC(1.0),Public energy technology RD&D budgets,I,IEAAO,IEA Asia Oceania,A,Annual,PUBLIC,Total public,FOSSILFUEL,Group 2: Fossil fuels,RDD,"Research, development and demonstration",USD_R,USD (constant prices and exchange rates),2015,,455.408,,I,Imputed Value,F,Non-confidential,6,Millions,3,
DATAFLOW,OECD.IEA:RDDPUBLIC(1.0),Public energy technology RD&D budgets,I,IEAAO,IEA Asia Oceania,A,Annual,PUBLIC,Total public,FOSSILFUEL,Group 2: Fossil fuels,RDD,"Research, development and demonstration",USD_R,USD (constant prices and exchange rates),2016,,287.627,,I,Imputed Value,F,Non-confidential,6,Millions,3,
DATAFLOW,OECD.IEA:RDDPUBLIC(1.0),Public energy technology RD&D budgets,I,IEAAO,IEA Asia Oceania,A,Annual,PUBLIC,Total public,FOSSILFUEL,Group 2: Fossil fuels,RDD,"Research, development and demonstration",USD_R,USD (constant prices and exchange rates),2017,,200.167,,I,Imputed Value,F,Non-confidential,6,Millions,3,
DATAFLOW,OECD.IEA:RDDPUBLIC(1.0),Public energy technology RD&D budgets,I,IEAAO,IEA Asia Oceania,A,Annual,PUBLIC,Total public,FOSSILFUEL,Group 2: Fossil fuels,RDD,"Research, development and demonstration",USD_R,USD (constant prices and exchange rates),2018,,239.045,,I,Imputed Value,F,Non-confidential,6,Millions,3,
DATAFLOW,OECD.IEA:RDDPUBLIC(1.0),Public energy technology RD&D budgets,I,IEAAO,IEA Asia Oceania,A,Annual,PUBLIC,Total public,FOSSILFUEL,Group 2: Fossil fuels,RDD,"Research, development and demonstration",USD_R,USD (constant prices and exchange rates),2019,,222.543,,I,Imputed Value,F,Non-confidential,6,Millions,3,
DATAFLOW,OECD.IEA:RDDPUBLIC(1.0),Public energy technology RD&D budgets,I,IEAAO,IEA Asia Oceania,A,Annual,PUBLIC,Total public,FOSSILFUEL,Group 2: Fossil fuels,RDD,"Research, development and demonstration",USD_R,USD (constant prices and exchange rates),2020,,209.892,,I,Imputed Value,F,Non-confidential,6,Millions,3,
DATAFLOW,OECD.IEA:RDDPUBLIC(1.0),Public energy technology RD&D budgets,I,IEAAO,IEA Asia Oceania,A,Annual,PUBLIC,Total public,FOSSILFUEL,Group 2: Fossil fuels,RDD,"Research, development and demonstration",USD_R,USD (constant prices and exchange rates),2021,,259.363,,I,Imputed Value,F,Non-confidential,6,Millions,3,
DATAFLOW,OECD.IEA:RDDPUBLIC(1.0),Public energy technology RD&D budgets,I,IEAAO,IEA Asia Oceania,A,Annual,PUBLIC,Total public,FOSSILFUEL,Group 2: Fossil fuels,RDD,"Research, development and demonstration",USD_R,USD (constant prices and exchange rates),2022,,313.265,,I,Imputed Value,F,Non-confidential,6,Millions,3,
DATAFLOW,OECD.IEA:RDDPUBLIC(1.0),Public energy technology RD&D budgets,I,IEAAO,IEA Asia Oceania,A,Annual,PUBLIC,Total public,FOSSILFUEL,Group 2: Fossil fuels,RDD,"Research, development and demonstration",USD_R,USD (constant prices and exchange rates),2023,,546.971,,I,Imputed Value,F,Non-confidential,6,Millions,3,
DATAFLOW,OECD.IEA:RDDPUBLIC(1.0),Public energy technology RD&D budgets,I,IEAAO,IEA Asia Oceania,A,Annual,PUBLIC,Total public,FOSSILFUEL,Group 2: Fossil fuels,RDD,"Research, development and demonstration",USD_R,USD (constant prices and exchange rates),2024,,441.425,,I,Imputed Value,F,Non-confidential,6,Millions,3,
DATAFLOW,OECD.IEA:RDDPUBLIC(1.0),Public energy technology RD&D budgets,I,AUSTRIA,Austria,A,Annual,PUBLIC,Total public,TOTAL,Total,RDD,"Research, development and demonstration",USD_R,USD (constant prices and exchange rates),2000,,42.414,,I,Imputed Value,F,Non-confidential,6,Millions,3,
DATAFLOW,OECD.IEA:RDDPUBLIC(1.0),Public energy technology RD&D budgets,I,AUSTRIA,Austria,A,Annual,PUBLIC,Total public,TOTAL,Total,RDD,"Research, development and demonstration",USD_R,USD (constant prices and exchange rates),2001,,53.317,,I,Imputed Value,F,Non-confidential,6,Millions,3,
DATAFLOW,OECD.IEA:RDDPUBLIC(1.0),Public energy technology RD&D budgets,I,AUSTRIA,Austria,A,Annual,PUBLIC,Total public,TOTAL,Total,RDD,"Research, development and demonstration",USD_R,USD (constant prices and exchange rates),2002,,51.549,,I,Imputed Value,F,Non-confidential,6,Millions,3,
DATAFLOW,OECD.IEA:RDDPUBLIC(1.0),Public energy technology RD&D budgets,I,AUSTRIA,Austria,A,Annual,PUBLIC,Total public,TOTAL,Total,RDD,"Research, development and demonstration",USD_R,USD (constant prices and exchange rates),2003,,43.561,,I,Imputed Value,F,Non-confidential,6,Millions,3,
DATAFLOW,OECD.IEA:RDDPUBLIC(1.0),Public energy technology RD&D budgets,I,AUSTRIA,Austria,A,Annual,PUBLIC,Total public,TOTAL,Total,RDD,"Research, development and demonstration",USD_R,USD (constant prices and exchange rates),2004,,57.492,,I,Imputed Value,F,Non-confidential,6,Millions,3,
DATAFLOW,OECD.IEA:RDDPUBLIC(1.0),Public energy technology RD&D budgets,I,AUSTRIA,Austria,A,Annual,PUBLIC,Total public,TOTAL,Total,RDD,"Research, development and demonstration",USD_R,USD (constant prices and exchange rates),2005,,56.126,,I,Imputed Value,F,Non-confidential,6,Millions,3,
DATAFLOW,OECD.IEA:RDDPUBLIC(1.0),Public energy technology RD&D budgets,I,AUSTRIA,Austria,A,Annual,PUBLIC,Total public,TOTAL,Total,RDD,"Research, development and demonstration",USD_R,USD (constant prices and exchange rates),2006,,69.439,,I,Imputed Value,F,Non-confidential,6,Millions,3,
DATAFLOW,OECD.IEA:RDDPUBLIC(1.0),Public energy technology RD&D budgets,I,AUSTRIA,Austria,A,Annual,PUBLIC,Total public,TOTAL,Total,RDD,"Research, development and demonstration",USD_R,USD (constant prices and exchange rates),2007,,51.064,,I,Imputed Value,F,Non-confidential,6,Millions,3,
DATAFLOW,OECD.IEA:RDDPUBLIC(1.0),Public energy technology RD&D budgets,I,AUSTRIA,Austria,A,Annual,PUBLIC,Total public,TOTAL,Total,RDD,"Research, development and demonstration",USD_R,USD (constant prices and exchange rates),2008,,111.834,,I,Imputed Value,F,Non-confidential,6,Millions,3,
DATAFLOW,OECD.IEA:RDDPUBLIC(1.0),Public energy technology RD&D budgets,I,AUSTRIA,Austria,A,Annual,PUBLIC,Total public,TOTAL,Total,RDD,"Research, development and demonstration",USD_R,USD (constant prices and exchange rates),2009,,142.656,,I,Imputed Value,F,Non-confidential,6,Millions,3,
DATAFLOW,OECD.IEA:RDDPUBLIC(1.0),Public energy technology RD&D budgets,I,AUSTRIA,Austria,A,Annual,PUBLIC,Total public,TOTAL,Total,RDD,"Research, development and demonstration",USD_R,USD (constant prices and exchange rates),2010,,185.038,,I,Imputed Value,F,Non-confidential,6,Millions,3,
DATAFLOW,OECD.IEA:RDDPUBLIC(1.0),Public energy technology RD&D budgets,I,AUSTRIA,Austria,A,Annual,PUBLIC,Total public,TOTAL,Total,RDD,"Research, development and demonstration",USD_R,USD (constant prices and exchange rates),2011,,181.676,,I,Imputed Value,F,Non-confidential,6,Millions,3,
DATAFLOW,OECD.IEA:RDDPUBLIC(1.0),Public energy technology RD&D budgets,I,AUSTRIA,Austria,A,Annual,PUBLIC,Total public,TOTAL,Total,RDD,"Research, development and demonstration",USD_R,USD (constant prices and exchange rates),2012,,176.747,,I,Imputed Value,F,Non-confidential,6,Millions,3,
DATAFLOW,OECD.IEA:RDDPUBLIC(1.0),Public energy technology RD&D budgets,I,AUSTRIA,Austria,A,Annual,PUBLIC,Total public,TOTAL,Total,RDD,"Research, development and demonstration",USD_R,USD (constant prices and exchange rates),2013,,180.333,,I,Imputed Value,F,Non-confidential,6,Millions,3,
DATAFLOW,OECD.IEA:RDDPUBLIC(1.0),Public energy technology RD&D budgets,I,AUSTRIA,Austria,A,Annual,PUBLIC,Total public,TOTAL,Total,RDD,"Research, development and demonstration",USD_R,USD (constant prices and exchange rates),2014,,203.059,,I,Imputed Value,F,Non-confidential,6,Millions,3,
DATAFLOW,OECD.IEA:RDDPUBLIC(1.0),Public energy technology RD&D budgets,I,AUSTRIA,Austria,A,Annual,PUBLIC,Total public,TOTAL,Total,RDD,"Research, development and demonstration",USD_R,USD (constant prices and exchange rates),2015,,178.163,,I,Imputed Value,F,Non-confidential,6,Millions,3,
DATAFLOW,OECD.IEA:RDDPUBLIC(1.0),Public energy technology RD&D budgets,I,AUSTRIA,Austria,A,Annual,PUBLIC,Total public,TOTAL,Total,RDD,"Research, development and demonstration",USD_R,USD (constant prices and exchange rates),2016,,192.064,,I,Imputed Value,F,Non-confidential,6,Millions,3,
DATAFLOW,OECD.IEA:RDDPUBLIC(1.0),Public energy technology RD&D budgets,I,AUSTRIA,Austria,A,Annual,PUBLIC,Total public,TOTAL,Total,RDD,"Research, development and demonstration",USD_R,USD (constant prices and exchange rates),2017,,188.125,,I,Imputed Value,F,Non-confidential,6,Millions,3,
DATAFLOW,OECD.IEA:RDDPUBLIC(1.0),Public energy technology RD&D budgets,I,AUSTRIA,Austria,A,Annual,PUBLIC,Total public,TOTAL,Total,RDD,"Research, development and demonstration",USD_R,USD (constant prices and exchange rates),2018,,200.613,,I,Imputed Value,F,Non-confidential,6,Millions,3,
DATAFLOW,OECD.IEA:RDDPUBLIC(1.0),Public energy technology RD&D budgets,I,AUSTRIA,Austria,A,Annual,PUBLIC,Total public,TOTAL,Total,RDD,"Research, development and demonstration",USD_R,USD (constant prices and exchange rates),2019,,194.769,,I,Imputed Value,F,Non-confidential,6,Millions,3,
DATAFLOW,OECD.IEA:RDDPUBLIC(1.0),Public energy technology RD&D budgets,I,AUSTRIA,Austria,A,Annual,PUBLIC,Total public,TOTAL,Total,RDD,"Research, development and demonstration",USD_R,USD (constant prices and exchange rates),2020,,197.763,,I,Imputed Value,F,Non-confidential,6,Millions,3,
DATAFLOW,OECD.IEA:RDDPUBLIC(1.0),Public energy technology RD&D budgets,I,AUSTRIA,Austria,A,Annual,PUBLIC,Total public,TOTAL,Total,RDD,"Research, development and demonstration",USD_R,USD (constant prices and exchange rates),2021,,279.741,,I,Imputed Value,F,Non-confidential,6,Millions,3,
DATAFLOW,OECD.IEA:RDDPUBLIC(1.0),Public energy technology RD&D budgets,I,AUSTRIA,Austria,A,Annual,PUBLIC,Total public,TOTAL,Total,RDD,"Research, development and demonstration",USD_R,USD (constant prices and exchange rates),2022,,255.536,,I,Imputed Value,F,Non-confidential,6,Millions,3,
DATAFLOW,OECD.IEA:RDDPUBLIC(1.0),Public energy technology RD&D budgets,I,AUSTRIA,Austria,A,Annual,PUBLIC,Total public,TOTAL,Total,RDD,"Research, development and demonstration",USD_R,USD (constant prices and exchange rates),2023,,347.421,,I,Imputed Value,F,Non-confidential,6,Millions,3,
DATAFLOW,OECD.IEA:RDDPUBLIC(1.0),Public energy technology RD&D budgets,I,AUSTRIA,Austria,A,Annual,PUBLIC,Total public,TOTAL,Total,RDD,"Research, development and demonstration",USD_R,USD (constant prices and exchange rates),2024,,434.183,,P,Provisional Value,F,Non-confidential,6,Millions,3,
DATAFLOW,OECD.IEA:RDDPUBLIC(1.0),Public energy technology RD&D budgets,I,SWITZERLAND,Switzerland,A,Annual,PUBLIC,Total public,FOSSILFUEL,Group 2: Fossil fuels,RDD,"Research, development and demonstration",USD_R,USD (constant prices and exchange rates),2000,,13.836,,I,Imputed Value,F,Non-confidential,6,Millions,3,
DATAFLOW,OECD.IEA:RDDPUBLIC(1.0),Public energy technology RD&D budgets,I,SWITZERLAND,Switzerland,A,Annual,PUBLIC,Total public,FOSSILFUEL,Group 2: Fossil fuels,RDD,"Research, development and demonstration",USD_R,USD (constant prices and exchange rates),2001,,14.179,,I,Imputed Value,F,Non-confidential,6,Millions,3,
DATAFLOW,OECD.IEA:RDDPUBLIC(1.0),Public energy technology RD&D budgets,I,SWITZERLAND,Switzerland,A,Annual,PUBLIC,Total public,FOSSILFUEL,Group 2: Fossil fuels,RDD,"Research, development and demonstration",USD_R,USD (constant prices and exchange rates),2002,,19.678,,I,Imputed Value,F,Non-confidential,6,Millions,3,
DATAFLOW,OECD.IEA:RDDPUBLIC(1.0),Public energy technology RD&D budgets,I,SWITZERLAND,Switzerland,A,Annual,PUBLIC,Total public,FOSSILFUEL,Group 2: Fossil fuels,RDD,"Research, development and demonstration",USD_R,USD (constant prices and exchange rates),2003,,18.633,,I,Imputed Value,F,Non-confidential,6,Millions,3,
DATAFLOW,OECD.IEA:RDDPUBLIC(1.0),Public energy technology RD&D budgets,I,SWITZERLAND,Switzerland,A,Annual,PUBLIC,Total public,FOSSILFUEL,Group 2: Fossil fuels,RDD,"Research, development and demonstration",USD_R,USD (constant prices and exchange rates),2004,,15.822,,I,Imputed Value,F,Non-confidential,6,Millions,3,
DATAFLOW,OECD.IEA:RDDPUBLIC(1.0),Public energy technology RD&D budgets,I,SWITZERLAND,Switzerland,A,Annual,PUBLIC,Total public,FOSSILFUEL,Group 2: Fossil fuels,RDD,"Research, development and demonstration",USD_R,USD (constant prices and exchange rates),2005,,13.936,,I,Imputed Value,F,Non-confidential,6,Millions,3,
DATAFLOW,OECD.IEA:RDDPUBLIC(1.0),Public energy technology RD&D budgets,I,SWITZERLAND,Switzerland,A,Annual,PUBLIC,Total public,FOSSILFUEL,Group 2: Fossil fuels,RDD,"Research, development and demonstration",USD_R,USD (constant prices and exchange rates),2006,,16.091,,I,Imputed Value,F,Non-confidential,6,Millions,3,
DATAFLOW,OECD.IEA:RDDPUBLIC(1.0),Public energy technology RD&D budgets,I,SWITZERLAND,Switzerland,A,Annual,PUBLIC,Total public,FOSSILFUEL,Group 2: Fossil fuels,RDD,"Research, development and demonstration",USD_R,USD (constant prices and exchange rates),2007,,21.125,,I,Imputed Value,F,Non-confidential,6,Millions,3,
DATAFLOW,OECD.IEA:RDDPUBLIC(1.0),Public energy technology RD&D budgets,I,SWITZERLAND,Switzerland,A,Annual,PUBLIC,Total public,FOSSILFUEL,Group 2: Fossil fuels,RDD,"Research, development and demonstration",USD_R,USD (constant prices and exchange rates),2008,,16.268,,I,Imputed Value,F,Non-confidential,6,Millions,3,
DATAFLOW,OECD.IEA:RDDPUBLIC(1.0),Public energy technology RD&D budgets,I,SWITZERLAND,Switzerland,A,Annual,PUBLIC,Total public,FOSSILFUEL,Group 2: Fossil fuels,RDD,"Research, development and demonstration",USD_R,USD (constant prices and exchange rates),2009,,18.079,,I,Imputed Value,F,Non-confidential,6,Millions,3,
DATAFLOW,OECD.IEA:RDDPUBLIC(1.0),Public energy technology RD&D budgets,I,SWITZERLAND,Switzerland,A,Annual,PUBLIC,Total public,FOSSILFUEL,Group 2: Fossil fuels,RDD,"Research, development and demonstration",USD_R,USD (constant prices and exchange rates),2010,,12.869,,I,Imputed Value,F,Non-confidential,6,Millions,3,
DATAFLOW,OECD.IEA:RDDPUBLIC(1.0),Public energy technology RD&D budgets,I,SWITZERLAND,Switzerland,A,Annual,PUBLIC,Total public,FOSSILFUEL,Group 2: Fossil fuels,RDD,"Research, development and demonstration",USD_R,USD (constant prices and exchange rates),2011,,11.362,,I,Imputed Value,F,Non-confidential,6,Millions,3,
DATAFLOW,OECD.IEA:RDDPUBLIC(1.0),Public energy technology RD&D budgets,I,SWITZERLAND,Switzerland,A,Annual,PUBLIC,Total public,FOSSILFUEL,Group 2: Fossil fuels,RDD,"Research, development and demonstration",USD_R,USD (constant prices and exchange rates),2012,,12.369,,I,Imputed Value,F,Non-confidential,6,Millions,3,
DATAFLOW,OECD.IEA:RDDPUBLIC(1.0),Public energy technology RD&D budgets,I,SWITZERLAND,Switzerland,A,Annual,PUBLIC,Total public,FOSSILFUEL,Group 2: Fossil fuels,RDD,"Research, development and demonstration",USD_R,USD (constant prices and exchange rates),2013,,11.886,,I,Imputed Value,F,Non-confidential,6,Millions,3,
DATAFLOW,OECD.IEA:RDDPUBLIC(1.0),Public energy technology RD&D budgets,I,SWITZERLAND,Switzerland,A,Annual,PUBLIC,Total public,FOSSILFUEL,Group 2: Fossil fuels,RDD,"Research, development and demonstration",USD_R,USD (constant prices and exchange rates),2014,,17.883,,I,Imputed Value,F,Non-confidential,6,Millions,3,
DATAFLOW,OECD.IEA:RDDPUBLIC(1.0),Public energy technology RD&D budgets,I,SWITZERLAND,Switzerland,A,Annual,PUBLIC,Total public,FOSSILFUEL,Group 2: Fossil fuels,RDD,"Research, development and demonstration",USD_R,USD (constant prices and exchange rates),2015,,15.447,,I,Imputed Value,F,Non-confidential,6,Millions,3,
DATAFLOW,OECD.IEA:RDDPUBLIC(1.0),Public energy technology RD&D budgets,I,SWITZERLAND,Switzerland,A,Annual,PUBLIC,Total public,FOSSILFUEL,Group 2: Fossil fuels,RDD,"Research, development and demonstration",USD_R,USD (constant prices and exchange rates),2016,,11.691,,I,Imputed Value,F,Non-confidential,6,Millions,3,
DATAFLOW,OECD.IEA:RDDPUBLIC(1.0),Public energy technology RD&D budgets,I,SWITZERLAND,Switzerland,A,Annual,PUBLIC,Total public,FOSSILFUEL,Group 2: Fossil fuels,RDD,"Research, development and demonstration",USD_R,USD (constant prices and exchange rates),2017,,14.432,,I,Imputed Value,F,Non-confidential,6,Millions,3,
DATAFLOW,OECD.IEA:RDDPUBLIC(1.0),Public energy technology RD&D budgets,I,SWITZERLAND,Switzerland,A,Annual,PUBLIC,Total public,FOSSILFUEL,Group 2: Fossil fuels,RDD,"Research, development and demonstration",USD_R,USD (constant prices and exchange rates),2018,,11.571,,I,Imputed Value,F,Non-confidential,6,Millions,3,
DATAFLOW,OECD.IEA:RDDPUBLIC(1.0),Public energy technology RD&D budgets,I,SWITZERLAND,Switzerland,A,Annual,PUBLIC,Total public,FOSSILFUEL,Group 2: Fossil fuels,RDD,"Research, development and demonstration",USD_R,USD (constant prices and exchange rates),2019,,13.342,,I,Imputed Value,F,Non-confidential,6,Millions,3,
DATAFLOW,OECD.IEA:RDDPUBLIC(1.0),Public energy technology RD&D budgets,I,SWITZERLAND,Switzerland,A,Annual,PUBLIC,Total public,FOSSILFUEL,Group 2: Fossil fuels,RDD,"Research, development and demonstration",USD_R,USD (constant prices and exchange rates),2020,,11.489,,I,Imputed Value,F,Non-confidential,6,Millions,3,
DATAFLOW,OECD.IEA:RDDPUBLIC(1.0),Public energy technology RD&D budgets,I,SWITZERLAND,Switzerland,A,Annual,PUBLIC,Total public,FOSSILFUEL,Group 2: Fossil fuels,RDD,"Research, development and demonstration",USD_R,USD (constant prices and exchange rates),2021,,15.273,,I,Imputed Value,F,Non-confidential,6,Millions,3,
DATAFLOW,OECD.IEA:RDDPUBLIC(1.0),Public energy technology RD&D budgets,I,SWITZERLAND,Switzerland,A,Annual,PUBLIC,Total public,FOSSILFUEL,Group 2: Fossil fuels,RDD,"Research, development and demonstration",USD_R,USD (constant prices and exchange rates),2022,,8.938,,I,Imputed Value,F,Non-confidential,6,Millions,3,
DATAFLOW,OECD.IEA:RDDPUBLIC(1.0),Public energy technology RD&D budgets,I,SWITZERLAND,Switzerland,A,Annual,PUBLIC,Total public,FOSSILFUEL,Group 2: Fossil fuels,RDD,"Research, development and demonstration",USD_R,USD (constant prices and exchange rates),2023,,13.112,,I,Imputed Value,F,Non-confidential,6,Millions,3,
DATAFLOW,OECD.IEA:RDDPUBLIC(1.0),Public energy technology RD&D budgets,I,SWITZERLAND,Switzerland,A,Annual,PUBLIC,Total public,FOSSILFUEL,Group 2: Fossil fuels,RDD,"Research, development and demonstration",USD_R,USD (constant prices and exchange rates),2024,,12.937,,P,Provisional Value,F,Non-confidential,6,Millions,3,
DATAFLOW,OECD.IEA:RDDPUBLIC(1.0),Public energy technology RD&D budgets,I,GERMANY,Germany,A,Annual,PUBLIC,Total public,TOTAL,Total,RDD,"Research, development and demonstration",USD_R,USD (constant prices and exchange rates),2000,,463.46,,I,Imputed Value,F,Non-confidential,6,Millions,3,
DATAFLOW,OECD.IEA:RDDPUBLIC(1.0),Public energy technology RD&D budgets,I,GERMANY,Germany,A,Annual,PUBLIC,Total public,TOTAL,Total,RDD,"Research, development and demonstration",USD_R,USD (constant prices and exchange rates),2001,,497.836,,I,Imputed Value,F,Non-confidential,6,Millions,3,
DATAFLOW,OECD.IEA:RDDPUBLIC(1.0),Public energy technology RD&D budgets,I,GERMANY,Germany,A,Annual,PUBLIC,Total public,TOTAL,Total,RDD,"Research, development and demonstration",USD_R,USD (constant prices and exchange rates),2002,,443.821,,I,Imputed Value,F,Non-confidential,6,Millions,3,
DATAFLOW,OECD.IEA:RDDPUBLIC(1.0),Public energy technology RD&D budgets,I,GERMANY,Germany,A,Annual,PUBLIC,Total public,TOTAL,Total,RDD,"Research, development and demonstration",USD_R,USD (constant prices and exchange rates),2003,,625.047,,I,Imputed Value,F,Non-confidential,6,Millions,3,
DATAFLOW,OECD.IEA:RDDPUBLIC(1.0),Public energy technology RD&D budgets,I,GERMANY,Germany,A,Annual,PUBLIC,Total public,TOTAL,Total,RDD,"Research, development and demonstration",USD_R,USD (constant prices and exchange rates),2004,,604.98,,I,Imputed Value,F,Non-confidential,6,Millions,3,
DATAFLOW,OECD.IEA:RDDPUBLIC(1.0),Public energy technology RD&D budgets,I,GERMANY,Germany,A,Annual,PUBLIC,Total public,TOTAL,Total,RDD,"Research, development and demonstration",USD_R,USD (constant prices and exchange rates),2005,,637.259,,I,Imputed Value,F,Non-confidential,6,Millions,3,
DATAFLOW,OECD.IEA:RDDPUBLIC(1.0),Public energy technology RD&D budgets,I,GERMANY,Germany,A,Annual,PUBLIC,Total public,TOTAL,Total,RDD,"Research, development and demonstration",USD_R,USD (constant prices and exchange rates),2006,,641.04,,I,Imputed Value,F,Non-confidential,6,Millions,3,
DATAFLOW,OECD.IEA:RDDPUBLIC(1.0),Public energy technology RD&D budgets,I,GERMANY,Germany,A,Annual,PUBLIC,Total public,TOTAL,Total,RDD,"Research, development and demonstration",USD_R,USD (constant prices and exchange rates),2007,,659.233,,I,Imputed Value,F,Non-confidential,6,Millions,3,
DATAFLOW,OECD.IEA:RDDPUBLIC(1.0),Public energy technology RD&D budgets,I,GERMANY,Germany,A,Annual,PUBLIC,Total public,TOTAL,Total,RDD,"Research, development and demonstration",USD_R,USD (constant prices and exchange rates),2008,,752.172,,I,Imputed Value,F,Non-confidential,6,Millions,3,
DATAFLOW,OECD.IEA:RDDPUBLIC(1.0),Public energy technology RD&D budgets,I,GERMANY,Germany,A,Annual,PUBLIC,Total public,TOTAL,Total,RDD,"Research, development and demonstration",USD_R,USD (constant prices and exchange rates),2009,,923.524,,I,Imputed Value,F,Non-confidential,6,Millions,3,
DATAFLOW,OECD.IEA:RDDPUBLIC(1.0),Public energy technology RD&D budgets,I,GERMANY,Germany,A,Annual,PUBLIC,Total public,TOTAL,Total,RDD,"Research, development and demonstration",USD_R,USD (constant prices and exchange rates),2010,,948.506,,I,Imputed Value,F,Non-confidential,6,Millions,3,
DATAFLOW,OECD.IEA:RDDPUBLIC(1.0),Public energy technology RD&D budgets,I,GERMANY,Germany,A,Annual,PUBLIC,Total public,TOTAL,Total,RDD,"Research, development and demonstration",USD_R,USD (constant prices and exchange rates),2011,,1083.066,,I,Imputed Value,F,Non-confidential,6,Millions,3,
DATAFLOW,OECD.IEA:RDDPUBLIC(1.0),Public energy technology RD&D budgets,I,GERMANY,Germany,A,Annual,PUBLIC,Total public,TOTAL,Total,RDD,"Research, development and demonstration",USD_R,USD (constant prices and exchange rates),2012,,1054.038,,I,Imputed Value,F,Non-confidential,6,Millions,3,
DATAFLOW,OECD.IEA:RDDPUBLIC(1.0),Public energy technology RD&D budgets,I,GERMANY,Germany,A,Annual,PUBLIC,Total public,TOTAL,Total,RDD,"Research, development and demonstration",USD_R,USD (constant prices and exchange rates),2013,,1184.68,,I,Imputed Value,F,Non-confidential,6,Millions,3,
DATAFLOW,OECD.IEA:RDDPUBLIC(1.0),Public energy technology RD&D budgets,I,GERMANY,Germany,A,Annual,PUBLIC,Total public,TOTAL,Total,RDD,"Research, development and demonstration",USD_R,USD (constant prices and exchange rates),2014,,1218.301,,I,Imputed Value,F,Non-confidential,6,Millions,3,
DATAFLOW,OECD.IEA:RDDPUBLIC(1.0),Public energy technology RD&D budgets,I,GERMANY,Germany,A,Annual,PUBLIC,Total public,TOTAL,Total,RDD,"Research, development and demonstration",USD_R,USD (constant prices and exchange rates),2015,,1284.468,,I,Imputed Value,F,Non-confidential,6,Millions,3,
DATAFLOW,OECD.IEA:RDDPUBLIC(1.0),Public energy technology RD&D budgets,I,GERMANY,Germany,A,Annual,PUBLIC,Total public,TOTAL,Total,RDD,"Research, development and demonstration",USD_R,USD (constant prices and exchange rates),2016,,1304.247,,I,Imputed Value,F,Non-confidential,6,Millions,3,
DATAFLOW,OECD.IEA:RDDPUBLIC(1.0),Public energy technology RD&D budgets,I,GERMANY,Germany,A,Annual,PUBLIC,Total public,TOTAL,Total,RDD,"Research, development and demonstration",USD_R,USD (constant prices and exchange rates),2017,,1468.712,,I,Imputed Value,F,Non-confidential,6,Millions,3,
DATAFLOW,OECD.IEA:RDDPUBLIC(1.0),Public energy technology RD&D budgets,I,GERMANY,Germany,A,Annual,PUBLIC,Total public,TOTAL,Total,RDD,"Research, development and demonstration",USD_R,USD (constant prices and exchange rates),2018,,1423.628,,I,Imputed Value,F,Non-confidential,6,Millions,3,
DATAFLOW,OECD.IEA:RDDPUBLIC(1.0),Public energy technology RD&D budgets,I,GERMANY,Germany,A,Annual,PUBLIC,Total public,TOTAL,Total,RDD,"Research, development and demonstration",USD_R,USD (constant prices and exchange rates),2019,,1519.982,,I,Imputed Value,F,Non-confidential,6,Millions,3,
DATAFLOW,OECD.IEA:RDDPUBLIC(1.0),Public energy technology RD&D budgets,I,GERMANY,Germany,A,Annual,PUBLIC,Total public,TOTAL,Total,RDD,"Research, development and demonstration",USD_R,USD (constant prices and exchange rates),2020,,1613.637,,I,Imputed Value,F,Non-confidential,6,Millions,3,
DATAFLOW,OECD.IEA:RDDPUBLIC(1.0),Public energy technology RD&D budgets,I,GERMANY,Germany,A,Annual,PUBLIC,Total public,TOTAL,Total,RDD,"Research, development and demonstration",USD_R,USD (constant prices and exchange rates),2021,,1714.605,,I,Imputed Value,F,Non-confidential,6,Millions,3,
DATAFLOW,OECD.IEA:RDDPUBLIC(1.0),Public energy technology RD&D budgets,I,GERMANY,Germany,A,Annual,PUBLIC,Total public,TOTAL,Total,RDD,"Research, development and demonstration",USD_R,USD (constant prices and exchange rates),2022,,1767.961,,I,Imputed Value,F,Non-confidential,6,Millions,3,
DATAFLOW,OECD.IEA:RDDPUBLIC(1.0),Public energy technology RD&D budgets,I,GERMANY,Germany,A,Annual,PUBLIC,Total public,TOTAL,Total,RDD,"Research, development and demonstration",USD_R,USD (constant prices and exchange rates),2023,,1630.386,,I,Imputed Value,F,Non-confidential,6,Millions,3,
DATAFLOW,OECD.IEA:RDDPUBLIC(1.0),Public energy technology RD&D budgets,I,KOREA,Korea,A,Annual,PUBLIC,Total public,RENEWABLE,Group 3: Renewable energy sources,RDD,"Research, development and demonstration",USD_R,USD (constant prices and exchange rates),2002,,13.769,,I,Imputed Value,F,Non-confidential,6,Millions,3,
DATAFLOW,OECD.IEA:RDDPUBLIC(1.0),Public energy technology RD&D budgets,I,KOREA,Korea,A,Annual,PUBLIC,Total public,RENEWABLE,Group 3: Renewable energy sources,RDD,"Research, development and demonstration",USD_R,USD (constant prices and exchange rates),2003,,16.497,,I,Imputed Value,F,Non-confidential,6,Millions,3,
DATAFLOW,OECD.IEA:RDDPUBLIC(1.0),Public energy technology RD&D budgets,I,KOREA,Korea,A,Annual,PUBLIC,Total public,RENEWABLE,Group 3: Renewable energy sources,RDD,"Research, development and demonstration",USD_R,USD (constant prices and exchange rates),2004,,40.704,,I,Imputed Value,F,Non-confidential,6,Millions,3,
DATAFLOW,OECD.IEA:RDDPUBLIC(1.0),Public energy technology RD&D budgets,I,KOREA,Korea,A,Annual,PUBLIC,Total public,RENEWABLE,Group 3: Renewable energy sources,RDD,"Research, development and demonstration",USD_R,USD (constant prices and exchange rates),2005,,52.558,,I,Imputed Value,F,Non-confidential,6,Millions,3,
DATAFLOW,OECD.IEA:RDDPUBLIC(1.0),Public energy technology RD&D budgets,I,KOREA,Korea,A,Annual,PUBLIC,Total public,RENEWABLE,Group 3: Renewable energy sources,RDD,"Research, development and demonstration",USD_R,USD (constant prices and exchange rates),2006,,73.128,,I,Imputed Value,F,Non-confidential,6,Millions,3,
DATAFLOW,OECD.IEA:RDDPUBLIC(1.0),Public energy technology RD&D budgets,I,KOREA,Korea,A,Annual,PUBLIC,Total public,RENEWABLE,Group 3: Renewable energy sources,RDD,"Research, development and demonstration",USD_R,USD (constant prices and exchange rates),2007,,76.807,,I,Imputed Value,F,Non-confidential,6,Millions,3,
DATAFLOW,OECD.IEA:RDDPUBLIC(1.0),Public energy technology RD&D budgets,I,KOREA,Korea,A,Annual,PUBLIC,Total public,RENEWABLE,Group 3: Renewable energy sources,RDD,"Research, development and demonstration",USD_R,USD (constant prices and exchange rates),2008,,89.906,,I,Imputed Value,F,Non-confidential,6,Millions,3,
DATAFLOW,OECD.IEA:RDDPUBLIC(1.0),Public energy technology RD&D budgets,I,KOREA,Korea,A,Annual,PUBLIC,Total public,RENEWABLE,Group 3: Renewable energy sources,RDD,"Research, development and demonstration",USD_R,USD (constant prices and exchange rates),2009,,129.549,,I,Imputed Value,F,Non-confidential,6,Millions,3,
DATAFLOW,OECD.IEA:RDDPUBLIC(1.0),Public energy technology RD&D budgets,I,KOREA,Korea,A,Annual,PUBLIC,Total public,RENEWABLE,Group 3: Renewable energy sources,RDD,"Research, development and demonstration",USD_R,USD (constant prices and exchange rates),2010,,163.002,,I,Imputed Value,F,Non-confidential,6,Millions,3,
DATAFLOW,OECD.IEA:RDDPUBLIC(1.0),Public energy technology RD&D budgets,I,KOREA,Korea,A,Annual,PUBLIC,Total public,RENEWABLE,Group 3: Renewable energy sources,RDD,"Research, development and demonstration",USD_R,USD (constant prices and exchange rates),2011,,145.962,,I,Imputed Value,F,Non-confidential,6,Millions,3,
DATAFLOW,OECD.IEA:RDDPUBLIC(1.0),Public energy technology RD&D budgets,I,KOREA,Korea,A,Annual,PUBLIC,Total public,RENEWABLE,Group 3: Renewable energy sources,RDD,"Research, development and demonstration",USD_R,USD (constant prices and exchange rates),2012,,171.344,,I,Imputed Value,F,Non-confidential,6,Millions,3,
DATAFLOW,OECD.IEA:RDDPUBLIC(1.0),Public energy technology RD&D budgets,I,KOREA,Korea,A,Annual,PUBLIC,Total public,RENEWABLE,Group 3: Renewable energy sources,RDD,"Research, development and demonstration",USD_R,USD (constant prices and exchange rates),2013,,163.991,,I,Imputed Value,F,Non-confidential,6,Millions,3,
DATAFLOW,OECD.IEA:RDDPUBLIC(1.0),Public energy technology RD&D budgets,I,KOREA,Korea,A,Annual,PUBLIC,Total public,RENEWABLE,Group 3: Renewable energy sources,RDD,"Research, development and demonstration",USD_R,USD (constant prices and exchange rates),2014,,150.424,,I,Imputed Value,F,Non-confidential,6,Millions,3,
DATAFLOW,OECD.IEA:RDDPUBLIC(1.0),Public energy technology RD&D budgets,I,KOREA,Korea,A,Annual,PUBLIC,Total public,RENEWABLE,Group 3: Renewable energy sources,RDD,"Research, development and demonstration",USD_R,USD (constant prices and exchange rates),2015,,134.078,,I,Imputed Value,F,Non-confidential,6,Millions,3,
DATAFLOW,OECD.IEA:RDDPUBLIC(1.0),Public energy technology RD&D budgets,I,KOREA,Korea,A,Annual,PUBLIC,Total public,RENEWABLE,Group 3: Renewable energy sources,RDD,"Research, development and demonstration",USD_R,USD (constant prices and exchange rates),2016,,143.595,,I,Imputed Value,F,Non-confidential,6,Millions,3,
DATAFLOW,OECD.IEA:RDDPUBLIC(1.0),Public energy technology RD&D budgets,I,KOREA,Korea,A,Annual,PUBLIC,Total public,RENEWABLE,Group 3: Renewable energy sources,RDD,"Research, development and demonstration",USD_R,USD (constant prices and exchange rates),2017,,130.849,,I,Imputed Value,F,Non-confidential,6,Millions,3,
DATAFLOW,OECD.IEA:RDDPUBLIC(1.0),Public energy technology RD&D budgets,I,KOREA,Korea,A,Annual,PUBLIC,Total public,RENEWABLE,Group 3: Renewable energy sources,RDD,"Research, development and demonstration",USD_R,USD (constant prices and exchange rates),2018,,132.498,,I,Imputed Value,F,Non-confidential,6,Millions,3,
DATAFLOW,OECD.IEA:RDDPUBLIC(1.0),Public energy technology RD&D budgets,I,KOREA,Korea,A,Annual,PUBLIC,Total public,RENEWABLE,Group 3: Renewable energy sources,RDD,"Research, development and demonstration",USD_R,USD (constant prices and exchange rates),2019,,159.552,,I,Imputed Value,F,Non-confidential,6,Millions,3,
DATAFLOW,OECD.IEA:RDDPUBLIC(1.0),Public energy technology RD&D budgets,I,KOREA,Korea,A,Annual,PUBLIC,Total public,RENEWABLE,Group 3: Renewable energy sources,RDD,"Research, development and demonstration",USD_R,USD (constant prices and exchange rates),2020,,179.334,,I,Imputed Value,F,Non-confidential,6,Millions,3,
DATAFLOW,OECD.IEA:RDDPUBLIC(1.0),Public energy technology RD&D budgets,I,KOREA,Korea,A,Annual,PUBLIC,Total public,RENEWABLE,Group 3: Renewable energy sources,RDD,"Research, development and demonstration",USD_R,USD (constant prices and exchange rates),2021,,162.008,,I,Imputed Value,F,Non-confidential,6,Millions,3,
DATAFLOW,OECD.IEA:RDDPUBLIC(1.0),Public energy technology RD&D budgets,I,KOREA,Korea,A,Annual,PUBLIC,Total public,RENEWABLE,Group 3: Renewable energy sources,RDD,"Research, development and demonstration",USD_R,USD (constant prices and exchange rates),2022,,137.331,,I,Imputed Value,F,Non-confidential,6,Millions,3,
DATAFLOW,OECD.IEA:RDDPUBLIC(1.0),Public energy technology RD&D budgets,I,KOREA,Korea,A,Annual,PUBLIC,Total public,RENEWABLE,Group 3: Renewable energy sources,RDD,"Research, development and demonstration",USD_R,USD (constant prices and exchange rates),2023,,127.917,,I,Imputed Value,F,Non-confidential,6,Millions,3,
DATAFLOW,OECD.IEA:RDDPUBLIC(1.0),Public energy technology RD&D budgets,I,KOREA,Korea,A,Annual,PUBLIC,Total public,RENEWABLE,Group 3: Renewable energy sources,RDD,"Research, development and demonstration",USD_R,USD (constant prices and exchange rates),2024,,98.547,,P,Provisional Value,F,Non-confidential,6,Millions,3,
DATAFLOW,OECD.IEA:RDDPUBLIC(1.0),Public energy technology RD&D budgets,I,DENMARK,Denmark,A,Annual,PUBLIC,Total public,TOTAL,Total,RDD,"Research, development and demonstration",USD_R,USD (constant prices and exchange rates),2000,,75.84,,I,Imputed Value,F,Non-confidential,6,Millions,3,
DATAFLOW,OECD.IEA:RDDPUBLIC(1.0),Public energy technology RD&D budgets,I,DENMARK,Denmark,A,Annual,PUBLIC,Total public,TOTAL,Total,RDD,"Research, development and demonstration",USD_R,USD (constant prices and exchange rates),2001,,74.184,,I,Imputed Value,F,Non-confidential,6,Millions,3,
DATAFLOW,OECD.IEA:RDDPUBLIC(1.0),Public energy technology RD&D budgets,I,DENMARK,Denmark,A,Annual,PUBLIC,Total public,TOTAL,Total,RDD,"Research, development and demonstration",USD_R,USD (constant prices and exchange rates),2002,,37.077,,I,Imputed Value,F,Non-confidential,6,Millions,3,
DATAFLOW,OECD.IEA:RDDPUBLIC(1.0),Public energy technology RD&D budgets,I,DENMARK,Denmark,A,Annual,PUBLIC,Total public,TOTAL,Total,RDD,"Research, development and demonstration",USD_R,USD (constant prices and exchange rates),2003,,38.565,,I,Imputed Value,F,Non-confidential,6,Millions,3,
DATAFLOW,OECD.IEA:RDDPUBLIC(1.0),Public energy technology RD&D budgets,I,DENMARK,Denmark,A,Annual,PUBLIC,Total public,TOTAL,Total,RDD,"Research, development and demonstration",USD_R,USD (constant prices and exchange rates),2004,,73.955,,I,Imputed Value,F,Non-confidential,6,Millions,3,
DATAFLOW,OECD.IEA:RDDPUBLIC(1.0),Public energy technology RD&D budgets,I,DENMARK,Denmark,A,Annual,PUBLIC,Total public,TOTAL,Total,RDD,"Research, development and demonstration",USD_R,USD (constant prices and exchange rates),2005,,108.063,,I,Imputed Value,F,Non-confidential,6,Millions,3,
DATAFLOW,OECD.IEA:RDDPUBLIC(1.0),Public energy technology RD&D budgets,I,DENMARK,Denmark,A,Annual,PUBLIC,Total public,TOTAL,Total,RDD,"Research, development and demonstration",USD_R,USD (constant prices and exchange rates),2006,,122.066,,I,Imputed Value,F,Non-confidential,6,Millions,3,
DATAFLOW,OECD.IEA:RDDPUBLIC(1.0),Public energy technology RD&D budgets,I,DENMARK,Denmark,A,Annual,PUBLIC,Total public,TOTAL,Total,RDD,"Research, development and demonstration",USD_R,USD (constant prices and exchange rates),2007,,147.272,,I,Imputed Value,F,Non-confidential,6,Millions,3,
DATAFLOW,OECD.IEA:RDDPUBLIC(1.0),Public energy technology RD&D budgets,I,DENMARK,Denmark,A,Annual,PUBLIC,Total public,TOTAL,Total,RDD,"Research, development and demonstration",USD_R,USD (constant prices and exchange rates),2008,,120.551,,I,Imputed Value,F,Non-confidential,6,Millions,3,
DATAFLOW,OECD.IEA:RDDPUBLIC(1.0),Public energy technology RD&D budgets,I,DENMARK,Denmark,A,Annual,PUBLIC,Total public,TOTAL,Total,RDD,"Research, development and demonstration",USD_R,USD (constant prices and exchange rates),2009,,143.954,,I,Imputed Value,F,Non-confidential,6,Millions,3,
DATAFLOW,OECD.IEA:RDDPUBLIC(1.0),Public energy technology RD&D budgets,I,DENMARK,Denmark,A,Annual,PUBLIC,Total public,TOTAL,Total,RDD,"Research, development and demonstration",USD_R,USD (constant prices and exchange rates),2010,,240.484,,I,Imputed Value,F,Non-confidential,6,Millions,3,
DATAFLOW,OECD.IEA:RDDPUBLIC(1.0),Public energy technology RD&D budgets,I,DENMARK,Denmark,A,Annual,PUBLIC,Total public,TOTAL,Total,RDD,"Research, development and demonstration",USD_R,USD (constant prices and exchange rates),2011,,227.712,,I,Imputed Value,F,Non-confidential,6,Millions,3,
DATAFLOW,OECD.IEA:RDDPUBLIC(1.0),Public energy technology RD&D budgets,I,DENMARK,Denmark,A,Annual,PUBLIC,Total public,TOTAL,Total,RDD,"Research, development and demonstration",USD_R,USD (constant prices and exchange rates),2012,,197.7,,I,Imputed Value,F,Non-confidential,6,Millions,3,
DATAFLOW,OECD.IEA:RDDPUBLIC(1.0),Public energy technology RD&D budgets,I,DENMARK,Denmark,A,Annual,PUBLIC,Total public,TOTAL,Total,RDD,"Research, development and demonstration",USD_R,USD (constant prices and exchange rates),2013,,210.118,,I,Imputed Value,F,Non-confidential,6,Millions,3,
DATAFLOW,OECD.IEA:RDDPUBLIC(1.0),Public energy technology RD&D budgets,I,DENMARK,Denmark,A,Annual,PUBLIC,Total public,TOTAL,Total,RDD,"Research, development and demonstration",USD_R,USD (constant prices and exchange rates),2014,,193.964,,I,Imputed Value,F,Non-confidential,6,Millions,3,
DATAFLOW,OECD.IEA:RDDPUBLIC(1.0),Public energy technology RD&D budgets,I,DENMARK,Denmark,A,Annual,PUBLIC,Total public,TOTAL,Total,RDD,"Research, development and demonstration",USD_R,USD (constant prices and exchange rates),2015,,191.457,,I,Imputed Value,F,Non-confidential,6,Millions,3,
DATAFLOW,OECD.IEA:RDDPUBLIC(1.0),Public energy technology RD&D budgets,I,DENMARK,Denmark,A,Annual,PUBLIC,Total public,TOTAL,Total,RDD,"Research, development and demonstration",USD_R,USD (constant prices and exchange rates),2016,,127.362,,I,Imputed Value,F,Non-confidential,6,Millions,3,
DATAFLOW,OECD.IEA:RDDPUBLIC(1.0),Public energy technology RD&D budgets,I,DENMARK,Denmark,A,Annual,PUBLIC,Total public,TOTAL,Total,RDD,"Research, development and demonstration",USD_R,USD (constant prices and exchange rates),2017,,108.534,,I,Imputed Value,F,Non-confidential,6,Millions,3,
DATAFLOW,OECD.IEA:RDDPUBLIC(1.0),Public energy technology RD&D budgets,I,DENMARK,Denmark,A,Annual,PUBLIC,Total public,TOTAL,Total,RDD,"Research, development and demonstration",USD_R,USD (constant prices and exchange rates),2018,,105.378,,I,Imputed Value,F,Non-confidential,6,Millions,3,
DATAFLOW,OECD.IEA:RDDPUBLIC(1.0),Public energy technology RD&D budgets,I,DENMARK,Denmark,A,Annual,PUBLIC,Total public,TOTAL,Total,RDD,"Research, development and demonstration",USD_R,USD (constant prices and exchange rates),2019,,113.556,,I,Imputed Value,F,Non-confidential,6,Millions,3,
DATAFLOW,OECD.IEA:RDDPUBLIC(1.0),Public energy technology RD&D budgets,I,DENMARK,Denmark,A,Annual,PUBLIC,Total public,TOTAL,Total,RDD,"Research, development and demonstration",USD_R,USD (constant prices and exchange rates),2020,,173.456,,I,Imputed Value,F,Non-confidential,6,Millions,3,
DATAFLOW,OECD.IEA:RDDPUBLIC(1.0),Public energy technology RD&D budgets,I,DENMARK,Denmark,A,Annual,PUBLIC,Total public,TOTAL,Total,RDD,"Research, development and demonstration",USD_R,USD (constant prices and exchange rates),2021,,200.068,,I,Imputed Value,F,Non-confidential,6,Millions,3,
DATAFLOW,OECD.IEA:RDDPUBLIC(1.0),Public energy technology RD&D budgets,I,DENMARK,Denmark,A,Annual,PUBLIC,Total public,TOTAL,Total,RDD,"Research, development and demonstration",USD_R,USD (constant prices and exchange rates),2022,,125.503,,I,Imputed Value,F,Non-confidential,6,Millions,3,
DATAFLOW,OECD.IEA:RDDPUBLIC(1.0),Public energy technology RD&D budgets,I,DENMARK,Denmark,A,Annual,PUBLIC,Total public,TOTAL,Total,RDD,"Research, development and demonstration",USD_R,USD (constant prices and exchange rates),2023,,123.128,,I,Imputed Value,F,Non-confidential,6,Millions,3,
DATAFLOW,OECD.IEA:RDDPUBLIC(1.0),Public energy technology RD&D budgets,I,DENMARK,Denmark,A,Annual,PUBLIC,Total public,TOTAL,Total,RDD,"Research, development and demonstration",USD_R,USD (constant prices and exchange rates),2024,,146.089,,P,Provisional Value,F,Non-confidential,6,Millions,3,
DATAFLOW,OECD.IEA:RDDPUBLIC(1.0),Public energy technology RD&D budgets,I,LITHUANIA,Lithuania,A,Annual,PUBLIC,Total public,FOSSILFUEL,Group 2: Fossil fuels,RDD,"Research, development and demonstration",USD_R,USD (constant prices and exchange rates),2019,,0.291,,I,Imputed Value,F,Non-confidential,6,Millions,3,
DATAFLOW,OECD.IEA:RDDPUBLIC(1.0),Public energy technology RD&D budgets,I,LITHUANIA,Lithuania,A,Annual,PUBLIC,Total public,FOSSILFUEL,Group 2: Fossil fuels,RDD,"Research, development and demonstration",USD_R,USD (constant prices and exchange rates),2020,,0.4,,I,Imputed Value,F,Non-confidential,6,Millions,3,
DATAFLOW,OECD.IEA:RDDPUBLIC(1.0),Public energy technology RD&D budgets,I,LITHUANIA,Lithuania,A,Annual,PUBLIC,Total public,FOSSILFUEL,Group 2: Fossil fuels,RDD,"Research, development and demonstration",USD_R,USD (constant prices and exchange rates),2021,,0.482,,I,Imputed Value,F,Non-confidential,6,Millions,3,
DATAFLOW,OECD.IEA:RDDPUBLIC(1.0),Public energy technology RD&D budgets,I,LITHUANIA,Lithuania,A,Annual,PUBLIC,Total public,FOSSILFUEL,Group 2: Fossil fuels,RDD,"Research, development and demonstration",USD_R,USD (constant prices and exchange rates),2022,,0.908,,I,Imputed Value,F,Non-confidential,6,Millions,3,
DATAFLOW,OECD.IEA:RDDPUBLIC(1.0),Public energy technology RD&D budgets,I,LITHUANIA,Lithuania,A,Annual,PUBLIC,Total public,FOSSILFUEL,Group 2: Fossil fuels,RDD,"Research, development and demonstration",USD_R,USD (constant prices and exchange rates),2023,,0.558,,I,Imputed Value,F,Non-confidential,6,Millions,3,
DATAFLOW,OECD.IEA:RDDPUBLIC(1.0),Public energy technology RD&D budgets,I,LITHUANIA,Lithuania,A,Annual,PUBLIC,Total public,FOSSILFUEL,Group 2: Fossil fuels,RDD,"Research, development and demonstration",USD_R,USD (constant prices and exchange rates),2024,,0.045,,P,Provisional Value,F,Non-confidential,6,Millions,3,
DATAFLOW,OECD.IEA:RDDPUBLIC(1.0),Public energy technology RD&D budgets,I,NORWAY,Norway,A,Annual,PUBLIC,Total public,TOTAL,Total,RDD,"Research, development and demonstration",USD_R,USD (constant prices and exchange rates),2000,,81.378,,I,Imputed Value,F,Non-confidential,6,Millions,3,
DATAFLOW,OECD.IEA:RDDPUBLIC(1.0),Public energy technology RD&D budgets,I,NORWAY,Norway,A,Annual,PUBLIC,Total public,TOTAL,Total,RDD,"Research, development and demonstration",USD_R,USD (constant prices and exchange rates),2001,,83.143,,I,Imputed Value,F,Non-confidential,6,Millions,3,
DATAFLOW,OECD.IEA:RDDPUBLIC(1.0),Public energy technology RD&D budgets,I,NORWAY,Norway,A,Annual,PUBLIC,Total public,TOTAL,Total,RDD,"Research, development and demonstration",USD_R,USD (constant prices and exchange rates),2002,,86.271,,I,Imputed Value,F,Non-confidential,6,Millions,3,
DATAFLOW,OECD.IEA:RDDPUBLIC(1.0),Public energy technology RD&D budgets,I,NORWAY,Norway,A,Annual,PUBLIC,Total public,TOTAL,Total,RDD,"Research, development and demonstration",USD_R,USD (constant prices and exchange rates),2003,,82.025,,I,Imputed Value,F,Non-confidential,6,Millions,3,
DATAFLOW,OECD.IEA:RDDPUBLIC(1.0),Public energy technology RD&D budgets,I,NORWAY,Norway,A,Annual,PUBLIC,Total public,TOTAL,Total,RDD,"Research, development and demonstration",USD_R,USD (constant prices and exchange rates),2004,,95.626,,I,Imputed Value,F,Non-confidential,6,Millions,3,
DATAFLOW,OECD.IEA:RDDPUBLIC(1.0),Public energy technology RD&D budgets,I,NORWAY,Norway,A,Annual,PUBLIC,Total public,TOTAL,Total,RDD,"Research, development and demonstration",USD_R,USD (constant prices and exchange rates),2005,,102.585,,I,Imputed Value,F,Non-confidential,6,Millions,3,
DATAFLOW,OECD.IEA:RDDPUBLIC(1.0),Public energy technology RD&D budgets,I,NORWAY,Norway,A,Annual,PUBLIC,Total public,TOTAL,Total,RDD,"Research, development and demonstration",USD_R,USD (constant prices and exchange rates),2006,,117.478,,I,Imputed Value,F,Non-confidential,6,Millions,3,
DATAFLOW,OECD.IEA:RDDPUBLIC(1.0),Public energy technology RD&D budgets,I,NORWAY,Norway,A,Annual,PUBLIC,Total public,TOTAL,Total,RDD,"Research, development and demonstration",USD_R,USD (constant prices and exchange rates),2007,,134.399,,I,Imputed Value,F,Non-confidential,6,Millions,3,
DATAFLOW,OECD.IEA:RDDPUBLIC(1.0),Public energy technology RD&D budgets,I,NORWAY,Norway,A,Annual,PUBLIC,Total public,TOTAL,Total,RDD,"Research, development and demonstration",USD_R,USD (constant prices and exchange rates),2008,,117.885,,I,Imputed Value,F,Non-confidential,6,Millions,3,
DATAFLOW,OECD.IEA:RDDPUBLIC(1.0),Public energy technology RD&D budgets,I,NORWAY,Norway,A,Annual,PUBLIC,Total public,TOTAL,Total,RDD,"Research, development and demonstration",USD_R,USD (constant prices and exchange rates),2009,,396.178,,I,Imputed Value,F,Non-confidential,6,Millions,3,
DATAFLOW,OECD.IEA:RDDPUBLIC(1.0),Public energy technology RD&D budgets,I,NORWAY,Norway,A,Annual,PUBLIC,Total public,TOTAL,Total,RDD,"Research, development and demonstration",USD_R,USD (constant prices and exchange rates),2010,,541.363,,I,Imputed Value,F,Non-confidential,6,Millions,3,
DATAFLOW,OECD.IEA:RDDPUBLIC(1.0),Public energy technology RD&D budgets,I,NORWAY,Norway,A,Annual,PUBLIC,Total public,TOTAL,Total,RDD,"Research, development and demonstration",USD_R,USD (constant prices and exchange rates),2011,,454.051,,I,Imputed Value,F,Non-confidential,6,Millions,3,
DATAFLOW,OECD.IEA:RDDPUBLIC(1.0),Public energy technology RD&D budgets,I,NORWAY,Norway,A,Annual,PUBLIC,Total public,TOTAL,Total,RDD,"Research, development and demonstration",USD_R,USD (constant prices and exchange rates),2012,,398.387,,I,Imputed Value,F,Non-confidential,6,Millions,3,
DATAFLOW,OECD.IEA:RDDPUBLIC(1.0),Public energy technology RD&D budgets,I,NORWAY,Norway,A,Annual,PUBLIC,Total public,TOTAL,Total,RDD,"Research, development and demonstration",USD_R,USD (constant prices and exchange rates),2013,,336.864,,I,Imputed Value,F,Non-confidential,6,Millions,3,
DATAFLOW,OECD.IEA:RDDPUBLIC(1.0),Public energy technology RD&D budgets,I,NORWAY,Norway,A,Annual,PUBLIC,Total public,TOTAL,Total,RDD,"Research, development and demonstration",USD_R,USD (constant prices and exchange rates),2014,,504.653,,I,Imputed Value,F,Non-confidential,6,Millions,3,
DATAFLOW,OECD.IEA:RDDPUBLIC(1.0),Public energy technology RD&D budgets,I,NORWAY,Norway,A,Annual,PUBLIC,Total public,TOTAL,Total,RDD,"Research, development and demonstration",USD_R,USD (constant prices and exchange rates),2015,,472.631,,I,Imputed Value,F,Non-confidential,6,Millions,3,
DATAFLOW,OECD.IEA:RDDPUBLIC(1.0),Public energy technology RD&D budgets,I,NORWAY,Norway,A,Annual,PUBLIC,Total public,TOTAL,Total,RDD,"Research, development and demonstration",USD_R,USD (constant prices and exchange rates),2016,,406.729,,I,Imputed Value,F,Non-confidential,6,Millions,3,
DATAFLOW,OECD.IEA:RDDPUBLIC(1.0),Public energy technology RD&D budgets,I,NORWAY,Norway,A,Annual,PUBLIC,Total public,TOTAL,Total,RDD,"Research, development and demonstration",USD_R,USD (constant prices and exchange rates),2017,,424.222,,I,Imputed Value,F,Non-confidential,6,Millions,3,
DATAFLOW,OECD.IEA:RDDPUBLIC(1.0),Public energy technology RD&D budgets,I,NORWAY,Norway,A,Annual,PUBLIC,Total public,TOTAL,Total,RDD,"Research, development and demonstration",USD_R,USD (constant prices and exchange rates),2018,,374.117,,I,Imputed Value,F,Non-confidential,6,Millions,3,
DATAFLOW,OECD.IEA:RDDPUBLIC(1.0),Public energy technology RD&D budgets,I,NORWAY,Norway,A,Annual,PUBLIC,Total public,TOTAL,Total,RDD,"Research, development and demonstration",USD_R,USD (constant prices and exchange rates),2019,,747.222,,I,Imputed Value,F,Non-confidential,6,Millions,3,
DATAFLOW,OECD.IEA:RDDPUBLIC(1.0),Public energy technology RD&D budgets,I,NORWAY,Norway,A,Annual,PUBLIC,Total public,TOTAL,Total,RDD,"Research, development and demonstration",USD_R,USD (constant prices and exchange rates),2020,,459.253,,I,Imputed Value,F,Non-confidential,6,Millions,3,
DATAFLOW,OECD.IEA:RDDPUBLIC(1.0),Public energy technology RD&D budgets,I,NORWAY,Norway,A,Annual,PUBLIC,Total public,TOTAL,Total,RDD,"Research, development and demonstration",USD_R,USD (constant prices and exchange rates),2021,,496.656,,I,Imputed Value,F,Non-confidential,6,Millions,3,
DATAFLOW,OECD.IEA:RDDPUBLIC(1.0),Public energy technology RD&D budgets,I,NORWAY,Norway,A,Annual,PUBLIC,Total public,TOTAL,Total,RDD,"Research, development and demonstration",USD_R,USD (constant prices and exchange rates),2022,,382.966,,I,Imputed Value,F,Non-confidential,6,Millions,3,
DATAFLOW,OECD.IEA:RDDPUBLIC(1.0),Public energy technology RD&D budgets,I,NORWAY,Norway,A,Annual,PUBLIC,Total public,TOTAL,Total,RDD,"Research, development and demonstration",USD_R,USD (constant prices and exchange rates),2023,,477.159,,I,Imputed Value,F,Non-confidential,6,Millions,3,
DATAFLOW,OECD.IEA:RDDPUBLIC(1.0),Public energy technology RD&D budgets,I,NORWAY,Norway,A,Annual,PUBLIC,Total public,TOTAL,Total,RDD,"Research, development and demonstration",USD_R,USD (constant prices and exchange rates),2024,,683.903,,P,Provisional Value,F,Non-confidential,6,Millions,3,
DATAFLOW,OECD.IEA:RDDPUBLIC(1.0),Public energy technology RD&D budgets,I,FRANCE,France,A,Annual,PUBLIC,Total public,TOTAL,Total,RDD,"Research, development and demonstration",USD_R,USD (constant prices and exchange rates),2000,,937.68,,I,Imputed Value,F,Non-confidential,6,Millions,3,
DATAFLOW,OECD.IEA:RDDPUBLIC(1.0),Public energy technology RD&D budgets,I,FRANCE,France,A,Annual,PUBLIC,Total public,TOTAL,Total,RDD,"Research, development and demonstration",USD_R,USD (constant prices and exchange rates),2001,,692.483,,I,Imputed Value,F,Non-confidential,6,Millions,3,
DATAFLOW,OECD.IEA:RDDPUBLIC(1.0),Public energy technology RD&D budgets,I,FRANCE,France,A,Annual,PUBLIC,Total public,TOTAL,Total,RDD,"Research, development and demonstration",USD_R,USD (constant prices and exchange rates),2002,,1515.321,,I,Imputed Value,F,Non-confidential,6,Millions,3,
DATAFLOW,OECD.IEA:RDDPUBLIC(1.0),Public energy technology RD&D budgets,I,FRANCE,France,A,Annual,PUBLIC,Total public,TOTAL,Total,RDD,"Research, development and demonstration",USD_R,USD (constant prices and exchange rates),2003,,1512.71,,I,Imputed Value,F,Non-confidential,6,Millions,3,
DATAFLOW,OECD.IEA:RDDPUBLIC(1.0),Public energy technology RD&D budgets,I,FRANCE,France,A,Annual,PUBLIC,Total public,TOTAL,Total,RDD,"Research, development and demonstration",USD_R,USD (constant prices and exchange rates),2004,,1464.639,,I,Imputed Value,F,Non-confidential,6,Millions,3,
DATAFLOW,OECD.IEA:RDDPUBLIC(1.0),Public energy technology RD&D budgets,I,FRANCE,France,A,Annual,PUBLIC,Total public,TOTAL,Total,RDD,"Research, development and demonstration",USD_R,USD (constant prices and exchange rates),2005,,1520.817,,I,Imputed Value,F,Non-confidential,6,Millions,3,
DATAFLOW,OECD.IEA:RDDPUBLIC(1.0),Public energy technology RD&D budgets,I,FRANCE,France,A,Annual,PUBLIC,Total public,TOTAL,Total,RDD,"Research, development and demonstration",USD_R,USD (constant prices and exchange rates),2006,,1536.439,,I,Imputed Value,F,Non-confidential,6,Millions,3,
DATAFLOW,OECD.IEA:RDDPUBLIC(1.0),Public energy technology RD&D budgets,I,FRANCE,France,A,Annual,PUBLIC,Total public,TOTAL,Total,RDD,"Research, development and demonstration",USD_R,USD (constant prices and exchange rates),2007,,1641.45,,I,Imputed Value,F,Non-confidential,6,Millions,3,
DATAFLOW,OECD.IEA:RDDPUBLIC(1.0),Public energy technology RD&D budgets,I,FRANCE,France,A,Annual,PUBLIC,Total public,TOTAL,Total,RDD,"Research, development and demonstration",USD_R,USD (constant prices and exchange rates),2008,,1788.586,,I,Imputed Value,F,Non-confidential,6,Millions,3,
DATAFLOW,OECD.IEA:RDDPUBLIC(1.0),Public energy technology RD&D budgets,I,FRANCE,France,A,Annual,PUBLIC,Total public,TOTAL,Total,RDD,"Research, development and demonstration",USD_R,USD (constant prices and exchange rates),2009,,2000.762,,I,Imputed Value,F,Non-confidential,6,Millions,3,
DATAFLOW,OECD.IEA:RDDPUBLIC(1.0),Public energy technology RD&D budgets,I,FRANCE,France,A,Annual,PUBLIC,Total public,TOTAL,Total,RDD,"Research, development and demonstration",USD_R,USD (constant prices and exchange rates),2010,,1865.974,,I,Imputed Value,F,Non-confidential,6,Millions,3,
DATAFLOW,OECD.IEA:RDDPUBLIC(1.0),Public energy technology RD&D budgets,I,FRANCE,France,A,Annual,PUBLIC,Total public,TOTAL,Total,RDD,"Research, development and demonstration",USD_R,USD (constant prices and exchange rates),2011,,2008.15,,I,Imputed Value,F,Non-confidential,6,Millions,3,
DATAFLOW,OECD.IEA:RDDPUBLIC(1.0),Public energy technology RD&D budgets,I,FRANCE,France,A,Annual,PUBLIC,Total public,TOTAL,Total,RDD,"Research, development and demonstration",USD_R,USD (constant prices and exchange rates),2012,,1993.314,,I,Imputed Value,F,Non-confidential,6,Millions,3,
DATAFLOW,OECD.IEA:RDDPUBLIC(1.0),Public energy technology RD&D budgets,I,FRANCE,France,A,Annual,PUBLIC,Total public,TOTAL,Total,RDD,"Research, development and demonstration",USD_R,USD (constant prices and exchange rates),2013,,2060.866,,I,Imputed Value,F,Non-confidential,6,Millions,3,
DATAFLOW,OECD.IEA:RDDPUBLIC(1.0),Public energy technology RD&D budgets,I,FRANCE,France,A,Annual,PUBLIC,Total public,TOTAL,Total,RDD,"Research, development and demonstration",USD_R,USD (constant prices and exchange rates),2014,,1965.87,,I,Imputed Value,F,Non-confidential,6,Millions,3,
DATAFLOW,OECD.IEA:RDDPUBLIC(1.0),Public energy technology RD&D budgets,I,FRANCE,France,A,Annual,PUBLIC,Total public,TOTAL,Total,RDD,"Research, development and demonstration",USD_R,USD (constant prices and exchange rates),2015,,1864.119,,I,Imputed Value,F,Non-confidential,6,Millions,3,
DATAFLOW,OECD.IEA:RDDPUBLIC(1.0),Public energy technology RD&D budgets,I,FRANCE,France,A,Annual,PUBLIC,Total public,TOTAL,Total,RDD,"Research, development and demonstration",USD_R,USD (constant prices and exchange rates),2016,,1761.752,,I,Imputed Value,F,Non-confidential,6,Millions,3,
DATAFLOW,OECD.IEA:RDDPUBLIC(1.0),Public energy technology RD&D budgets,I,FRANCE,France,A,Annual,PUBLIC,Total public,TOTAL,Total,RDD,"Research, development and demonstration",USD_R,USD (constant prices and exchange rates),2017,,1700.032,,I,Imputed Value,F,Non-confidential,6,Millions,3,
DATAFLOW,OECD.IEA:RDDPUBLIC(1.0),Public energy technology RD&D budgets,I,FRANCE,France,A,Annual,PUBLIC,Total public,TOTAL,Total,RDD,"Research, development and demonstration",USD_R,USD (constant prices and exchange rates),2018,,1739.702,,I,Imputed Value,F,Non-confidential,6,Millions,3,
DATAFLOW,OECD.IEA:RDDPUBLIC(1.0),Public energy technology RD&D budgets,I,FRANCE,France,A,Annual,PUBLIC,Total public,TOTAL,Total,RDD,"Research, development and demonstration",USD_R,USD (constant prices and exchange rates),2019,,1759.331,,I,Imputed Value,F,Non-confidential,6,Millions,3,
DATAFLOW,OECD.IEA:RDDPUBLIC(1.0),Public energy technology RD&D budgets,I,FRANCE,France,A,Annual,PUBLIC,Total public,TOTAL,Total,RDD,"Research, development and demonstration",USD_R,USD (constant prices and exchange rates),2020,,1942.889,,I,Imputed Value,F,Non-confidential,6,Millions,3,
DATAFLOW,OECD.IEA:RDDPUBLIC(1.0),Public energy technology RD&D budgets,I,FRANCE,France,A,Annual,PUBLIC,Total public,TOTAL,Total,RDD,"Research, development and demonstration",USD_R,USD (constant prices and exchange rates),2021,,2227.097,,I,Imputed Value,F,Non-confidential,6,Millions,3,
DATAFLOW,OECD.IEA:RDDPUBLIC(1.0),Public energy technology RD&D budgets,I,FRANCE,France,A,Annual,PUBLIC,Total public,TOTAL,Total,RDD,"Research, development and demonstration",USD_R,USD (constant prices and exchange rates),2022,,2383.199,,I,Imputed Value,F,Non-confidential,6,Millions,3,
DATAFLOW,OECD.IEA:RDDPUBLIC(1.0),Public energy technology RD&D budgets,I,FRANCE,France,A,Annual,PUBLIC,Total public,TOTAL,Total,RDD,"Research, development and demonstration",USD_R,USD (constant prices and exchange rates),2023,,2564.691,,I,Imputed Value,F,Non-confidential,6,Millions,3,
DATAFLOW,OECD.IEA:RDDPUBLIC(1.0),Public energy technology RD&D budgets,I,FRANCE,France,A,Annual,PUBLIC,Total public,TOTAL,Total,RDD,"Research, development and demonstration",USD_R,USD (constant prices and exchange rates),2024,,2657.705,,P,Provisional Value,F,Non-confidential,6,Millions,3,
DATAFLOW,OECD.IEA:RDDPUBLIC(1.0),Public energy technology RD&D budgets,I,LATVIA,Latvia,A,Annual,PUBLIC,Total public,FOSSILFUEL,Group 2: Fossil fuels,RDD,"Research, development and demonstration",USD_R,USD (constant prices and exchange rates),2019,,0,,I,Imputed Value,F,Non-confidential,6,Millions,3,
DATAFLOW,OECD.IEA:RDDPUBLIC(1.0),Public energy technology RD&D budgets,I,NETHERLANDS,Netherlands,A,Annual,PUBLIC,Total public,RENEWABLE,Group 3: Renewable energy sources,RDD,"Research, development and demonstration",USD_R,USD (constant prices and exchange rates),2000,,57.522,,I,Imputed Value,F,Non-confidential,6,Millions,3,
DATAFLOW,OECD.IEA:RDDPUBLIC(1.0),Public energy technology RD&D budgets,I,NETHERLANDS,Netherlands,A,Annual,PUBLIC,Total public,RENEWABLE,Group 3: Renewable energy sources,RDD,"Research, development and demonstration",USD_R,USD (constant prices and exchange rates),2001,,74.232,,I,Imputed Value,F,Non-confidential,6,Millions,3,
DATAFLOW,OECD.IEA:RDDPUBLIC(1.0),Public energy technology RD&D budgets,I,NETHERLANDS,Netherlands,A,Annual,PUBLIC,Total public,RENEWABLE,Group 3: Renewable energy sources,RDD,"Research, development and demonstration",USD_R,USD (constant prices and exchange rates),2002,,76.619,,I,Imputed Value,F,Non-confidential,6,Millions,3,
DATAFLOW,OECD.IEA:RDDPUBLIC(1.0),Public energy technology RD&D budgets,I,NETHERLANDS,Netherlands,A,Annual,PUBLIC,Total public,RENEWABLE,Group 3: Renewable energy sources,RDD,"Research, development and demonstration",USD_R,USD (constant prices and exchange rates),2003,,82.604,,I,Imputed Value,F,Non-confidential,6,Millions,3,
DATAFLOW,OECD.IEA:RDDPUBLIC(1.0),Public energy technology RD&D budgets,I,NETHERLANDS,Netherlands,A,Annual,PUBLIC,Total public,RENEWABLE,Group 3: Renewable energy sources,RDD,"Research, development and demonstration",USD_R,USD (constant prices and exchange rates),2005,,65.654,,I,Imputed Value,F,Non-confidential,6,Millions,3,
DATAFLOW,OECD.IEA:RDDPUBLIC(1.0),Public energy technology RD&D budgets,I,NETHERLANDS,Netherlands,A,Annual,PUBLIC,Total public,RENEWABLE,Group 3: Renewable energy sources,RDD,"Research, development and demonstration",USD_R,USD (constant prices and exchange rates),2006,,74.174,,I,Imputed Value,F,Non-confidential,6,Millions,3,
DATAFLOW,OECD.IEA:RDDPUBLIC(1.0),Public energy technology RD&D budgets,I,NETHERLANDS,Netherlands,A,Annual,PUBLIC,Total public,RENEWABLE,Group 3: Renewable energy sources,RDD,"Research, development and demonstration",USD_R,USD (constant prices and exchange rates),2007,,104.997,,I,Imputed Value,F,Non-confidential,6,Millions,3,
DATAFLOW,OECD.IEA:RDDPUBLIC(1.0),Public energy technology RD&D budgets,I,NETHERLANDS,Netherlands,A,Annual,PUBLIC,Total public,RENEWABLE,Group 3: Renewable energy sources,RDD,"Research, development and demonstration",USD_R,USD (constant prices and exchange rates),2008,,72.529,,I,Imputed Value,F,Non-confidential,6,Millions,3,
DATAFLOW,OECD.IEA:RDDPUBLIC(1.0),Public energy technology RD&D budgets,I,NETHERLANDS,Netherlands,A,Annual,PUBLIC,Total public,RENEWABLE,Group 3: Renewable energy sources,RDD,"Research, development and demonstration",USD_R,USD (constant prices and exchange rates),2009,,93.151,,I,Imputed Value,F,Non-confidential,6,Millions,3,
DATAFLOW,OECD.IEA:RDDPUBLIC(1.0),Public energy technology RD&D budgets,I,NETHERLANDS,Netherlands,A,Annual,PUBLIC,Total public,RENEWABLE,Group 3: Renewable energy sources,RDD,"Research, development and demonstration",USD_R,USD (constant prices and exchange rates),2010,,210.597,,I,Imputed Value,F,Non-confidential,6,Millions,3,
DATAFLOW,OECD.IEA:RDDPUBLIC(1.0),Public energy technology RD&D budgets,I,NETHERLANDS,Netherlands,A,Annual,PUBLIC,Total public,RENEWABLE,Group 3: Renewable energy sources,RDD,"Research, development and demonstration",USD_R,USD (constant prices and exchange rates),2011,,81.094,,I,Imputed Value,F,Non-confidential,6,Millions,3,
DATAFLOW,OECD.IEA:RDDPUBLIC(1.0),Public energy technology RD&D budgets,I,NETHERLANDS,Netherlands,A,Annual,PUBLIC,Total public,RENEWABLE,Group 3: Renewable energy sources,RDD,"Research, development and demonstration",USD_R,USD (constant prices and exchange rates),2012,,137.349,,I,Imputed Value,F,Non-confidential,6,Millions,3,
DATAFLOW,OECD.IEA:RDDPUBLIC(1.0),Public energy technology RD&D budgets,I,NETHERLANDS,Netherlands,A,Annual,PUBLIC,Total public,RENEWABLE,Group 3: Renewable energy sources,RDD,"Research, development and demonstration",USD_R,USD (constant prices and exchange rates),2013,,132.54,,I,Imputed Value,F,Non-confidential,6,Millions,3,
DATAFLOW,OECD.IEA:RDDPUBLIC(1.0),Public energy technology RD&D budgets,I,NETHERLANDS,Netherlands,A,Annual,PUBLIC,Total public,RENEWABLE,Group 3: Renewable energy sources,RDD,"Research, development and demonstration",USD_R,USD (constant prices and exchange rates),2014,,94.218,,I,Imputed Value,F,Non-confidential,6,Millions,3,
DATAFLOW,OECD.IEA:RDDPUBLIC(1.0),Public energy technology RD&D budgets,I,NETHERLANDS,Netherlands,A,Annual,PUBLIC,Total public,RENEWABLE,Group 3: Renewable energy sources,RDD,"Research, development and demonstration",USD_R,USD (constant prices and exchange rates),2015,,146.218,,I,Imputed Value,F,Non-confidential,6,Millions,3,
DATAFLOW,OECD.IEA:RDDPUBLIC(1.0),Public energy technology RD&D budgets,I,NETHERLANDS,Netherlands,A,Annual,PUBLIC,Total public,RENEWABLE,Group 3: Renewable energy sources,RDD,"Research, development and demonstration",USD_R,USD (constant prices and exchange rates),2016,,121.619,,I,Imputed Value,F,Non-confidential,6,Millions,3,
DATAFLOW,OECD.IEA:RDDPUBLIC(1.0),Public energy technology RD&D budgets,I,NETHERLANDS,Netherlands,A,Annual,PUBLIC,Total public,RENEWABLE,Group 3: Renewable energy sources,RDD,"Research, development and demonstration",USD_R,USD (constant prices and exchange rates),2017,,107.251,,I,Imputed Value,F,Non-confidential,6,Millions,3,
DATAFLOW,OECD.IEA:RDDPUBLIC(1.0),Public energy technology RD&D budgets,I,NETHERLANDS,Netherlands,A,Annual,PUBLIC,Total public,RENEWABLE,Group 3: Renewable energy sources,RDD,"Research, development and demonstration",USD_R,USD (constant prices and exchange rates),2018,,146.993,,I,Imputed Value,F,Non-confidential,6,Millions,3,
DATAFLOW,OECD.IEA:RDDPUBLIC(1.0),Public energy technology RD&D budgets,I,NETHERLANDS,Netherlands,A,Annual,PUBLIC,Total public,RENEWABLE,Group 3: Renewable energy sources,RDD,"Research, development and demonstration",USD_R,USD (constant prices and exchange rates),2019,,110.482,,I,Imputed Value,F,Non-confidential,6,Millions,3,
DATAFLOW,OECD.IEA:RDDPUBLIC(1.0),Public energy technology RD&D budgets,I,NETHERLANDS,Netherlands,A,Annual,PUBLIC,Total public,RENEWABLE,Group 3: Renewable energy sources,RDD,"Research, development and demonstration",USD_R,USD (constant prices and exchange rates),2020,,58.925,,I,Imputed Value,F,Non-confidential,6,Millions,3,
DATAFLOW,OECD.IEA:RDDPUBLIC(1.0),Public energy technology RD&D budgets,I,NETHERLANDS,Netherlands,A,Annual,PUBLIC,Total public,RENEWABLE,Group 3: Renewable energy sources,RDD,"Research, development and demonstration",USD_R,USD (constant prices and exchange rates),2021,,68.802,,I,Imputed Value,F,Non-confidential,6,Millions,3,
DATAFLOW,OECD.IEA:RDDPUBLIC(1.0),Public energy technology RD&D budgets,I,NETHERLANDS,Netherlands,A,Annual,PUBLIC,Total public,RENEWABLE,Group 3: Renewable energy sources,RDD,"Research, development and demonstration",USD_R,USD (constant prices and exchange rates),2022,,115.751,,I,Imputed Value,F,Non-confidential,6,Millions,3,
DATAFLOW,OECD.IEA:RDDPUBLIC(1.0),Public energy technology RD&D budgets,I,NETHERLANDS,Netherlands,A,Annual,PUBLIC,Total public,RENEWABLE,Group 3: Renewable energy sources,RDD,"Research, development and demonstration",USD_R,USD (constant prices and exchange rates),2023,,55.22,,I,Imputed Value,F,Non-confidential,6,Millions,3,
DATAFLOW,OECD.IEA:RDDPUBLIC(1.0),Public energy technology RD&D budgets,I,NETHERLANDS,Netherlands,A,Annual,PUBLIC,Total public,RENEWABLE,Group 3: Renewable energy sources,RDD,"Research, development and demonstration",USD_R,USD (constant prices and exchange rates),2024,,106.803,,P,Provisional Value,F,Non-confidential,6,Millions,3,
DATAFLOW,OECD.IEA:RDDPUBLIC(1.0),Public energy technology RD&D budgets,I,ITALY,Italy,A,Annual,PUBLIC,Total public,RENEWABLE,Group 3: Renewable energy sources,RDD,"Research, development and demonstration",USD_R,USD (constant prices and exchange rates),2000,,38.874,,I,Imputed Value,F,Non-confidential,6,Millions,3,
DATAFLOW,OECD.IEA:RDDPUBLIC(1.0),Public energy technology RD&D budgets,I,ITALY,Italy,A,Annual,PUBLIC,Total public,RENEWABLE,Group 3: Renewable energy sources,RDD,"Research, development and demonstration",USD_R,USD (constant prices and exchange rates),2001,,63.962,,I,Imputed Value,F,Non-confidential,6,Millions,3,
DATAFLOW,OECD.IEA:RDDPUBLIC(1.0),Public energy technology RD&D budgets,I,ITALY,Italy,A,Annual,PUBLIC,Total public,RENEWABLE,Group 3: Renewable energy sources,RDD,"Research, development and demonstration",USD_R,USD (constant prices and exchange rates),2002,,85.236,,I,Imputed Value,F,Non-confidential,6,Millions,3,
DATAFLOW,OECD.IEA:RDDPUBLIC(1.0),Public energy technology RD&D budgets,I,ITALY,Italy,A,Annual,PUBLIC,Total public,RENEWABLE,Group 3: Renewable energy sources,RDD,"Research, development and demonstration",USD_R,USD (constant prices and exchange rates),2003,,80.358,,I,Imputed Value,F,Non-confidential,6,Millions,3,
DATAFLOW,OECD.IEA:RDDPUBLIC(1.0),Public energy technology RD&D budgets,I,ITALY,Italy,A,Annual,PUBLIC,Total public,RENEWABLE,Group 3: Renewable energy sources,RDD,"Research, development and demonstration",USD_R,USD (constant prices and exchange rates),2004,,78.625,,I,Imputed Value,F,Non-confidential,6,Millions,3,
DATAFLOW,OECD.IEA:RDDPUBLIC(1.0),Public energy technology RD&D budgets,I,ITALY,Italy,A,Annual,PUBLIC,Total public,RENEWABLE,Group 3: Renewable energy sources,RDD,"Research, development and demonstration",USD_R,USD (constant prices and exchange rates),2005,,74.973,,I,Imputed Value,F,Non-confidential,6,Millions,3,
DATAFLOW,OECD.IEA:RDDPUBLIC(1.0),Public energy technology RD&D budgets,I,ITALY,Italy,A,Annual,PUBLIC,Total public,RENEWABLE,Group 3: Renewable energy sources,RDD,"Research, development and demonstration",USD_R,USD (constant prices and exchange rates),2006,,53.37,,I,Imputed Value,F,Non-confidential,6,Millions,3,
DATAFLOW,OECD.IEA:RDDPUBLIC(1.0),Public energy technology RD&D budgets,I,ITALY,Italy,A,Annual,PUBLIC,Total public,RENEWABLE,Group 3: Renewable energy sources,RDD,"Research, development and demonstration",USD_R,USD (constant prices and exchange rates),2007,,77.399,,I,Imputed Value,F,Non-confidential,6,Millions,3,
DATAFLOW,OECD.IEA:RDDPUBLIC(1.0),Public energy technology RD&D budgets,I,ITALY,Italy,A,Annual,PUBLIC,Total public,RENEWABLE,Group 3: Renewable energy sources,RDD,"Research, development and demonstration",USD_R,USD (constant prices and exchange rates),2008,,111.632,,I,Imputed Value,F,Non-confidential,6,Millions,3,
DATAFLOW,OECD.IEA:RDDPUBLIC(1.0),Public energy technology RD&D budgets,I,ITALY,Italy,A,Annual,PUBLIC,Total public,RENEWABLE,Group 3: Renewable energy sources,RDD,"Research, development and demonstration",USD_R,USD (constant prices and exchange rates),2009,,86.168,,I,Imputed Value,F,Non-confidential,6,Millions,3,
DATAFLOW,OECD.IEA:RDDPUBLIC(1.0),Public energy technology RD&D budgets,I,ITALY,Italy,A,Annual,PUBLIC,Total public,RENEWABLE,Group 3: Renewable energy sources,RDD,"Research, development and demonstration",USD_R,USD (constant prices and exchange rates),2010,,135.453,,I,Imputed Value,F,Non-confidential,6,Millions,3,
DATAFLOW,OECD.IEA:RDDPUBLIC(1.0),Public energy technology RD&D budgets,I,ITALY,Italy,A,Annual,PUBLIC,Total public,RENEWABLE,Group 3: Renewable energy sources,RDD,"Research, development and demonstration",USD_R,USD (constant prices and exchange rates),2011,,167.624,,I,Imputed Value,F,Non-confidential,6,Millions,3,
DATAFLOW,OECD.IEA:RDDPUBLIC(1.0),Public energy technology RD&D budgets,I,ITALY,Italy,A,Annual,PUBLIC,Total public,RENEWABLE,Group 3: Renewable energy sources,RDD,"Research, development and demonstration",USD_R,USD (constant prices and exchange rates),2012,,170.736,,I,Imputed Value,F,Non-confidential,6,Millions,3,
DATAFLOW,OECD.IEA:RDDPUBLIC(1.0),Public energy technology RD&D budgets,I,ITALY,Italy,A,Annual,PUBLIC,Total public,RENEWABLE,Group 3: Renewable energy sources,RDD,"Research, development and demonstration",USD_R,USD (constant prices and exchange rates),2013,,150.227,,I,Imputed Value,F,Non-confidential,6,Millions,3,
DATAFLOW,OECD.IEA:RDDPUBLIC(1.0),Public energy technology RD&D budgets,I,ITALY,Italy,A,Annual,PUBLIC,Total public,RENEWABLE,Group 3: Renewable energy sources,RDD,"Research, development and demonstration",USD_R,USD (constant prices and exchange rates),2014,,118.627,,I,Imputed Value,F,Non-confidential,6,Millions,3,
DATAFLOW,OECD.IEA:RDDPUBLIC(1.0),Public energy technology RD&D budgets,I,ITALY,Italy,A,Annual,PUBLIC,Total public,RENEWABLE,Group 3: Renewable energy sources,RDD,"Research, development and demonstration",USD_R,USD (constant prices and exchange rates),2015,,101.143,,I,Imputed Value,F,Non-confidential,6,Millions,3,
DATAFLOW,OECD.IEA:RDDPUBLIC(1.0),Public energy technology RD&D budgets,I,ITALY,Italy,A,Annual,PUBLIC,Total public,RENEWABLE,Group 3: Renewable energy sources,RDD,"Research, development and demonstration",USD_R,USD (constant prices and exchange rates),2016,,106.338,,I,Imputed Value,F,Non-confidential,6,Millions,3,
DATAFLOW,OECD.IEA:RDDPUBLIC(1.0),Public energy technology RD&D budgets,I,ITALY,Italy,A,Annual,PUBLIC,Total public,RENEWABLE,Group 3: Renewable energy sources,RDD,"Research, development and demonstration",USD_R,USD (constant prices and exchange rates),2017,,107.52,,I,Imputed Value,F,Non-confidential,6,Millions,3,
DATAFLOW,OECD.IEA:RDDPUBLIC(1.0),Public energy technology RD&D budgets,I,ITALY,Italy,A,Annual,PUBLIC,Total public,RENEWABLE,Group 3: Renewable energy sources,RDD,"Research, development and demonstration",USD_R,USD (constant prices and exchange rates),2018,,111.248,,I,Imputed Value,F,Non-confidential,6,Millions,3,
DATAFLOW,OECD.IEA:RDDPUBLIC(1.0),Public energy technology RD&D budgets,I,ITALY,Italy,A,Annual,PUBLIC,Total public,RENEWABLE,Group 3: Renewable energy sources,RDD,"Research, development and demonstration",USD_R,USD (constant prices and exchange rates),2019,,125.228,,I,Imputed Value,F,Non-confidential,6,Millions,3,
DATAFLOW,OECD.IEA:RDDPUBLIC(1.0),Public energy technology RD&D budgets,I,ITALY,Italy,A,Annual,PUBLIC,Total public,RENEWABLE,Group 3: Renewable energy sources,RDD,"Research, development and demonstration",USD_R,USD (constant prices and exchange rates),2020,,121.608,,I,Imputed Value,F,Non-confidential,6,Millions,3,
DATAFLOW,OECD.IEA:RDDPUBLIC(1.0),Public energy technology RD&D budgets,I,ITALY,Italy,A,Annual,PUBLIC,Total public,RENEWABLE,Group 3: Renewable energy sources,RDD,"Research, development and demonstration",USD_R,USD (constant prices and exchange rates),2021,,127.125,,I,Imputed Value,F,Non-confidential,6,Millions,3,
DATAFLOW,OECD.IEA:RDDPUBLIC(1.0),Public energy technology RD&D budgets,I,ITALY,Italy,A,Annual,PUBLIC,Total public,RENEWABLE,Group 3: Renewable energy sources,RDD,"Research, development and demonstration",USD_R,USD (constant prices and exchange rates),2022,,110.288,,I,Imputed Value,F,Non-confidential,6,Millions,3,
DATAFLOW,OECD.IEA:RDDPUBLIC(1.0),Public energy technology RD&D budgets,I,BELGIUM,Belgium,A,Annual,PUBLIC,Total public,TOTAL,Total,RDD,"Research, development and demonstration",USD_R,USD (constant prices and exchange rates),2007,,147.33,,I,Imputed Value,F,Non-confidential,6,Millions,3,
DATAFLOW,OECD.IEA:RDDPUBLIC(1.0),Public energy technology RD&D budgets,I,BELGIUM,Belgium,A,Annual,PUBLIC,Total public,TOTAL,Total,RDD,"Research, development and demonstration",USD_R,USD (constant prices and exchange rates),2010,,83.865,,I,Imputed Value,F,Non-confidential,6,Millions,3,
DATAFLOW,OECD.IEA:RDDPUBLIC(1.0),Public energy technology RD&D budgets,I,BELGIUM,Belgium,A,Annual,PUBLIC,Total public,TOTAL,Total,RDD,"Research, development and demonstration",USD_R,USD (constant prices and exchange rates),2011,,220.72,,I,Imputed Value,F,Non-confidential,6,Millions,3,
DATAFLOW,OECD.IEA:RDDPUBLIC(1.0),Public energy technology RD&D budgets,I,BELGIUM,Belgium,A,Annual,PUBLIC,Total public,TOTAL,Total,RDD,"Research, development and demonstration",USD_R,USD (constant prices and exchange rates),2012,,301.544,,I,Imputed Value,F,Non-confidential,6,Millions,3,
DATAFLOW,OECD.IEA:RDDPUBLIC(1.0),Public energy technology RD&D budgets,I,BELGIUM,Belgium,A,Annual,PUBLIC,Total public,TOTAL,Total,RDD,"Research, development and demonstration",USD_R,USD (constant prices and exchange rates),2013,,274.889,,I,Imputed Value,F,Non-confidential,6,Millions,3,
DATAFLOW,OECD.IEA:RDDPUBLIC(1.0),Public energy technology RD&D budgets,I,BELGIUM,Belgium,A,Annual,PUBLIC,Total public,TOTAL,Total,RDD,"Research, development and demonstration",USD_R,USD (constant prices and exchange rates),2014,,233.468,,I,Imputed Value,F,Non-confidential,6,Millions,3,
DATAFLOW,OECD.IEA:RDDPUBLIC(1.0),Public energy technology RD&D budgets,I,BELGIUM,Belgium,A,Annual,PUBLIC,Total public,TOTAL,Total,RDD,"Research, development and demonstration",USD_R,USD (constant prices and exchange rates),2015,,223.205,,I,Imputed Value,F,Non-confidential,6,Millions,3,
DATAFLOW,OECD.IEA:RDDPUBLIC(1.0),Public energy technology RD&D budgets,I,BELGIUM,Belgium,A,Annual,PUBLIC,Total public,TOTAL,Total,RDD,"Research, development and demonstration",USD_R,USD (constant prices and exchange rates),2016,,229.448,,I,Imputed Value,F,Non-confidential,6,Millions,3,
DATAFLOW,OECD.IEA:RDDPUBLIC(1.0),Public energy technology RD&D budgets,I,BELGIUM,Belgium,A,Annual,PUBLIC,Total public,TOTAL,Total,RDD,"Research, development and demonstration",USD_R,USD (constant prices and exchange rates),2017,,213.456,,I,Imputed Value,F,Non-confidential,6,Millions,3,
DATAFLOW,OECD.IEA:RDDPUBLIC(1.0),Public energy technology RD&D budgets,I,BELGIUM,Belgium,A,Annual,PUBLIC,Total public,TOTAL,Total,RDD,"Research, development and demonstration",USD_R,USD (constant prices and exchange rates),2018,,226.485,,I,Imputed Value,F,Non-confidential,6,Millions,3,
DATAFLOW,OECD.IEA:RDDPUBLIC(1.0),Public energy technology RD&D budgets,I,BELGIUM,Belgium,A,Annual,PUBLIC,Total public,TOTAL,Total,RDD,"Research, development and demonstration",USD_R,USD (constant prices and exchange rates),2019,,304.61,,I,Imputed Value,F,Non-confidential,6,Millions,3,
DATAFLOW,OECD.IEA:RDDPUBLIC(1.0),Public energy technology RD&D budgets,I,BELGIUM,Belgium,A,Annual,PUBLIC,Total public,TOTAL,Total,RDD,"Research, development and demonstration",USD_R,USD (constant prices and exchange rates),2020,,368.942,,I,Imputed Value,F,Non-confidential,6,Millions,3,
DATAFLOW,OECD.IEA:RDDPUBLIC(1.0),Public energy technology RD&D budgets,I,BELGIUM,Belgium,A,Annual,PUBLIC,Total public,TOTAL,Total,RDD,"Research, development and demonstration",USD_R,USD (constant prices and exchange rates),2021,,221.14,,I,Imputed Value,F,Non-confidential,6,Millions,3,
DATAFLOW,OECD.IEA:RDDPUBLIC(1.0),Public energy technology RD&D budgets,I,BELGIUM,Belgium,A,Annual,PUBLIC,Total public,TOTAL,Total,RDD,"Research, development and demonstration",USD_R,USD (constant prices and exchange rates),2022,,403.68,,I,Imputed Value,F,Non-confidential,6,Millions,3,
DATAFLOW,OECD.IEA:RDDPUBLIC(1.0),Public energy technology RD&D budgets,I,BELGIUM,Belgium,A,Annual,PUBLIC,Total public,TOTAL,Total,RDD,"Research, development and demonstration",USD_R,USD (constant prices and exchange rates),2023,,527.649,,I,Imputed Value,F,Non-confidential,6,Millions,3,
DATAFLOW,OECD.IEA:RDDPUBLIC(1.0),Public energy technology RD&D budgets,I,BELGIUM,Belgium,A,Annual,PUBLIC,Total public,TOTAL,Total,RDD,"Research, development and demonstration",USD_R,USD (constant prices and exchange rates),2024,,549.014,,P,Provisional Value,F,Non-confidential,6,Millions,3,
DATAFLOW,OECD.IEA:RDDPUBLIC(1.0),Public energy technology RD&D budgets,I,IEAAO,IEA Asia Oceania,A,Annual,PUBLIC,Total public,TOTAL,Total,RDD,"Research, development and demonstration",USD_R,USD (constant prices and exchange rates),2000,,3157.197,,I,Imputed Value,F,Non-confidential,6,Millions,3,
DATAFLOW,OECD.IEA:RDDPUBLIC(1.0),Public energy technology RD&D budgets,I,IEAAO,IEA Asia Oceania,A,Annual,PUBLIC,Total public,TOTAL,Total,RDD,"Research, development and demonstration",USD_R,USD (constant prices and exchange rates),2001,,3186.706,,I,Imputed Value,F,Non-confidential,6,Millions,3,
DATAFLOW,OECD.IEA:RDDPUBLIC(1.0),Public energy technology RD&D budgets,I,IEAAO,IEA Asia Oceania,A,Annual,PUBLIC,Total public,TOTAL,Total,RDD,"Research, development and demonstration",USD_R,USD (constant prices and exchange rates),2002,,3784.019,,I,Imputed Value,F,Non-confidential,6,Millions,3,
DATAFLOW,OECD.IEA:RDDPUBLIC(1.0),Public energy technology RD&D budgets,I,IEAAO,IEA Asia Oceania,A,Annual,PUBLIC,Total public,TOTAL,Total,RDD,"Research, development and demonstration",USD_R,USD (constant prices and exchange rates),2003,,3575.576,,I,Imputed Value,F,Non-confidential,6,Millions,3,
DATAFLOW,OECD.IEA:RDDPUBLIC(1.0),Public energy technology RD&D budgets,I,IEAAO,IEA Asia Oceania,A,Annual,PUBLIC,Total public,TOTAL,Total,RDD,"Research, development and demonstration",USD_R,USD (constant prices and exchange rates),2004,,3722.009,,I,Imputed Value,F,Non-confidential,6,Millions,3,
DATAFLOW,OECD.IEA:RDDPUBLIC(1.0),Public energy technology RD&D budgets,I,IEAAO,IEA Asia Oceania,A,Annual,PUBLIC,Total public,TOTAL,Total,RDD,"Research, development and demonstration",USD_R,USD (constant prices and exchange rates),2005,,3584.393,,I,Imputed Value,F,Non-confidential,6,Millions,3,
DATAFLOW,OECD.IEA:RDDPUBLIC(1.0),Public energy technology RD&D budgets,I,IEAAO,IEA Asia Oceania,A,Annual,PUBLIC,Total public,TOTAL,Total,RDD,"Research, development and demonstration",USD_R,USD (constant prices and exchange rates),2006,,3731.168,,I,Imputed Value,F,Non-confidential,6,Millions,3,
DATAFLOW,OECD.IEA:RDDPUBLIC(1.0),Public energy technology RD&D budgets,I,IEAAO,IEA Asia Oceania,A,Annual,PUBLIC,Total public,TOTAL,Total,RDD,"Research, development and demonstration",USD_R,USD (constant prices and exchange rates),2007,,3754.167,,I,Imputed Value,F,Non-confidential,6,Millions,3,
DATAFLOW,OECD.IEA:RDDPUBLIC(1.0),Public energy technology RD&D budgets,I,IEAAO,IEA Asia Oceania,A,Annual,PUBLIC,Total public,TOTAL,Total,RDD,"Research, development and demonstration",USD_R,USD (constant prices and exchange rates),2008,,3670.328,,I,Imputed Value,F,Non-confidential,6,Millions,3,
DATAFLOW,OECD.IEA:RDDPUBLIC(1.0),Public energy technology RD&D budgets,I,IEAAO,IEA Asia Oceania,A,Annual,PUBLIC,Total public,TOTAL,Total,RDD,"Research, development and demonstration",USD_R,USD (constant prices and exchange rates),2009,,3676.981,,I,Imputed Value,F,Non-confidential,6,Millions,3,
DATAFLOW,OECD.IEA:RDDPUBLIC(1.0),Public energy technology RD&D budgets,I,IEAAO,IEA Asia Oceania,A,Annual,PUBLIC,Total public,TOTAL,Total,RDD,"Research, development and demonstration",USD_R,USD (constant prices and exchange rates),2010,,3644.809,,I,Imputed Value,F,Non-confidential,6,Millions,3,
DATAFLOW,OECD.IEA:RDDPUBLIC(1.0),Public energy technology RD&D budgets,I,IEAAO,IEA Asia Oceania,A,Annual,PUBLIC,Total public,TOTAL,Total,RDD,"Research, development and demonstration",USD_R,USD (constant prices and exchange rates),2011,,3892.554,,I,Imputed Value,F,Non-confidential,6,Millions,3,
DATAFLOW,OECD.IEA:RDDPUBLIC(1.0),Public energy technology RD&D budgets,I,IEAAO,IEA Asia Oceania,A,Annual,PUBLIC,Total public,TOTAL,Total,RDD,"Research, development and demonstration",USD_R,USD (constant prices and exchange rates),2012,,4231.263,,I,Imputed Value,F,Non-confidential,6,Millions,3,
DATAFLOW,OECD.IEA:RDDPUBLIC(1.0),Public energy technology RD&D budgets,I,IEAAO,IEA Asia Oceania,A,Annual,PUBLIC,Total public,TOTAL,Total,RDD,"Research, development and demonstration",USD_R,USD (constant prices and exchange rates),2013,,3746.513,,I,Imputed Value,F,Non-confidential,6,Millions,3,
DATAFLOW,OECD.IEA:RDDPUBLIC(1.0),Public energy technology RD&D budgets,I,IEAAO,IEA Asia Oceania,A,Annual,PUBLIC,Total public,TOTAL,Total,RDD,"Research, development and demonstration",USD_R,USD (constant prices and exchange rates),2014,,3452.073,,I,Imputed Value,F,Non-confidential,6,Millions,3,
DATAFLOW,OECD.IEA:RDDPUBLIC(1.0),Public energy technology RD&D budgets,I,IEAAO,IEA Asia Oceania,A,Annual,PUBLIC,Total public,TOTAL,Total,RDD,"Research, development and demonstration",USD_R,USD (constant prices and exchange rates),2015,,2993.086,,I,Imputed Value,F,Non-confidential,6,Millions,3,
DATAFLOW,OECD.IEA:RDDPUBLIC(1.0),Public energy technology RD&D budgets,I,IEAAO,IEA Asia Oceania,A,Annual,PUBLIC,Total public,TOTAL,Total,RDD,"Research, development and demonstration",USD_R,USD (constant prices and exchange rates),2016,,2717.342,,I,Imputed Value,F,Non-confidential,6,Millions,3,
DATAFLOW,OECD.IEA:RDDPUBLIC(1.0),Public energy technology RD&D budgets,I,IEAAO,IEA Asia Oceania,A,Annual,PUBLIC,Total public,TOTAL,Total,RDD,"Research, development and demonstration",USD_R,USD (constant prices and exchange rates),2017,,2652.768,,I,Imputed Value,F,Non-confidential,6,Millions,3,
DATAFLOW,OECD.IEA:RDDPUBLIC(1.0),Public energy technology RD&D budgets,I,IEAAO,IEA Asia Oceania,A,Annual,PUBLIC,Total public,TOTAL,Total,RDD,"Research, development and demonstration",USD_R,USD (constant prices and exchange rates),2018,,3051.13,,I,Imputed Value,F,Non-confidential,6,Millions,3,
DATAFLOW,OECD.IEA:RDDPUBLIC(1.0),Public energy technology RD&D budgets,I,IEAAO,IEA Asia Oceania,A,Annual,PUBLIC,Total public,TOTAL,Total,RDD,"Research, development and demonstration",USD_R,USD (constant prices and exchange rates),2019,,3057.618,,I,Imputed Value,F,Non-confidential,6,Millions,3,
DATAFLOW,OECD.IEA:RDDPUBLIC(1.0),Public energy technology RD&D budgets,I,IEAAO,IEA Asia Oceania,A,Annual,PUBLIC,Total public,TOTAL,Total,RDD,"Research, development and demonstration",USD_R,USD (constant prices and exchange rates),2020,,3050.867,,I,Imputed Value,F,Non-confidential,6,Millions,3,
DATAFLOW,OECD.IEA:RDDPUBLIC(1.0),Public energy technology RD&D budgets,I,IEAAO,IEA Asia Oceania,A,Annual,PUBLIC,Total public,TOTAL,Total,RDD,"Research, development and demonstration",USD_R,USD (constant prices and exchange rates),2021,,3205.444,,I,Imputed Value,F,Non-confidential,6,Millions,3,
DATAFLOW,OECD.IEA:RDDPUBLIC(1.0),Public energy technology RD&D budgets,I,IEAAO,IEA Asia Oceania,A,Annual,PUBLIC,Total public,TOTAL,Total,RDD,"Research, development and demonstration",USD_R,USD (constant prices and exchange rates),2022,,3288.629,,I,Imputed Value,F,Non-confidential,6,Millions,3,
DATAFLOW,OECD.IEA:RDDPUBLIC(1.0),Public energy technology RD&D budgets,I,IEAAO,IEA Asia Oceania,A,Annual,PUBLIC,Total public,TOTAL,Total,RDD,"Research, development and demonstration",USD_R,USD (constant prices and exchange rates),2023,,3261.953,,I,Imputed Value,F,Non-confidential,6,Millions,3,
DATAFLOW,OECD.IEA:RDDPUBLIC(1.0),Public energy technology RD&D budgets,I,IEAAO,IEA Asia Oceania,A,Annual,PUBLIC,Total public,TOTAL,Total,RDD,"Research, development and demonstration",USD_R,USD (constant prices and exchange rates),2024,,3451.96,,I,Imputed Value,F,Non-confidential,6,Millions,3,
DATAFLOW,OECD.IEA:RDDPUBLIC(1.0),Public energy technology RD&D budgets,I,CHILE,Chile,A,Annual,PUBLIC,Total public,TOTAL,Total,RDD,"Research, development and demonstration",USD_R,USD (constant prices and exchange rates),2014,,10.798,,I,Imputed Value,F,Non-confidential,6,Millions,3,
DATAFLOW,OECD.IEA:RDDPUBLIC(1.0),Public energy technology RD&D budgets,I,CHILE,Chile,A,Annual,PUBLIC,Total public,TOTAL,Total,RDD,"Research, development and demonstration",USD_R,USD (constant prices and exchange rates),2015,,7.029,,I,Imputed Value,F,Non-confidential,6,Millions,3,
DATAFLOW,OECD.IEA:RDDPUBLIC(1.0),Public energy technology RD&D budgets,I,CHILE,Chile,A,Annual,PUBLIC,Total public,TOTAL,Total,RDD,"Research, development and demonstration",USD_R,USD (constant prices and exchange rates),2016,,5.742,,I,Imputed Value,F,Non-confidential,6,Millions,3,
DATAFLOW,OECD.IEA:RDDPUBLIC(1.0),Public energy technology RD&D budgets,I,CHILE,Chile,A,Annual,PUBLIC,Total public,TOTAL,Total,RDD,"Research, development and demonstration",USD_R,USD (constant prices and exchange rates),2017,,7.829,,I,Imputed Value,F,Non-confidential,6,Millions,3,
DATAFLOW,OECD.IEA:RDDPUBLIC(1.0),Public energy technology RD&D budgets,I,CHILE,Chile,A,Annual,PUBLIC,Total public,TOTAL,Total,RDD,"Research, development and demonstration",USD_R,USD (constant prices and exchange rates),2018,,8.089,,I,Imputed Value,F,Non-confidential,6,Millions,3,
DATAFLOW,OECD.IEA:RDDPUBLIC(1.0),Public energy technology RD&D budgets,I,CHILE,Chile,A,Annual,PUBLIC,Total public,TOTAL,Total,RDD,"Research, development and demonstration",USD_R,USD (constant prices and exchange rates),2019,,8.376,,I,Imputed Value,F,Non-confidential,6,Millions,3,
DATAFLOW,OECD.IEA:RDDPUBLIC(1.0),Public energy technology RD&D budgets,I,CHILE,Chile,A,Annual,PUBLIC,Total public,TOTAL,Total,RDD,"Research, development and demonstration",USD_R,USD (constant prices and exchange rates),2020,,3.345,,I,Imputed Value,F,Non-confidential,6,Millions,3,
DATAFLOW,OECD.IEA:RDDPUBLIC(1.0),Public energy technology RD&D budgets,I,CHILE,Chile,A,Annual,PUBLIC,Total public,TOTAL,Total,RDD,"Research, development and demonstration",USD_R,USD (constant prices and exchange rates),2021,,2.473,,I,Imputed Value,F,Non-confidential,6,Millions,3,
DATAFLOW,OECD.IEA:RDDPUBLIC(1.0),Public energy technology RD&D budgets,I,CHILE,Chile,A,Annual,PUBLIC,Total public,TOTAL,Total,RDD,"Research, development and demonstration",USD_R,USD (constant prices and exchange rates),2022,,2.994,,I,Imputed Value,F,Non-confidential,6,Millions,3,
DATAFLOW,OECD.IEA:RDDPUBLIC(1.0),Public energy technology RD&D budgets,I,CHILE,Chile,A,Annual,PUBLIC,Total public,TOTAL,Total,RDD,"Research, development and demonstration",USD_R,USD (constant prices and exchange rates),2023,,9.121,,I,Imputed Value,F,Non-confidential,6,Millions,3,
DATAFLOW,OECD.IEA:RDDPUBLIC(1.0),Public energy technology RD&D budgets,I,FINLAND,Finland,A,Annual,PUBLIC,Total public,RENEWABLE,Group 3: Renewable energy sources,RDD,"Research, development and demonstration",USD_R,USD (constant prices and exchange rates),2000,,14.666,,I,Imputed Value,F,Non-confidential,6,Millions,3,
DATAFLOW,OECD.IEA:RDDPUBLIC(1.0),Public energy technology RD&D budgets,I,FINLAND,Finland,A,Annual,PUBLIC,Total public,RENEWABLE,Group 3: Renewable energy sources,RDD,"Research, development and demonstration",USD_R,USD (constant prices and exchange rates),2001,,13.569,,I,Imputed Value,F,Non-confidential,6,Millions,3,
DATAFLOW,OECD.IEA:RDDPUBLIC(1.0),Public energy technology RD&D budgets,I,FINLAND,Finland,A,Annual,PUBLIC,Total public,RENEWABLE,Group 3: Renewable energy sources,RDD,"Research, development and demonstration",USD_R,USD (constant prices and exchange rates),2002,,15.996,,I,Imputed Value,F,Non-confidential,6,Millions,3,
DATAFLOW,OECD.IEA:RDDPUBLIC(1.0),Public energy technology RD&D budgets,I,FINLAND,Finland,A,Annual,PUBLIC,Total public,RENEWABLE,Group 3: Renewable energy sources,RDD,"Research, development and demonstration",USD_R,USD (constant prices and exchange rates),2003,,31.417,,I,Imputed Value,F,Non-confidential,6,Millions,3,
DATAFLOW,OECD.IEA:RDDPUBLIC(1.0),Public energy technology RD&D budgets,I,FINLAND,Finland,A,Annual,PUBLIC,Total public,RENEWABLE,Group 3: Renewable energy sources,RDD,"Research, development and demonstration",USD_R,USD (constant prices and exchange rates),2004,,28.661,,I,Imputed Value,F,Non-confidential,6,Millions,3,
DATAFLOW,OECD.IEA:RDDPUBLIC(1.0),Public energy technology RD&D budgets,I,FINLAND,Finland,A,Annual,PUBLIC,Total public,RENEWABLE,Group 3: Renewable energy sources,RDD,"Research, development and demonstration",USD_R,USD (constant prices and exchange rates),2005,,19.618,,I,Imputed Value,F,Non-confidential,6,Millions,3,
DATAFLOW,OECD.IEA:RDDPUBLIC(1.0),Public energy technology RD&D budgets,I,FINLAND,Finland,A,Annual,PUBLIC,Total public,RENEWABLE,Group 3: Renewable energy sources,RDD,"Research, development and demonstration",USD_R,USD (constant prices and exchange rates),2006,,49.36,,I,Imputed Value,F,Non-confidential,6,Millions,3,
DATAFLOW,OECD.IEA:RDDPUBLIC(1.0),Public energy technology RD&D budgets,I,FINLAND,Finland,A,Annual,PUBLIC,Total public,RENEWABLE,Group 3: Renewable energy sources,RDD,"Research, development and demonstration",USD_R,USD (constant prices and exchange rates),2007,,51.725,,I,Imputed Value,F,Non-confidential,6,Millions,3,
DATAFLOW,OECD.IEA:RDDPUBLIC(1.0),Public energy technology RD&D budgets,I,FINLAND,Finland,A,Annual,PUBLIC,Total public,RENEWABLE,Group 3: Renewable energy sources,RDD,"Research, development and demonstration",USD_R,USD (constant prices and exchange rates),2008,,52.882,,I,Imputed Value,F,Non-confidential,6,Millions,3,
DATAFLOW,OECD.IEA:RDDPUBLIC(1.0),Public energy technology RD&D budgets,I,FINLAND,Finland,A,Annual,PUBLIC,Total public,RENEWABLE,Group 3: Renewable energy sources,RDD,"Research, development and demonstration",USD_R,USD (constant prices and exchange rates),2009,,64.637,,I,Imputed Value,F,Non-confidential,6,Millions,3,
DATAFLOW,OECD.IEA:RDDPUBLIC(1.0),Public energy technology RD&D budgets,I,FINLAND,Finland,A,Annual,PUBLIC,Total public,RENEWABLE,Group 3: Renewable energy sources,RDD,"Research, development and demonstration",USD_R,USD (constant prices and exchange rates),2010,,60.786,,I,Imputed Value,F,Non-confidential,6,Millions,3,
DATAFLOW,OECD.IEA:RDDPUBLIC(1.0),Public energy technology RD&D budgets,I,FINLAND,Finland,A,Annual,PUBLIC,Total public,RENEWABLE,Group 3: Renewable energy sources,RDD,"Research, development and demonstration",USD_R,USD (constant prices and exchange rates),2011,,82.884,,I,Imputed Value,F,Non-confidential,6,Millions,3,
DATAFLOW,OECD.IEA:RDDPUBLIC(1.0),Public energy technology RD&D budgets,I,FINLAND,Finland,A,Annual,PUBLIC,Total public,RENEWABLE,Group 3: Renewable energy sources,RDD,"Research, development and demonstration",USD_R,USD (constant prices and exchange rates),2012,,52.337,,I,Imputed Value,F,Non-confidential,6,Millions,3,
DATAFLOW,OECD.IEA:RDDPUBLIC(1.0),Public energy technology RD&D budgets,I,FINLAND,Finland,A,Annual,PUBLIC,Total public,RENEWABLE,Group 3: Renewable energy sources,RDD,"Research, development and demonstration",USD_R,USD (constant prices and exchange rates),2013,,68.532,,I,Imputed Value,F,Non-confidential,6,Millions,3,
DATAFLOW,OECD.IEA:RDDPUBLIC(1.0),Public energy technology RD&D budgets,I,FINLAND,Finland,A,Annual,PUBLIC,Total public,RENEWABLE,Group 3: Renewable energy sources,RDD,"Research, development and demonstration",USD_R,USD (constant prices and exchange rates),2014,,43.575,,I,Imputed Value,F,Non-confidential,6,Millions,3,
DATAFLOW,OECD.IEA:RDDPUBLIC(1.0),Public energy technology RD&D budgets,I,FINLAND,Finland,A,Annual,PUBLIC,Total public,RENEWABLE,Group 3: Renewable energy sources,RDD,"Research, development and demonstration",USD_R,USD (constant prices and exchange rates),2015,,49.271,,I,Imputed Value,F,Non-confidential,6,Millions,3,
DATAFLOW,OECD.IEA:RDDPUBLIC(1.0),Public energy technology RD&D budgets,I,FINLAND,Finland,A,Annual,PUBLIC,Total public,RENEWABLE,Group 3: Renewable energy sources,RDD,"Research, development and demonstration",USD_R,USD (constant prices and exchange rates),2016,,44.146,,I,Imputed Value,F,Non-confidential,6,Millions,3,
DATAFLOW,OECD.IEA:RDDPUBLIC(1.0),Public energy technology RD&D budgets,I,FINLAND,Finland,A,Annual,PUBLIC,Total public,RENEWABLE,Group 3: Renewable energy sources,RDD,"Research, development and demonstration",USD_R,USD (constant prices and exchange rates),2017,,49.852,,I,Imputed Value,F,Non-confidential,6,Millions,3,
DATAFLOW,OECD.IEA:RDDPUBLIC(1.0),Public energy technology RD&D budgets,I,FINLAND,Finland,A,Annual,PUBLIC,Total public,RENEWABLE,Group 3: Renewable energy sources,RDD,"Research, development and demonstration",USD_R,USD (constant prices and exchange rates),2018,,52.969,,I,Imputed Value,F,Non-confidential,6,Millions,3,
DATAFLOW,OECD.IEA:RDDPUBLIC(1.0),Public energy technology RD&D budgets,I,FINLAND,Finland,A,Annual,PUBLIC,Total public,RENEWABLE,Group 3: Renewable energy sources,RDD,"Research, development and demonstration",USD_R,USD (constant prices and exchange rates),2019,,27.066,,I,Imputed Value,F,Non-confidential,6,Millions,3,
DATAFLOW,OECD.IEA:RDDPUBLIC(1.0),Public energy technology RD&D budgets,I,FINLAND,Finland,A,Annual,PUBLIC,Total public,RENEWABLE,Group 3: Renewable energy sources,RDD,"Research, development and demonstration",USD_R,USD (constant prices and exchange rates),2020,,23.304,,I,Imputed Value,F,Non-confidential,6,Millions,3,
DATAFLOW,OECD.IEA:RDDPUBLIC(1.0),Public energy technology RD&D budgets,I,FINLAND,Finland,A,Annual,PUBLIC,Total public,RENEWABLE,Group 3: Renewable energy sources,RDD,"Research, development and demonstration",USD_R,USD (constant prices and exchange rates),2021,,27.841,,I,Imputed Value,F,Non-confidential,6,Millions,3,
DATAFLOW,OECD.IEA:RDDPUBLIC(1.0),Public energy technology RD&D budgets,I,FINLAND,Finland,A,Annual,PUBLIC,Total public,RENEWABLE,Group 3: Renewable energy sources,RDD,"Research, development and demonstration",USD_R,USD (constant prices and exchange rates),2022,,16.545,,I,Imputed Value,F,Non-confidential,6,Millions,3,
DATAFLOW,OECD.IEA:RDDPUBLIC(1.0),Public energy technology RD&D budgets,I,FINLAND,Finland,A,Annual,PUBLIC,Total public,RENEWABLE,Group 3: Renewable energy sources,RDD,"Research, development and demonstration",USD_R,USD (constant prices and exchange rates),2023,,14.213,,I,Imputed Value,F,Non-confidential,6,Millions,3,
DATAFLOW,OECD.IEA:RDDPUBLIC(1.0),Public energy technology RD&D budgets,I,SWITZERLAND,Switzerland,A,Annual,PUBLIC,Total public,TOTAL,Total,RDD,"Research, development and demonstration",USD_R,USD (constant prices and exchange rates),2000,,216.5,,I,Imputed Value,F,Non-confidential,6,Millions,3,
DATAFLOW,OECD.IEA:RDDPUBLIC(1.0),Public energy technology RD&D budgets,I,SWITZERLAND,Switzerland,A,Annual,PUBLIC,Total public,TOTAL,Total,RDD,"Research, development and demonstration",USD_R,USD (constant prices and exchange rates),2001,,222.137,,I,Imputed Value,F,Non-confidential,6,Millions,3,
DATAFLOW,OECD.IEA:RDDPUBLIC(1.0),Public energy technology RD&D budgets,I,SWITZERLAND,Switzerland,A,Annual,PUBLIC,Total public,TOTAL,Total,RDD,"Research, development and demonstration",USD_R,USD (constant prices and exchange rates),2002,,231.219,,I,Imputed Value,F,Non-confidential,6,Millions,3,
DATAFLOW,OECD.IEA:RDDPUBLIC(1.0),Public energy technology RD&D budgets,I,SWITZERLAND,Switzerland,A,Annual,PUBLIC,Total public,TOTAL,Total,RDD,"Research, development and demonstration",USD_R,USD (constant prices and exchange rates),2003,,234.142,,I,Imputed Value,F,Non-confidential,6,Millions,3,
DATAFLOW,OECD.IEA:RDDPUBLIC(1.0),Public energy technology RD&D budgets,I,SWITZERLAND,Switzerland,A,Annual,PUBLIC,Total public,TOTAL,Total,RDD,"Research, development and demonstration",USD_R,USD (constant prices and exchange rates),2004,,204.652,,I,Imputed Value,F,Non-confidential,6,Millions,3,
DATAFLOW,OECD.IEA:RDDPUBLIC(1.0),Public energy technology RD&D budgets,I,SWITZERLAND,Switzerland,A,Annual,PUBLIC,Total public,TOTAL,Total,RDD,"Research, development and demonstration",USD_R,USD (constant prices and exchange rates),2005,,196.156,,I,Imputed Value,F,Non-confidential,6,Millions,3,
DATAFLOW,OECD.IEA:RDDPUBLIC(1.0),Public energy technology RD&D budgets,I,SWITZERLAND,Switzerland,A,Annual,PUBLIC,Total public,TOTAL,Total,RDD,"Research, development and demonstration",USD_R,USD (constant prices and exchange rates),2006,,205.396,,I,Imputed Value,F,Non-confidential,6,Millions,3,
DATAFLOW,OECD.IEA:RDDPUBLIC(1.0),Public energy technology RD&D budgets,I,SWITZERLAND,Switzerland,A,Annual,PUBLIC,Total public,TOTAL,Total,RDD,"Research, development and demonstration",USD_R,USD (constant prices and exchange rates),2007,,209.628,,I,Imputed Value,F,Non-confidential,6,Millions,3,
DATAFLOW,OECD.IEA:RDDPUBLIC(1.0),Public energy technology RD&D budgets,I,SWITZERLAND,Switzerland,A,Annual,PUBLIC,Total public,TOTAL,Total,RDD,"Research, development and demonstration",USD_R,USD (constant prices and exchange rates),2008,,237.509,,I,Imputed Value,F,Non-confidential,6,Millions,3,
DATAFLOW,OECD.IEA:RDDPUBLIC(1.0),Public energy technology RD&D budgets,I,SWITZERLAND,Switzerland,A,Annual,PUBLIC,Total public,TOTAL,Total,RDD,"Research, development and demonstration",USD_R,USD (constant prices and exchange rates),2009,,252.102,,I,Imputed Value,F,Non-confidential,6,Millions,3,
DATAFLOW,OECD.IEA:RDDPUBLIC(1.0),Public energy technology RD&D budgets,I,SWITZERLAND,Switzerland,A,Annual,PUBLIC,Total public,TOTAL,Total,RDD,"Research, development and demonstration",USD_R,USD (constant prices and exchange rates),2010,,232.562,,I,Imputed Value,F,Non-confidential,6,Millions,3,
DATAFLOW,OECD.IEA:RDDPUBLIC(1.0),Public energy technology RD&D budgets,I,SWITZERLAND,Switzerland,A,Annual,PUBLIC,Total public,TOTAL,Total,RDD,"Research, development and demonstration",USD_R,USD (constant prices and exchange rates),2011,,275.54,,I,Imputed Value,F,Non-confidential,6,Millions,3,
DATAFLOW,OECD.IEA:RDDPUBLIC(1.0),Public energy technology RD&D budgets,I,SWITZERLAND,Switzerland,A,Annual,PUBLIC,Total public,TOTAL,Total,RDD,"Research, development and demonstration",USD_R,USD (constant prices and exchange rates),2012,,288.128,,I,Imputed Value,F,Non-confidential,6,Millions,3,
DATAFLOW,OECD.IEA:RDDPUBLIC(1.0),Public energy technology RD&D budgets,I,SWITZERLAND,Switzerland,A,Annual,PUBLIC,Total public,TOTAL,Total,RDD,"Research, development and demonstration",USD_R,USD (constant prices and exchange rates),2013,,294.449,,I,Imputed Value,F,Non-confidential,6,Millions,3,
DATAFLOW,OECD.IEA:RDDPUBLIC(1.0),Public energy technology RD&D budgets,I,SWITZERLAND,Switzerland,A,Annual,PUBLIC,Total public,TOTAL,Total,RDD,"Research, development and demonstration",USD_R,USD (constant prices and exchange rates),2014,,362.559,,I,Imputed Value,F,Non-confidential,6,Millions,3,
DATAFLOW,OECD.IEA:RDDPUBLIC(1.0),Public energy technology RD&D budgets,I,SWITZERLAND,Switzerland,A,Annual,PUBLIC,Total public,TOTAL,Total,RDD,"Research, development and demonstration",USD_R,USD (constant prices and exchange rates),2015,,412.658,,I,Imputed Value,F,Non-confidential,6,Millions,3,
DATAFLOW,OECD.IEA:RDDPUBLIC(1.0),Public energy technology RD&D budgets,I,SWITZERLAND,Switzerland,A,Annual,PUBLIC,Total public,TOTAL,Total,RDD,"Research, development and demonstration",USD_R,USD (constant prices and exchange rates),2016,,477.339,,I,Imputed Value,F,Non-confidential,6,Millions,3,
DATAFLOW,OECD.IEA:RDDPUBLIC(1.0),Public energy technology RD&D budgets,I,SWITZERLAND,Switzerland,A,Annual,PUBLIC,Total public,TOTAL,Total,RDD,"Research, development and demonstration",USD_R,USD (constant prices and exchange rates),2017,,489.302,,I,Imputed Value,F,Non-confidential,6,Millions,3,
DATAFLOW,OECD.IEA:RDDPUBLIC(1.0),Public energy technology RD&D budgets,I,SWITZERLAND,Switzerland,A,Annual,PUBLIC,Total public,TOTAL,Total,RDD,"Research, development and demonstration",USD_R,USD (constant prices and exchange rates),2018,,471.687,,I,Imputed Value,F,Non-confidential,6,Millions,3,
DATAFLOW,OECD.IEA:RDDPUBLIC(1.0),Public energy technology RD&D budgets,I,SWITZERLAND,Switzerland,A,Annual,PUBLIC,Total public,TOTAL,Total,RDD,"Research, development and demonstration",USD_R,USD (constant prices and exchange rates),2019,,478.216,,I,Imputed Value,F,Non-confidential,6,Millions,3,
DATAFLOW,OECD.IEA:RDDPUBLIC(1.0),Public energy technology RD&D budgets,I,SWITZERLAND,Switzerland,A,Annual,PUBLIC,Total public,TOTAL,Total,RDD,"Research, development and demonstration",USD_R,USD (constant prices and exchange rates),2020,,455.214,,I,Imputed Value,F,Non-confidential,6,Millions,3,
DATAFLOW,OECD.IEA:RDDPUBLIC(1.0),Public energy technology RD&D budgets,I,SWITZERLAND,Switzerland,A,Annual,PUBLIC,Total public,TOTAL,Total,RDD,"Research, development and demonstration",USD_R,USD (constant prices and exchange rates),2021,,402.718,,I,Imputed Value,F,Non-confidential,6,Millions,3,
DATAFLOW,OECD.IEA:RDDPUBLIC(1.0),Public energy technology RD&D budgets,I,SWITZERLAND,Switzerland,A,Annual,PUBLIC,Total public,TOTAL,Total,RDD,"Research, development and demonstration",USD_R,USD (constant prices and exchange rates),2022,,371.512,,I,Imputed Value,F,Non-confidential,6,Millions,3,
DATAFLOW,OECD.IEA:RDDPUBLIC(1.0),Public energy technology RD&D budgets,I,SWITZERLAND,Switzerland,A,Annual,PUBLIC,Total public,TOTAL,Total,RDD,"Research, development and demonstration",USD_R,USD (constant prices and exchange rates),2023,,434.599,,I,Imputed Value,F,Non-confidential,6,Millions,3,
DATAFLOW,OECD.IEA:RDDPUBLIC(1.0),Public energy technology RD&D budgets,I,SWITZERLAND,Switzerland,A,Annual,PUBLIC,Total public,TOTAL,Total,RDD,"Research, development and demonstration",USD_R,USD (constant prices and exchange rates),2024,,428.786,,P,Provisional Value,F,Non-confidential,6,Millions,3,
DATAFLOW,OECD.IEA:RDDPUBLIC(1.0),Public energy technology RD&D budgets,I,POLAND,Poland,A,Annual,PUBLIC,Total public,FOSSILFUEL,Group 2: Fossil fuels,RDD,"Research, development and demonstration",USD_R,USD (constant prices and exchange rates),2008,,1.488,,I,Imputed Value,F,Non-confidential,6,Millions,3,
DATAFLOW,OECD.IEA:RDDPUBLIC(1.0),Public energy technology RD&D budgets,I,POLAND,Poland,A,Annual,PUBLIC,Total public,FOSSILFUEL,Group 2: Fossil fuels,RDD,"Research, development and demonstration",USD_R,USD (constant prices and exchange rates),2009,,28.99,,I,Imputed Value,F,Non-confidential,6,Millions,3,
DATAFLOW,OECD.IEA:RDDPUBLIC(1.0),Public energy technology RD&D budgets,I,POLAND,Poland,A,Annual,PUBLIC,Total public,FOSSILFUEL,Group 2: Fossil fuels,RDD,"Research, development and demonstration",USD_R,USD (constant prices and exchange rates),2010,,49.526,,I,Imputed Value,F,Non-confidential,6,Millions,3,
DATAFLOW,OECD.IEA:RDDPUBLIC(1.0),Public energy technology RD&D budgets,I,POLAND,Poland,A,Annual,PUBLIC,Total public,FOSSILFUEL,Group 2: Fossil fuels,RDD,"Research, development and demonstration",USD_R,USD (constant prices and exchange rates),2011,,64.564,,I,Imputed Value,F,Non-confidential,6,Millions,3,
DATAFLOW,OECD.IEA:RDDPUBLIC(1.0),Public energy technology RD&D budgets,I,POLAND,Poland,A,Annual,PUBLIC,Total public,FOSSILFUEL,Group 2: Fossil fuels,RDD,"Research, development and demonstration",USD_R,USD (constant prices and exchange rates),2012,,37.693,,I,Imputed Value,F,Non-confidential,6,Millions,3,
DATAFLOW,OECD.IEA:RDDPUBLIC(1.0),Public energy technology RD&D budgets,I,POLAND,Poland,A,Annual,PUBLIC,Total public,FOSSILFUEL,Group 2: Fossil fuels,RDD,"Research, development and demonstration",USD_R,USD (constant prices and exchange rates),2013,,69.029,,I,Imputed Value,F,Non-confidential,6,Millions,3,
DATAFLOW,OECD.IEA:RDDPUBLIC(1.0),Public energy technology RD&D budgets,I,POLAND,Poland,A,Annual,PUBLIC,Total public,FOSSILFUEL,Group 2: Fossil fuels,RDD,"Research, development and demonstration",USD_R,USD (constant prices and exchange rates),2014,,43.145,,I,Imputed Value,F,Non-confidential,6,Millions,3,
DATAFLOW,OECD.IEA:RDDPUBLIC(1.0),Public energy technology RD&D budgets,I,POLAND,Poland,A,Annual,PUBLIC,Total public,FOSSILFUEL,Group 2: Fossil fuels,RDD,"Research, development and demonstration",USD_R,USD (constant prices and exchange rates),2015,,37.904,,I,Imputed Value,F,Non-confidential,6,Millions,3,
DATAFLOW,OECD.IEA:RDDPUBLIC(1.0),Public energy technology RD&D budgets,I,POLAND,Poland,A,Annual,PUBLIC,Total public,FOSSILFUEL,Group 2: Fossil fuels,RDD,"Research, development and demonstration",USD_R,USD (constant prices and exchange rates),2016,,16.69,,I,Imputed Value,F,Non-confidential,6,Millions,3,
DATAFLOW,OECD.IEA:RDDPUBLIC(1.0),Public energy technology RD&D budgets,I,POLAND,Poland,A,Annual,PUBLIC,Total public,FOSSILFUEL,Group 2: Fossil fuels,RDD,"Research, development and demonstration",USD_R,USD (constant prices and exchange rates),2017,,17.087,,I,Imputed Value,F,Non-confidential,6,Millions,3,
DATAFLOW,OECD.IEA:RDDPUBLIC(1.0),Public energy technology RD&D budgets,I,POLAND,Poland,A,Annual,PUBLIC,Total public,FOSSILFUEL,Group 2: Fossil fuels,RDD,"Research, development and demonstration",USD_R,USD (constant prices and exchange rates),2018,,13.535,,I,Imputed Value,F,Non-confidential,6,Millions,3,
DATAFLOW,OECD.IEA:RDDPUBLIC(1.0),Public energy technology RD&D budgets,I,POLAND,Poland,A,Annual,PUBLIC,Total public,FOSSILFUEL,Group 2: Fossil fuels,RDD,"Research, development and demonstration",USD_R,USD (constant prices and exchange rates),2019,,10.595,,I,Imputed Value,F,Non-confidential,6,Millions,3,
DATAFLOW,OECD.IEA:RDDPUBLIC(1.0),Public energy technology RD&D budgets,I,POLAND,Poland,A,Annual,PUBLIC,Total public,FOSSILFUEL,Group 2: Fossil fuels,RDD,"Research, development and demonstration",USD_R,USD (constant prices and exchange rates),2020,,13.97,,I,Imputed Value,F,Non-confidential,6,Millions,3,
DATAFLOW,OECD.IEA:RDDPUBLIC(1.0),Public energy technology RD&D budgets,I,POLAND,Poland,A,Annual,PUBLIC,Total public,FOSSILFUEL,Group 2: Fossil fuels,RDD,"Research, development and demonstration",USD_R,USD (constant prices and exchange rates),2021,,10.958,,I,Imputed Value,F,Non-confidential,6,Millions,3,
DATAFLOW,OECD.IEA:RDDPUBLIC(1.0),Public energy technology RD&D budgets,I,POLAND,Poland,A,Annual,PUBLIC,Total public,FOSSILFUEL,Group 2: Fossil fuels,RDD,"Research, development and demonstration",USD_R,USD (constant prices and exchange rates),2022,,23.178,,I,Imputed Value,F,Non-confidential,6,Millions,3,
DATAFLOW,OECD.IEA:RDDPUBLIC(1.0),Public energy technology RD&D budgets,I,POLAND,Poland,A,Annual,PUBLIC,Total public,FOSSILFUEL,Group 2: Fossil fuels,RDD,"Research, development and demonstration",USD_R,USD (constant prices and exchange rates),2023,,8.952,,I,Imputed Value,F,Non-confidential,6,Millions,3,
DATAFLOW,OECD.IEA:RDDPUBLIC(1.0),Public energy technology RD&D budgets,I,POLAND,Poland,A,Annual,PUBLIC,Total public,FOSSILFUEL,Group 2: Fossil fuels,RDD,"Research, development and demonstration",USD_R,USD (constant prices and exchange rates),2024,,1.766,,P,Provisional Value,F,Non-confidential,6,Millions,3,
DATAFLOW,OECD.IEA:RDDPUBLIC(1.0),Public energy technology RD&D budgets,I,JAPAN,Japan,A,Annual,PUBLIC,Total public,FOSSILFUEL,Group 2: Fossil fuels,RDD,"Research, development and demonstration",USD_R,USD (constant prices and exchange rates),2000,,83.032,,I,Imputed Value,F,Non-confidential,6,Millions,3,
DATAFLOW,OECD.IEA:RDDPUBLIC(1.0),Public energy technology RD&D budgets,I,JAPAN,Japan,A,Annual,PUBLIC,Total public,FOSSILFUEL,Group 2: Fossil fuels,RDD,"Research, development and demonstration",USD_R,USD (constant prices and exchange rates),2001,,59.073,,I,Imputed Value,F,Non-confidential,6,Millions,3,
DATAFLOW,OECD.IEA:RDDPUBLIC(1.0),Public energy technology RD&D budgets,I,JAPAN,Japan,A,Annual,PUBLIC,Total public,FOSSILFUEL,Group 2: Fossil fuels,RDD,"Research, development and demonstration",USD_R,USD (constant prices and exchange rates),2002,,266.156,,I,Imputed Value,F,Non-confidential,6,Millions,3,
DATAFLOW,OECD.IEA:RDDPUBLIC(1.0),Public energy technology RD&D budgets,I,JAPAN,Japan,A,Annual,PUBLIC,Total public,FOSSILFUEL,Group 2: Fossil fuels,RDD,"Research, development and demonstration",USD_R,USD (constant prices and exchange rates),2003,,227.164,,I,Imputed Value,F,Non-confidential,6,Millions,3,
DATAFLOW,OECD.IEA:RDDPUBLIC(1.0),Public energy technology RD&D budgets,I,JAPAN,Japan,A,Annual,PUBLIC,Total public,FOSSILFUEL,Group 2: Fossil fuels,RDD,"Research, development and demonstration",USD_R,USD (constant prices and exchange rates),2004,,254.169,,I,Imputed Value,F,Non-confidential,6,Millions,3,
DATAFLOW,OECD.IEA:RDDPUBLIC(1.0),Public energy technology RD&D budgets,I,JAPAN,Japan,A,Annual,PUBLIC,Total public,FOSSILFUEL,Group 2: Fossil fuels,RDD,"Research, development and demonstration",USD_R,USD (constant prices and exchange rates),2005,,266.443,,I,Imputed Value,F,Non-confidential,6,Millions,3,
DATAFLOW,OECD.IEA:RDDPUBLIC(1.0),Public energy technology RD&D budgets,I,JAPAN,Japan,A,Annual,PUBLIC,Total public,FOSSILFUEL,Group 2: Fossil fuels,RDD,"Research, development and demonstration",USD_R,USD (constant prices and exchange rates),2006,,293.48,,I,Imputed Value,F,Non-confidential,6,Millions,3,
DATAFLOW,OECD.IEA:RDDPUBLIC(1.0),Public energy technology RD&D budgets,I,JAPAN,Japan,A,Annual,PUBLIC,Total public,FOSSILFUEL,Group 2: Fossil fuels,RDD,"Research, development and demonstration",USD_R,USD (constant prices and exchange rates),2007,,251.625,,I,Imputed Value,F,Non-confidential,6,Millions,3,
DATAFLOW,OECD.IEA:RDDPUBLIC(1.0),Public energy technology RD&D budgets,I,JAPAN,Japan,A,Annual,PUBLIC,Total public,FOSSILFUEL,Group 2: Fossil fuels,RDD,"Research, development and demonstration",USD_R,USD (constant prices and exchange rates),2008,,270.753,,I,Imputed Value,F,Non-confidential,6,Millions,3,
DATAFLOW,OECD.IEA:RDDPUBLIC(1.0),Public energy technology RD&D budgets,I,JAPAN,Japan,A,Annual,PUBLIC,Total public,FOSSILFUEL,Group 2: Fossil fuels,RDD,"Research, development and demonstration",USD_R,USD (constant prices and exchange rates),2009,,247.378,,I,Imputed Value,F,Non-confidential,6,Millions,3,
DATAFLOW,OECD.IEA:RDDPUBLIC(1.0),Public energy technology RD&D budgets,I,JAPAN,Japan,A,Annual,PUBLIC,Total public,FOSSILFUEL,Group 2: Fossil fuels,RDD,"Research, development and demonstration",USD_R,USD (constant prices and exchange rates),2010,,225.934,,I,Imputed Value,F,Non-confidential,6,Millions,3,
DATAFLOW,OECD.IEA:RDDPUBLIC(1.0),Public energy technology RD&D budgets,I,JAPAN,Japan,A,Annual,PUBLIC,Total public,FOSSILFUEL,Group 2: Fossil fuels,RDD,"Research, development and demonstration",USD_R,USD (constant prices and exchange rates),2011,,254.339,,I,Imputed Value,F,Non-confidential,6,Millions,3,
DATAFLOW,OECD.IEA:RDDPUBLIC(1.0),Public energy technology RD&D budgets,I,JAPAN,Japan,A,Annual,PUBLIC,Total public,FOSSILFUEL,Group 2: Fossil fuels,RDD,"Research, development and demonstration",USD_R,USD (constant prices and exchange rates),2012,,272.539,,I,Imputed Value,F,Non-confidential,6,Millions,3,
DATAFLOW,OECD.IEA:RDDPUBLIC(1.0),Public energy technology RD&D budgets,I,JAPAN,Japan,A,Annual,PUBLIC,Total public,FOSSILFUEL,Group 2: Fossil fuels,RDD,"Research, development and demonstration",USD_R,USD (constant prices and exchange rates),2013,,297.958,,I,Imputed Value,F,Non-confidential,6,Millions,3,
DATAFLOW,OECD.IEA:RDDPUBLIC(1.0),Public energy technology RD&D budgets,I,JAPAN,Japan,A,Annual,PUBLIC,Total public,FOSSILFUEL,Group 2: Fossil fuels,RDD,"Research, development and demonstration",USD_R,USD (constant prices and exchange rates),2014,,299.283,,I,Imputed Value,F,Non-confidential,6,Millions,3,
DATAFLOW,OECD.IEA:RDDPUBLIC(1.0),Public energy technology RD&D budgets,I,JAPAN,Japan,A,Annual,PUBLIC,Total public,FOSSILFUEL,Group 2: Fossil fuels,RDD,"Research, development and demonstration",USD_R,USD (constant prices and exchange rates),2015,,299.243,,I,Imputed Value,F,Non-confidential,6,Millions,3,
DATAFLOW,OECD.IEA:RDDPUBLIC(1.0),Public energy technology RD&D budgets,I,JAPAN,Japan,A,Annual,PUBLIC,Total public,FOSSILFUEL,Group 2: Fossil fuels,RDD,"Research, development and demonstration",USD_R,USD (constant prices and exchange rates),2016,,192.481,,I,Imputed Value,F,Non-confidential,6,Millions,3,
DATAFLOW,OECD.IEA:RDDPUBLIC(1.0),Public energy technology RD&D budgets,I,JAPAN,Japan,A,Annual,PUBLIC,Total public,FOSSILFUEL,Group 2: Fossil fuels,RDD,"Research, development and demonstration",USD_R,USD (constant prices and exchange rates),2017,,86.179,,I,Imputed Value,F,Non-confidential,6,Millions,3,
DATAFLOW,OECD.IEA:RDDPUBLIC(1.0),Public energy technology RD&D budgets,I,JAPAN,Japan,A,Annual,PUBLIC,Total public,FOSSILFUEL,Group 2: Fossil fuels,RDD,"Research, development and demonstration",USD_R,USD (constant prices and exchange rates),2018,,133.953,,I,Imputed Value,F,Non-confidential,6,Millions,3,
DATAFLOW,OECD.IEA:RDDPUBLIC(1.0),Public energy technology RD&D budgets,I,JAPAN,Japan,A,Annual,PUBLIC,Total public,FOSSILFUEL,Group 2: Fossil fuels,RDD,"Research, development and demonstration",USD_R,USD (constant prices and exchange rates),2019,,118.836,,I,Imputed Value,F,Non-confidential,6,Millions,3,
DATAFLOW,OECD.IEA:RDDPUBLIC(1.0),Public energy technology RD&D budgets,I,JAPAN,Japan,A,Annual,PUBLIC,Total public,FOSSILFUEL,Group 2: Fossil fuels,RDD,"Research, development and demonstration",USD_R,USD (constant prices and exchange rates),2020,,106.319,,I,Imputed Value,F,Non-confidential,6,Millions,3,
DATAFLOW,OECD.IEA:RDDPUBLIC(1.0),Public energy technology RD&D budgets,I,JAPAN,Japan,A,Annual,PUBLIC,Total public,FOSSILFUEL,Group 2: Fossil fuels,RDD,"Research, development and demonstration",USD_R,USD (constant prices and exchange rates),2021,,108.88,,I,Imputed Value,F,Non-confidential,6,Millions,3,
DATAFLOW,OECD.IEA:RDDPUBLIC(1.0),Public energy technology RD&D budgets,I,JAPAN,Japan,A,Annual,PUBLIC,Total public,FOSSILFUEL,Group 2: Fossil fuels,RDD,"Research, development and demonstration",USD_R,USD (constant prices and exchange rates),2022,,108.447,,I,Imputed Value,F,Non-confidential,6,Millions,3,
DATAFLOW,OECD.IEA:RDDPUBLIC(1.0),Public energy technology RD&D budgets,I,JAPAN,Japan,A,Annual,PUBLIC,Total public,FOSSILFUEL,Group 2: Fossil fuels,RDD,"Research, development and demonstration",USD_R,USD (constant prices and exchange rates),2023,,394.635,,I,Imputed Value,F,Non-confidential,6,Millions,3,
DATAFLOW,OECD.IEA:RDDPUBLIC(1.0),Public energy technology RD&D budgets,I,JAPAN,Japan,A,Annual,PUBLIC,Total public,FOSSILFUEL,Group 2: Fossil fuels,RDD,"Research, development and demonstration",USD_R,USD (constant prices and exchange rates),2024,,368.449,,P,Provisional Value,F,Non-confidential,6,Millions,3,
DATAFLOW,OECD.IEA:RDDPUBLIC(1.0),Public energy technology RD&D budgets,I,POLAND,Poland,A,Annual,PUBLIC,Total public,RENEWABLE,Group 3: Renewable energy sources,RDD,"Research, development and demonstration",USD_R,USD (constant prices and exchange rates),2008,,0.858,,I,Imputed Value,F,Non-confidential,6,Millions,3,
DATAFLOW,OECD.IEA:RDDPUBLIC(1.0),Public energy technology RD&D budgets,I,POLAND,Poland,A,Annual,PUBLIC,Total public,RENEWABLE,Group 3: Renewable energy sources,RDD,"Research, development and demonstration",USD_R,USD (constant prices and exchange rates),2009,,35.2,,I,Imputed Value,F,Non-confidential,6,Millions,3,
DATAFLOW,OECD.IEA:RDDPUBLIC(1.0),Public energy technology RD&D budgets,I,POLAND,Poland,A,Annual,PUBLIC,Total public,RENEWABLE,Group 3: Renewable energy sources,RDD,"Research, development and demonstration",USD_R,USD (constant prices and exchange rates),2010,,35.677,,I,Imputed Value,F,Non-confidential,6,Millions,3,
DATAFLOW,OECD.IEA:RDDPUBLIC(1.0),Public energy technology RD&D budgets,I,POLAND,Poland,A,Annual,PUBLIC,Total public,RENEWABLE,Group 3: Renewable energy sources,RDD,"Research, development and demonstration",USD_R,USD (constant prices and exchange rates),2011,,42.116,,I,Imputed Value,F,Non-confidential,6,Millions,3,
DATAFLOW,OECD.IEA:RDDPUBLIC(1.0),Public energy technology RD&D budgets,I,POLAND,Poland,A,Annual,PUBLIC,Total public,RENEWABLE,Group 3: Renewable energy sources,RDD,"Research, development and demonstration",USD_R,USD (constant prices and exchange rates),2012,,23.958,,I,Imputed Value,F,Non-confidential,6,Millions,3,
DATAFLOW,OECD.IEA:RDDPUBLIC(1.0),Public energy technology RD&D budgets,I,POLAND,Poland,A,Annual,PUBLIC,Total public,RENEWABLE,Group 3: Renewable energy sources,RDD,"Research, development and demonstration",USD_R,USD (constant prices and exchange rates),2013,,18.27,,I,Imputed Value,F,Non-confidential,6,Millions,3,
DATAFLOW,OECD.IEA:RDDPUBLIC(1.0),Public energy technology RD&D budgets,I,POLAND,Poland,A,Annual,PUBLIC,Total public,RENEWABLE,Group 3: Renewable energy sources,RDD,"Research, development and demonstration",USD_R,USD (constant prices and exchange rates),2014,,23.164,,I,Imputed Value,F,Non-confidential,6,Millions,3,
DATAFLOW,OECD.IEA:RDDPUBLIC(1.0),Public energy technology RD&D budgets,I,POLAND,Poland,A,Annual,PUBLIC,Total public,RENEWABLE,Group 3: Renewable energy sources,RDD,"Research, development and demonstration",USD_R,USD (constant prices and exchange rates),2015,,25.25,,I,Imputed Value,F,Non-confidential,6,Millions,3,
DATAFLOW,OECD.IEA:RDDPUBLIC(1.0),Public energy technology RD&D budgets,I,POLAND,Poland,A,Annual,PUBLIC,Total public,RENEWABLE,Group 3: Renewable energy sources,RDD,"Research, development and demonstration",USD_R,USD (constant prices and exchange rates),2016,,18.661,,I,Imputed Value,F,Non-confidential,6,Millions,3,
DATAFLOW,OECD.IEA:RDDPUBLIC(1.0),Public energy technology RD&D budgets,I,POLAND,Poland,A,Annual,PUBLIC,Total public,RENEWABLE,Group 3: Renewable energy sources,RDD,"Research, development and demonstration",USD_R,USD (constant prices and exchange rates),2017,,20.474,,I,Imputed Value,F,Non-confidential,6,Millions,3,
DATAFLOW,OECD.IEA:RDDPUBLIC(1.0),Public energy technology RD&D budgets,I,POLAND,Poland,A,Annual,PUBLIC,Total public,RENEWABLE,Group 3: Renewable energy sources,RDD,"Research, development and demonstration",USD_R,USD (constant prices and exchange rates),2018,,21.047,,I,Imputed Value,F,Non-confidential,6,Millions,3,
DATAFLOW,OECD.IEA:RDDPUBLIC(1.0),Public energy technology RD&D budgets,I,POLAND,Poland,A,Annual,PUBLIC,Total public,RENEWABLE,Group 3: Renewable energy sources,RDD,"Research, development and demonstration",USD_R,USD (constant prices and exchange rates),2019,,19.511,,I,Imputed Value,F,Non-confidential,6,Millions,3,
DATAFLOW,OECD.IEA:RDDPUBLIC(1.0),Public energy technology RD&D budgets,I,POLAND,Poland,A,Annual,PUBLIC,Total public,RENEWABLE,Group 3: Renewable energy sources,RDD,"Research, development and demonstration",USD_R,USD (constant prices and exchange rates),2020,,16.745,,I,Imputed Value,F,Non-confidential,6,Millions,3,
DATAFLOW,OECD.IEA:RDDPUBLIC(1.0),Public energy technology RD&D budgets,I,POLAND,Poland,A,Annual,PUBLIC,Total public,RENEWABLE,Group 3: Renewable energy sources,RDD,"Research, development and demonstration",USD_R,USD (constant prices and exchange rates),2021,,20.749,,I,Imputed Value,F,Non-confidential,6,Millions,3,
DATAFLOW,OECD.IEA:RDDPUBLIC(1.0),Public energy technology RD&D budgets,I,POLAND,Poland,A,Annual,PUBLIC,Total public,RENEWABLE,Group 3: Renewable energy sources,RDD,"Research, development and demonstration",USD_R,USD (constant prices and exchange rates),2022,,34.769,,I,Imputed Value,F,Non-confidential,6,Millions,3,
DATAFLOW,OECD.IEA:RDDPUBLIC(1.0),Public energy technology RD&D budgets,I,POLAND,Poland,A,Annual,PUBLIC,Total public,RENEWABLE,Group 3: Renewable energy sources,RDD,"Research, development and demonstration",USD_R,USD (constant prices and exchange rates),2023,,28.116,,I,Imputed Value,F,Non-confidential,6,Millions,3,
DATAFLOW,OECD.IEA:RDDPUBLIC(1.0),Public energy technology RD&D budgets,I,POLAND,Poland,A,Annual,PUBLIC,Total public,RENEWABLE,Group 3: Renewable energy sources,RDD,"Research, development and demonstration",USD_R,USD (constant prices and exchange rates),2024,,8.292,,P,Provisional Value,F,Non-confidential,6,Millions,3,
DATAFLOW,OECD.IEA:RDDPUBLIC(1.0),Public energy technology RD&D budgets,I,SLOVAKIA,Slovak Republic,A,Annual,PUBLIC,Total public,FOSSILFUEL,Group 2: Fossil fuels,RDD,"Research, development and demonstration",USD_R,USD (constant prices and exchange rates),2008,,1.772,,I,Imputed Value,F,Non-confidential,6,Millions,3,
DATAFLOW,OECD.IEA:RDDPUBLIC(1.0),Public energy technology RD&D budgets,I,SLOVAKIA,Slovak Republic,A,Annual,PUBLIC,Total public,FOSSILFUEL,Group 2: Fossil fuels,RDD,"Research, development and demonstration",USD_R,USD (constant prices and exchange rates),2009,,2.022,,I,Imputed Value,F,Non-confidential,6,Millions,3,
DATAFLOW,OECD.IEA:RDDPUBLIC(1.0),Public energy technology RD&D budgets,I,SLOVAKIA,Slovak Republic,A,Annual,PUBLIC,Total public,FOSSILFUEL,Group 2: Fossil fuels,RDD,"Research, development and demonstration",USD_R,USD (constant prices and exchange rates),2010,,2.508,,I,Imputed Value,F,Non-confidential,6,Millions,3,
DATAFLOW,OECD.IEA:RDDPUBLIC(1.0),Public energy technology RD&D budgets,I,SLOVAKIA,Slovak Republic,A,Annual,PUBLIC,Total public,FOSSILFUEL,Group 2: Fossil fuels,RDD,"Research, development and demonstration",USD_R,USD (constant prices and exchange rates),2011,,1.687,,I,Imputed Value,F,Non-confidential,6,Millions,3,
DATAFLOW,OECD.IEA:RDDPUBLIC(1.0),Public energy technology RD&D budgets,I,SLOVAKIA,Slovak Republic,A,Annual,PUBLIC,Total public,FOSSILFUEL,Group 2: Fossil fuels,RDD,"Research, development and demonstration",USD_R,USD (constant prices and exchange rates),2012,,0.408,,I,Imputed Value,F,Non-confidential,6,Millions,3,
DATAFLOW,OECD.IEA:RDDPUBLIC(1.0),Public energy technology RD&D budgets,I,SLOVAKIA,Slovak Republic,A,Annual,PUBLIC,Total public,FOSSILFUEL,Group 2: Fossil fuels,RDD,"Research, development and demonstration",USD_R,USD (constant prices and exchange rates),2013,,0.202,,I,Imputed Value,F,Non-confidential,6,Millions,3,
DATAFLOW,OECD.IEA:RDDPUBLIC(1.0),Public energy technology RD&D budgets,I,SLOVAKIA,Slovak Republic,A,Annual,PUBLIC,Total public,FOSSILFUEL,Group 2: Fossil fuels,RDD,"Research, development and demonstration",USD_R,USD (constant prices and exchange rates),2014,,0.073,,I,Imputed Value,F,Non-confidential,6,Millions,3,
DATAFLOW,OECD.IEA:RDDPUBLIC(1.0),Public energy technology RD&D budgets,I,SLOVAKIA,Slovak Republic,A,Annual,PUBLIC,Total public,FOSSILFUEL,Group 2: Fossil fuels,RDD,"Research, development and demonstration",USD_R,USD (constant prices and exchange rates),2015,,0.013,,I,Imputed Value,F,Non-confidential,6,Millions,3,
DATAFLOW,OECD.IEA:RDDPUBLIC(1.0),Public energy technology RD&D budgets,I,SLOVAKIA,Slovak Republic,A,Annual,PUBLIC,Total public,FOSSILFUEL,Group 2: Fossil fuels,RDD,"Research, development and demonstration",USD_R,USD (constant prices and exchange rates),2016,,0,,I,Imputed Value,F,Non-confidential,6,Millions,3,
DATAFLOW,OECD.IEA:RDDPUBLIC(1.0),Public energy technology RD&D budgets,I,SLOVAKIA,Slovak Republic,A,Annual,PUBLIC,Total public,FOSSILFUEL,Group 2: Fossil fuels,RDD,"Research, development and demonstration",USD_R,USD (constant prices and exchange rates),2017,,0.019,,I,Imputed Value,F,Non-confidential,6,Millions,3,
DATAFLOW,OECD.IEA:RDDPUBLIC(1.0),Public energy technology RD&D budgets,I,SLOVAKIA,Slovak Republic,A,Annual,PUBLIC,Total public,FOSSILFUEL,Group 2: Fossil fuels,RDD,"Research, development and demonstration",USD_R,USD (constant prices and exchange rates),2018,,0.033,,I,Imputed Value,F,Non-confidential,6,Millions,3,
DATAFLOW,OECD.IEA:RDDPUBLIC(1.0),Public energy technology RD&D budgets,I,SLOVAKIA,Slovak Republic,A,Annual,PUBLIC,Total public,FOSSILFUEL,Group 2: Fossil fuels,RDD,"Research, development and demonstration",USD_R,USD (constant prices and exchange rates),2019,,0,,I,Imputed Value,F,Non-confidential,6,Millions,3,
DATAFLOW,OECD.IEA:RDDPUBLIC(1.0),Public energy technology RD&D budgets,I,SLOVAKIA,Slovak Republic,A,Annual,PUBLIC,Total public,FOSSILFUEL,Group 2: Fossil fuels,RDD,"Research, development and demonstration",USD_R,USD (constant prices and exchange rates),2020,,0.007,,I,Imputed Value,F,Non-confidential,6,Millions,3,
DATAFLOW,OECD.IEA:RDDPUBLIC(1.0),Public energy technology RD&D budgets,I,SLOVAKIA,Slovak Republic,A,Annual,PUBLIC,Total public,FOSSILFUEL,Group 2: Fossil fuels,RDD,"Research, development and demonstration",USD_R,USD (constant prices and exchange rates),2021,,0.011,,I,Imputed Value,F,Non-confidential,6,Millions,3,
DATAFLOW,OECD.IEA:RDDPUBLIC(1.0),Public energy technology RD&D budgets,I,SLOVAKIA,Slovak Republic,A,Annual,PUBLIC,Total public,FOSSILFUEL,Group 2: Fossil fuels,RDD,"Research, development and demonstration",USD_R,USD (constant prices and exchange rates),2022,,0.012,,I,Imputed Value,F,Non-confidential,6,Millions,3,
DATAFLOW,OECD.IEA:RDDPUBLIC(1.0),Public energy technology RD&D budgets,I,SLOVAKIA,Slovak Republic,A,Annual,PUBLIC,Total public,FOSSILFUEL,Group 2: Fossil fuels,RDD,"Research, development and demonstration",USD_R,USD (constant prices and exchange rates),2023,,0.042,,I,Imputed Value,F,Non-confidential,6,Millions,3,
DATAFLOW,OECD.IEA:RDDPUBLIC(1.0),Public energy technology RD&D budgets,I,SLOVAKIA,Slovak Republic,A,Annual,PUBLIC,Total public,FOSSILFUEL,Group 2: Fossil fuels,RDD,"Research, development and demonstration",USD_R,USD (constant prices and exchange rates),2024,,0.078,,P,Provisional Value,F,Non-confidential,6,Millions,3,
DATAFLOW,OECD.IEA:RDDPUBLIC(1.0),Public energy technology RD&D budgets,I,HUNGARY,Hungary,A,Annual,PUBLIC,Total public,TOTAL,Total,RDD,"Research, development and demonstration",USD_R,USD (constant prices and exchange rates),2000,,5.672,,I,Imputed Value,F,Non-confidential,6,Millions,3,
DATAFLOW,OECD.IEA:RDDPUBLIC(1.0),Public energy technology RD&D budgets,I,HUNGARY,Hungary,A,Annual,PUBLIC,Total public,TOTAL,Total,RDD,"Research, development and demonstration",USD_R,USD (constant prices and exchange rates),2001,,4.919,,I,Imputed Value,F,Non-confidential,6,Millions,3,
DATAFLOW,OECD.IEA:RDDPUBLIC(1.0),Public energy technology RD&D budgets,I,HUNGARY,Hungary,A,Annual,PUBLIC,Total public,TOTAL,Total,RDD,"Research, development and demonstration",USD_R,USD (constant prices and exchange rates),2002,,6.378,,I,Imputed Value,F,Non-confidential,6,Millions,3,
DATAFLOW,OECD.IEA:RDDPUBLIC(1.0),Public energy technology RD&D budgets,I,HUNGARY,Hungary,A,Annual,PUBLIC,Total public,TOTAL,Total,RDD,"Research, development and demonstration",USD_R,USD (constant prices and exchange rates),2003,,5.284,,I,Imputed Value,F,Non-confidential,6,Millions,3,
DATAFLOW,OECD.IEA:RDDPUBLIC(1.0),Public energy technology RD&D budgets,I,HUNGARY,Hungary,A,Annual,PUBLIC,Total public,TOTAL,Total,RDD,"Research, development and demonstration",USD_R,USD (constant prices and exchange rates),2004,,6.06,,I,Imputed Value,F,Non-confidential,6,Millions,3,
DATAFLOW,OECD.IEA:RDDPUBLIC(1.0),Public energy technology RD&D budgets,I,HUNGARY,Hungary,A,Annual,PUBLIC,Total public,TOTAL,Total,RDD,"Research, development and demonstration",USD_R,USD (constant prices and exchange rates),2005,,65.412,,I,Imputed Value,F,Non-confidential,6,Millions,3,
DATAFLOW,OECD.IEA:RDDPUBLIC(1.0),Public energy technology RD&D budgets,I,HUNGARY,Hungary,A,Annual,PUBLIC,Total public,TOTAL,Total,RDD,"Research, development and demonstration",USD_R,USD (constant prices and exchange rates),2006,,80.257,,I,Imputed Value,F,Non-confidential,6,Millions,3,
DATAFLOW,OECD.IEA:RDDPUBLIC(1.0),Public energy technology RD&D budgets,I,HUNGARY,Hungary,A,Annual,PUBLIC,Total public,TOTAL,Total,RDD,"Research, development and demonstration",USD_R,USD (constant prices and exchange rates),2007,,102.314,,I,Imputed Value,F,Non-confidential,6,Millions,3,
DATAFLOW,OECD.IEA:RDDPUBLIC(1.0),Public energy technology RD&D budgets,I,HUNGARY,Hungary,A,Annual,PUBLIC,Total public,TOTAL,Total,RDD,"Research, development and demonstration",USD_R,USD (constant prices and exchange rates),2008,,145.362,,I,Imputed Value,F,Non-confidential,6,Millions,3,
DATAFLOW,OECD.IEA:RDDPUBLIC(1.0),Public energy technology RD&D budgets,I,HUNGARY,Hungary,A,Annual,PUBLIC,Total public,TOTAL,Total,RDD,"Research, development and demonstration",USD_R,USD (constant prices and exchange rates),2009,,139.882,,I,Imputed Value,F,Non-confidential,6,Millions,3,
DATAFLOW,OECD.IEA:RDDPUBLIC(1.0),Public energy technology RD&D budgets,I,HUNGARY,Hungary,A,Annual,PUBLIC,Total public,TOTAL,Total,RDD,"Research, development and demonstration",USD_R,USD (constant prices and exchange rates),2010,,142.04,,I,Imputed Value,F,Non-confidential,6,Millions,3,
DATAFLOW,OECD.IEA:RDDPUBLIC(1.0),Public energy technology RD&D budgets,I,HUNGARY,Hungary,A,Annual,PUBLIC,Total public,TOTAL,Total,RDD,"Research, development and demonstration",USD_R,USD (constant prices and exchange rates),2011,,146.234,,I,Imputed Value,F,Non-confidential,6,Millions,3,
DATAFLOW,OECD.IEA:RDDPUBLIC(1.0),Public energy technology RD&D budgets,I,HUNGARY,Hungary,A,Annual,PUBLIC,Total public,TOTAL,Total,RDD,"Research, development and demonstration",USD_R,USD (constant prices and exchange rates),2012,,139.713,,I,Imputed Value,F,Non-confidential,6,Millions,3,
DATAFLOW,OECD.IEA:RDDPUBLIC(1.0),Public energy technology RD&D budgets,I,HUNGARY,Hungary,A,Annual,PUBLIC,Total public,TOTAL,Total,RDD,"Research, development and demonstration",USD_R,USD (constant prices and exchange rates),2013,,15.406,,I,Imputed Value,F,Non-confidential,6,Millions,3,
DATAFLOW,OECD.IEA:RDDPUBLIC(1.0),Public energy technology RD&D budgets,I,HUNGARY,Hungary,A,Annual,PUBLIC,Total public,TOTAL,Total,RDD,"Research, development and demonstration",USD_R,USD (constant prices and exchange rates),2014,,10.925,,I,Imputed Value,F,Non-confidential,6,Millions,3,
DATAFLOW,OECD.IEA:RDDPUBLIC(1.0),Public energy technology RD&D budgets,I,HUNGARY,Hungary,A,Annual,PUBLIC,Total public,TOTAL,Total,RDD,"Research, development and demonstration",USD_R,USD (constant prices and exchange rates),2015,,14.784,,I,Imputed Value,F,Non-confidential,6,Millions,3,
DATAFLOW,OECD.IEA:RDDPUBLIC(1.0),Public energy technology RD&D budgets,I,HUNGARY,Hungary,A,Annual,PUBLIC,Total public,TOTAL,Total,RDD,"Research, development and demonstration",USD_R,USD (constant prices and exchange rates),2016,,41.807,,I,Imputed Value,F,Non-confidential,6,Millions,3,
DATAFLOW,OECD.IEA:RDDPUBLIC(1.0),Public energy technology RD&D budgets,I,HUNGARY,Hungary,A,Annual,PUBLIC,Total public,TOTAL,Total,RDD,"Research, development and demonstration",USD_R,USD (constant prices and exchange rates),2017,,99.74,,I,Imputed Value,F,Non-confidential,6,Millions,3,
DATAFLOW,OECD.IEA:RDDPUBLIC(1.0),Public energy technology RD&D budgets,I,HUNGARY,Hungary,A,Annual,PUBLIC,Total public,TOTAL,Total,RDD,"Research, development and demonstration",USD_R,USD (constant prices and exchange rates),2018,,18.698,,I,Imputed Value,F,Non-confidential,6,Millions,3,
DATAFLOW,OECD.IEA:RDDPUBLIC(1.0),Public energy technology RD&D budgets,I,HUNGARY,Hungary,A,Annual,PUBLIC,Total public,TOTAL,Total,RDD,"Research, development and demonstration",USD_R,USD (constant prices and exchange rates),2019,,9.011,,I,Imputed Value,F,Non-confidential,6,Millions,3,
DATAFLOW,OECD.IEA:RDDPUBLIC(1.0),Public energy technology RD&D budgets,I,HUNGARY,Hungary,A,Annual,PUBLIC,Total public,TOTAL,Total,RDD,"Research, development and demonstration",USD_R,USD (constant prices and exchange rates),2020,,23.21,,I,Imputed Value,F,Non-confidential,6,Millions,3,
DATAFLOW,OECD.IEA:RDDPUBLIC(1.0),Public energy technology RD&D budgets,I,HUNGARY,Hungary,A,Annual,PUBLIC,Total public,TOTAL,Total,RDD,"Research, development and demonstration",USD_R,USD (constant prices and exchange rates),2021,,89.261,,I,Imputed Value,F,Non-confidential,6,Millions,3,
DATAFLOW,OECD.IEA:RDDPUBLIC(1.0),Public energy technology RD&D budgets,I,HUNGARY,Hungary,A,Annual,PUBLIC,Total public,TOTAL,Total,RDD,"Research, development and demonstration",USD_R,USD (constant prices and exchange rates),2022,,8.985,,I,Imputed Value,F,Non-confidential,6,Millions,3,
DATAFLOW,OECD.IEA:RDDPUBLIC(1.0),Public energy technology RD&D budgets,I,HUNGARY,Hungary,A,Annual,PUBLIC,Total public,TOTAL,Total,RDD,"Research, development and demonstration",USD_R,USD (constant prices and exchange rates),2023,,6.893,,I,Imputed Value,F,Non-confidential,6,Millions,3,
DATAFLOW,OECD.IEA:RDDPUBLIC(1.0),Public energy technology RD&D budgets,I,HUNGARY,Hungary,A,Annual,PUBLIC,Total public,TOTAL,Total,RDD,"Research, development and demonstration",USD_R,USD (constant prices and exchange rates),2024,,7.372,,P,Provisional Value,F,Non-confidential,6,Millions,3,
DATAFLOW,OECD.IEA:RDDPUBLIC(1.0),Public energy technology RD&D budgets,I,UK,United Kingdom,A,Annual,PUBLIC,Total public,FOSSILFUEL,Group 2: Fossil fuels,RDD,"Research, development and demonstration",USD_R,USD (constant prices and exchange rates),2000,,10.293,,I,Imputed Value,F,Non-confidential,6,Millions,3,
DATAFLOW,OECD.IEA:RDDPUBLIC(1.0),Public energy technology RD&D budgets,I,UK,United Kingdom,A,Annual,PUBLIC,Total public,FOSSILFUEL,Group 2: Fossil fuels,RDD,"Research, development and demonstration",USD_R,USD (constant prices and exchange rates),2001,,13.322,,I,Imputed Value,F,Non-confidential,6,Millions,3,
DATAFLOW,OECD.IEA:RDDPUBLIC(1.0),Public energy technology RD&D budgets,I,UK,United Kingdom,A,Annual,PUBLIC,Total public,FOSSILFUEL,Group 2: Fossil fuels,RDD,"Research, development and demonstration",USD_R,USD (constant prices and exchange rates),2002,,8.635,,I,Imputed Value,F,Non-confidential,6,Millions,3,
DATAFLOW,OECD.IEA:RDDPUBLIC(1.0),Public energy technology RD&D budgets,I,UK,United Kingdom,A,Annual,PUBLIC,Total public,FOSSILFUEL,Group 2: Fossil fuels,RDD,"Research, development and demonstration",USD_R,USD (constant prices and exchange rates),2003,,6.481,,I,Imputed Value,F,Non-confidential,6,Millions,3,
DATAFLOW,OECD.IEA:RDDPUBLIC(1.0),Public energy technology RD&D budgets,I,UK,United Kingdom,A,Annual,PUBLIC,Total public,FOSSILFUEL,Group 2: Fossil fuels,RDD,"Research, development and demonstration",USD_R,USD (constant prices and exchange rates),2004,,10.711,,I,Imputed Value,F,Non-confidential,6,Millions,3,
DATAFLOW,OECD.IEA:RDDPUBLIC(1.0),Public energy technology RD&D budgets,I,UK,United Kingdom,A,Annual,PUBLIC,Total public,FOSSILFUEL,Group 2: Fossil fuels,RDD,"Research, development and demonstration",USD_R,USD (constant prices and exchange rates),2005,,13.523,,I,Imputed Value,F,Non-confidential,6,Millions,3,
DATAFLOW,OECD.IEA:RDDPUBLIC(1.0),Public energy technology RD&D budgets,I,UK,United Kingdom,A,Annual,PUBLIC,Total public,FOSSILFUEL,Group 2: Fossil fuels,RDD,"Research, development and demonstration",USD_R,USD (constant prices and exchange rates),2006,,18.818,,I,Imputed Value,F,Non-confidential,6,Millions,3,
DATAFLOW,OECD.IEA:RDDPUBLIC(1.0),Public energy technology RD&D budgets,I,UK,United Kingdom,A,Annual,PUBLIC,Total public,FOSSILFUEL,Group 2: Fossil fuels,RDD,"Research, development and demonstration",USD_R,USD (constant prices and exchange rates),2007,,15.973,,I,Imputed Value,F,Non-confidential,6,Millions,3,
DATAFLOW,OECD.IEA:RDDPUBLIC(1.0),Public energy technology RD&D budgets,I,UK,United Kingdom,A,Annual,PUBLIC,Total public,FOSSILFUEL,Group 2: Fossil fuels,RDD,"Research, development and demonstration",USD_R,USD (constant prices and exchange rates),2008,,26.518,,I,Imputed Value,F,Non-confidential,6,Millions,3,
DATAFLOW,OECD.IEA:RDDPUBLIC(1.0),Public energy technology RD&D budgets,I,UK,United Kingdom,A,Annual,PUBLIC,Total public,FOSSILFUEL,Group 2: Fossil fuels,RDD,"Research, development and demonstration",USD_R,USD (constant prices and exchange rates),2009,,36.008,,I,Imputed Value,F,Non-confidential,6,Millions,3,
DATAFLOW,OECD.IEA:RDDPUBLIC(1.0),Public energy technology RD&D budgets,I,UK,United Kingdom,A,Annual,PUBLIC,Total public,FOSSILFUEL,Group 2: Fossil fuels,RDD,"Research, development and demonstration",USD_R,USD (constant prices and exchange rates),2010,,100.786,,I,Imputed Value,F,Non-confidential,6,Millions,3,
DATAFLOW,OECD.IEA:RDDPUBLIC(1.0),Public energy technology RD&D budgets,I,UK,United Kingdom,A,Annual,PUBLIC,Total public,FOSSILFUEL,Group 2: Fossil fuels,RDD,"Research, development and demonstration",USD_R,USD (constant prices and exchange rates),2011,,75.311,,I,Imputed Value,F,Non-confidential,6,Millions,3,
DATAFLOW,OECD.IEA:RDDPUBLIC(1.0),Public energy technology RD&D budgets,I,UK,United Kingdom,A,Annual,PUBLIC,Total public,FOSSILFUEL,Group 2: Fossil fuels,RDD,"Research, development and demonstration",USD_R,USD (constant prices and exchange rates),2012,,63.339,,I,Imputed Value,F,Non-confidential,6,Millions,3,
DATAFLOW,OECD.IEA:RDDPUBLIC(1.0),Public energy technology RD&D budgets,I,UK,United Kingdom,A,Annual,PUBLIC,Total public,FOSSILFUEL,Group 2: Fossil fuels,RDD,"Research, development and demonstration",USD_R,USD (constant prices and exchange rates),2013,,62.437,,I,Imputed Value,F,Non-confidential,6,Millions,3,
DATAFLOW,OECD.IEA:RDDPUBLIC(1.0),Public energy technology RD&D budgets,I,UK,United Kingdom,A,Annual,PUBLIC,Total public,FOSSILFUEL,Group 2: Fossil fuels,RDD,"Research, development and demonstration",USD_R,USD (constant prices and exchange rates),2014,,123.183,,I,Imputed Value,F,Non-confidential,6,Millions,3,
DATAFLOW,OECD.IEA:RDDPUBLIC(1.0),Public energy technology RD&D budgets,I,UK,United Kingdom,A,Annual,PUBLIC,Total public,FOSSILFUEL,Group 2: Fossil fuels,RDD,"Research, development and demonstration",USD_R,USD (constant prices and exchange rates),2015,,28.184,,I,Imputed Value,F,Non-confidential,6,Millions,3,
DATAFLOW,OECD.IEA:RDDPUBLIC(1.0),Public energy technology RD&D budgets,I,UK,United Kingdom,A,Annual,PUBLIC,Total public,FOSSILFUEL,Group 2: Fossil fuels,RDD,"Research, development and demonstration",USD_R,USD (constant prices and exchange rates),2016,,44.626,,I,Imputed Value,F,Non-confidential,6,Millions,3,
DATAFLOW,OECD.IEA:RDDPUBLIC(1.0),Public energy technology RD&D budgets,I,UK,United Kingdom,A,Annual,PUBLIC,Total public,FOSSILFUEL,Group 2: Fossil fuels,RDD,"Research, development and demonstration",USD_R,USD (constant prices and exchange rates),2017,,55.112,,I,Imputed Value,F,Non-confidential,6,Millions,3,
DATAFLOW,OECD.IEA:RDDPUBLIC(1.0),Public energy technology RD&D budgets,I,UK,United Kingdom,A,Annual,PUBLIC,Total public,FOSSILFUEL,Group 2: Fossil fuels,RDD,"Research, development and demonstration",USD_R,USD (constant prices and exchange rates),2018,,31.43,,I,Imputed Value,F,Non-confidential,6,Millions,3,
DATAFLOW,OECD.IEA:RDDPUBLIC(1.0),Public energy technology RD&D budgets,I,UK,United Kingdom,A,Annual,PUBLIC,Total public,FOSSILFUEL,Group 2: Fossil fuels,RDD,"Research, development and demonstration",USD_R,USD (constant prices and exchange rates),2019,,38.69,,I,Imputed Value,F,Non-confidential,6,Millions,3,
DATAFLOW,OECD.IEA:RDDPUBLIC(1.0),Public energy technology RD&D budgets,I,UK,United Kingdom,A,Annual,PUBLIC,Total public,FOSSILFUEL,Group 2: Fossil fuels,RDD,"Research, development and demonstration",USD_R,USD (constant prices and exchange rates),2020,,59.773,,I,Imputed Value,F,Non-confidential,6,Millions,3,
DATAFLOW,OECD.IEA:RDDPUBLIC(1.0),Public energy technology RD&D budgets,I,UK,United Kingdom,A,Annual,PUBLIC,Total public,FOSSILFUEL,Group 2: Fossil fuels,RDD,"Research, development and demonstration",USD_R,USD (constant prices and exchange rates),2021,,35.186,,I,Imputed Value,F,Non-confidential,6,Millions,3,
DATAFLOW,OECD.IEA:RDDPUBLIC(1.0),Public energy technology RD&D budgets,I,UK,United Kingdom,A,Annual,PUBLIC,Total public,FOSSILFUEL,Group 2: Fossil fuels,RDD,"Research, development and demonstration",USD_R,USD (constant prices and exchange rates),2022,,39.947,,I,Imputed Value,F,Non-confidential,6,Millions,3,
DATAFLOW,OECD.IEA:RDDPUBLIC(1.0),Public energy technology RD&D budgets,I,UK,United Kingdom,A,Annual,PUBLIC,Total public,FOSSILFUEL,Group 2: Fossil fuels,RDD,"Research, development and demonstration",USD_R,USD (constant prices and exchange rates),2023,,70.309,,I,Imputed Value,F,Non-confidential,6,Millions,3,
DATAFLOW,OECD.IEA:RDDPUBLIC(1.0),Public energy technology RD&D budgets,I,UK,United Kingdom,A,Annual,PUBLIC,Total public,FOSSILFUEL,Group 2: Fossil fuels,RDD,"Research, development and demonstration",USD_R,USD (constant prices and exchange rates),2024,,33.599,,P,Provisional Value,F,Non-confidential,6,Millions,3,
DATAFLOW,OECD.IEA:RDDPUBLIC(1.0),Public energy technology RD&D budgets,I,USA,United States,A,Annual,PUBLIC,Total public,TOTAL,Total,RDD,"Research, development and demonstration",USD_R,USD (constant prices and exchange rates),2000,,3909.433,,I,Imputed Value,F,Non-confidential,6,Millions,3,
DATAFLOW,OECD.IEA:RDDPUBLIC(1.0),Public energy technology RD&D budgets,I,USA,United States,A,Annual,PUBLIC,Total public,TOTAL,Total,RDD,"Research, development and demonstration",USD_R,USD (constant prices and exchange rates),2001,,4747.121,,I,Imputed Value,F,Non-confidential,6,Millions,3,
DATAFLOW,OECD.IEA:RDDPUBLIC(1.0),Public energy technology RD&D budgets,I,USA,United States,A,Annual,PUBLIC,Total public,TOTAL,Total,RDD,"Research, development and demonstration",USD_R,USD (constant prices and exchange rates),2002,,4729.01,,I,Imputed Value,F,Non-confidential,6,Millions,3,
DATAFLOW,OECD.IEA:RDDPUBLIC(1.0),Public energy technology RD&D budgets,I,USA,United States,A,Annual,PUBLIC,Total public,TOTAL,Total,RDD,"Research, development and demonstration",USD_R,USD (constant prices and exchange rates),2003,,4479.136,,I,Imputed Value,F,Non-confidential,6,Millions,3,
DATAFLOW,OECD.IEA:RDDPUBLIC(1.0),Public energy technology RD&D budgets,I,USA,United States,A,Annual,PUBLIC,Total public,TOTAL,Total,RDD,"Research, development and demonstration",USD_R,USD (constant prices and exchange rates),2004,,4581.514,,I,Imputed Value,F,Non-confidential,6,Millions,3,
DATAFLOW,OECD.IEA:RDDPUBLIC(1.0),Public energy technology RD&D budgets,I,USA,United States,A,Annual,PUBLIC,Total public,TOTAL,Total,RDD,"Research, development and demonstration",USD_R,USD (constant prices and exchange rates),2005,,5079.53,,I,Imputed Value,F,Non-confidential,6,Millions,3,
DATAFLOW,OECD.IEA:RDDPUBLIC(1.0),Public energy technology RD&D budgets,I,USA,United States,A,Annual,PUBLIC,Total public,TOTAL,Total,RDD,"Research, development and demonstration",USD_R,USD (constant prices and exchange rates),2006,,4697.407,,I,Imputed Value,F,Non-confidential,6,Millions,3,
DATAFLOW,OECD.IEA:RDDPUBLIC(1.0),Public energy technology RD&D budgets,I,USA,United States,A,Annual,PUBLIC,Total public,TOTAL,Total,RDD,"Research, development and demonstration",USD_R,USD (constant prices and exchange rates),2007,,5868.587,,I,Imputed Value,F,Non-confidential,6,Millions,3,
DATAFLOW,OECD.IEA:RDDPUBLIC(1.0),Public energy technology RD&D budgets,I,USA,United States,A,Annual,PUBLIC,Total public,TOTAL,Total,RDD,"Research, development and demonstration",USD_R,USD (constant prices and exchange rates),2008,,6249.414,,I,Imputed Value,F,Non-confidential,6,Millions,3,
DATAFLOW,OECD.IEA:RDDPUBLIC(1.0),Public energy technology RD&D budgets,I,USA,United States,A,Annual,PUBLIC,Total public,TOTAL,Total,RDD,"Research, development and demonstration",USD_R,USD (constant prices and exchange rates),2009,,13895.758,,I,Imputed Value,F,Non-confidential,6,Millions,3,
DATAFLOW,OECD.IEA:RDDPUBLIC(1.0),Public energy technology RD&D budgets,I,USA,United States,A,Annual,PUBLIC,Total public,TOTAL,Total,RDD,"Research, development and demonstration",USD_R,USD (constant prices and exchange rates),2010,,6672.025,,I,Imputed Value,F,Non-confidential,6,Millions,3,
DATAFLOW,OECD.IEA:RDDPUBLIC(1.0),Public energy technology RD&D budgets,I,USA,United States,A,Annual,PUBLIC,Total public,TOTAL,Total,RDD,"Research, development and demonstration",USD_R,USD (constant prices and exchange rates),2011,,8735.027,,I,Imputed Value,F,Non-confidential,6,Millions,3,
DATAFLOW,OECD.IEA:RDDPUBLIC(1.0),Public energy technology RD&D budgets,I,USA,United States,A,Annual,PUBLIC,Total public,TOTAL,Total,RDD,"Research, development and demonstration",USD_R,USD (constant prices and exchange rates),2012,,8312.279,,I,Imputed Value,F,Non-confidential,6,Millions,3,
DATAFLOW,OECD.IEA:RDDPUBLIC(1.0),Public energy technology RD&D budgets,I,USA,United States,A,Annual,PUBLIC,Total public,TOTAL,Total,RDD,"Research, development and demonstration",USD_R,USD (constant prices and exchange rates),2013,,7849.925,,I,Imputed Value,F,Non-confidential,6,Millions,3,
DATAFLOW,OECD.IEA:RDDPUBLIC(1.0),Public energy technology RD&D budgets,I,USA,United States,A,Annual,PUBLIC,Total public,TOTAL,Total,RDD,"Research, development and demonstration",USD_R,USD (constant prices and exchange rates),2014,,8086.524,,I,Imputed Value,F,Non-confidential,6,Millions,3,
DATAFLOW,OECD.IEA:RDDPUBLIC(1.0),Public energy technology RD&D budgets,I,USA,United States,A,Annual,PUBLIC,Total public,TOTAL,Total,RDD,"Research, development and demonstration",USD_R,USD (constant prices and exchange rates),2015,,7804.513,,I,Imputed Value,F,Non-confidential,6,Millions,3,
DATAFLOW,OECD.IEA:RDDPUBLIC(1.0),Public energy technology RD&D budgets,I,EU_COMMISSION,European Union Funding,A,Annual,PUBLIC,Total public,FOSSILFUEL,Group 2: Fossil fuels,RDD,"Research, development and demonstration",USD_R,USD (constant prices and exchange rates),2014,,54.359,,I,Imputed Value,F,Non-confidential,6,Millions,3,
DATAFLOW,OECD.IEA:RDDPUBLIC(1.0),Public energy technology RD&D budgets,I,EU_COMMISSION,European Union Funding,A,Annual,PUBLIC,Total public,FOSSILFUEL,Group 2: Fossil fuels,RDD,"Research, development and demonstration",USD_R,USD (constant prices and exchange rates),2015,,102.003,,I,Imputed Value,F,Non-confidential,6,Millions,3,
DATAFLOW,OECD.IEA:RDDPUBLIC(1.0),Public energy technology RD&D budgets,I,EU_COMMISSION,European Union Funding,A,Annual,PUBLIC,Total public,FOSSILFUEL,Group 2: Fossil fuels,RDD,"Research, development and demonstration",USD_R,USD (constant prices and exchange rates),2016,,30.225,,I,Imputed Value,F,Non-confidential,6,Millions,3,
DATAFLOW,OECD.IEA:RDDPUBLIC(1.0),Public energy technology RD&D budgets,I,EU_COMMISSION,European Union Funding,A,Annual,PUBLIC,Total public,FOSSILFUEL,Group 2: Fossil fuels,RDD,"Research, development and demonstration",USD_R,USD (constant prices and exchange rates),2017,,90.564,,I,Imputed Value,F,Non-confidential,6,Millions,3,
DATAFLOW,OECD.IEA:RDDPUBLIC(1.0),Public energy technology RD&D budgets,I,EU_COMMISSION,European Union Funding,A,Annual,PUBLIC,Total public,FOSSILFUEL,Group 2: Fossil fuels,RDD,"Research, development and demonstration",USD_R,USD (constant prices and exchange rates),2018,,65.448,,I,Imputed Value,F,Non-confidential,6,Millions,3,
DATAFLOW,OECD.IEA:RDDPUBLIC(1.0),Public energy technology RD&D budgets,I,EU_COMMISSION,European Union Funding,A,Annual,PUBLIC,Total public,FOSSILFUEL,Group 2: Fossil fuels,RDD,"Research, development and demonstration",USD_R,USD (constant prices and exchange rates),2019,,58.115,,I,Imputed Value,F,Non-confidential,6,Millions,3,
DATAFLOW,OECD.IEA:RDDPUBLIC(1.0),Public energy technology RD&D budgets,I,EU_COMMISSION,European Union Funding,A,Annual,PUBLIC,Total public,FOSSILFUEL,Group 2: Fossil fuels,RDD,"Research, development and demonstration",USD_R,USD (constant prices and exchange rates),2020,,892.967,,I,Imputed Value,F,Non-confidential,6,Millions,3,
DATAFLOW,OECD.IEA:RDDPUBLIC(1.0),Public energy technology RD&D budgets,I,EU_COMMISSION,European Union Funding,A,Annual,PUBLIC,Total public,FOSSILFUEL,Group 2: Fossil fuels,RDD,"Research, development and demonstration",USD_R,USD (constant prices and exchange rates),2021,,1263.929,,I,Imputed Value,F,Non-confidential,6,Millions,3,
DATAFLOW,OECD.IEA:RDDPUBLIC(1.0),Public energy technology RD&D budgets,I,EU_COMMISSION,European Union Funding,A,Annual,PUBLIC,Total public,FOSSILFUEL,Group 2: Fossil fuels,RDD,"Research, development and demonstration",USD_R,USD (constant prices and exchange rates),2022,,1611.102,,I,Imputed Value,F,Non-confidential,6,Millions,3,
DATAFLOW,OECD.IEA:RDDPUBLIC(1.0),Public energy technology RD&D budgets,I,EU_COMMISSION,European Union Funding,A,Annual,PUBLIC,Total public,FOSSILFUEL,Group 2: Fossil fuels,RDD,"Research, development and demonstration",USD_R,USD (constant prices and exchange rates),2023,,1921.298,,I,Imputed Value,F,Non-confidential,6,Millions,3,
DATAFLOW,OECD.IEA:RDDPUBLIC(1.0),Public energy technology RD&D budgets,I,EU_COMMISSION,European Union Funding,A,Annual,PUBLIC,Total public,FOSSILFUEL,Group 2: Fossil fuels,RDD,"Research, development and demonstration",USD_R,USD (constant prices and exchange rates),2024,,32.471,,P,Provisional Value,F,Non-confidential,6,Millions,3,
DATAFLOW,OECD.IEA:RDDPUBLIC(1.0),Public energy technology RD&D budgets,I,ITALY,Italy,A,Annual,PUBLIC,Total public,FOSSILFUEL,Group 2: Fossil fuels,RDD,"Research, development and demonstration",USD_R,USD (constant prices and exchange rates),2000,,0,,I,Imputed Value,F,Non-confidential,6,Millions,3,
DATAFLOW,OECD.IEA:RDDPUBLIC(1.0),Public energy technology RD&D budgets,I,ITALY,Italy,A,Annual,PUBLIC,Total public,FOSSILFUEL,Group 2: Fossil fuels,RDD,"Research, development and demonstration",USD_R,USD (constant prices and exchange rates),2001,,0,,I,Imputed Value,F,Non-confidential,6,Millions,3,
DATAFLOW,OECD.IEA:RDDPUBLIC(1.0),Public energy technology RD&D budgets,I,ITALY,Italy,A,Annual,PUBLIC,Total public,FOSSILFUEL,Group 2: Fossil fuels,RDD,"Research, development and demonstration",USD_R,USD (constant prices and exchange rates),2002,,22.129,,I,Imputed Value,F,Non-confidential,6,Millions,3,
DATAFLOW,OECD.IEA:RDDPUBLIC(1.0),Public energy technology RD&D budgets,I,ITALY,Italy,A,Annual,PUBLIC,Total public,FOSSILFUEL,Group 2: Fossil fuels,RDD,"Research, development and demonstration",USD_R,USD (constant prices and exchange rates),2003,,21.439,,I,Imputed Value,F,Non-confidential,6,Millions,3,
DATAFLOW,OECD.IEA:RDDPUBLIC(1.0),Public energy technology RD&D budgets,I,ITALY,Italy,A,Annual,PUBLIC,Total public,FOSSILFUEL,Group 2: Fossil fuels,RDD,"Research, development and demonstration",USD_R,USD (constant prices and exchange rates),2004,,20.894,,I,Imputed Value,F,Non-confidential,6,Millions,3,
DATAFLOW,OECD.IEA:RDDPUBLIC(1.0),Public energy technology RD&D budgets,I,ITALY,Italy,A,Annual,PUBLIC,Total public,FOSSILFUEL,Group 2: Fossil fuels,RDD,"Research, development and demonstration",USD_R,USD (constant prices and exchange rates),2005,,20.447,,I,Imputed Value,F,Non-confidential,6,Millions,3,
DATAFLOW,OECD.IEA:RDDPUBLIC(1.0),Public energy technology RD&D budgets,I,ITALY,Italy,A,Annual,PUBLIC,Total public,FOSSILFUEL,Group 2: Fossil fuels,RDD,"Research, development and demonstration",USD_R,USD (constant prices and exchange rates),2006,,63.747,,I,Imputed Value,F,Non-confidential,6,Millions,3,
DATAFLOW,OECD.IEA:RDDPUBLIC(1.0),Public energy technology RD&D budgets,I,ITALY,Italy,A,Annual,PUBLIC,Total public,FOSSILFUEL,Group 2: Fossil fuels,RDD,"Research, development and demonstration",USD_R,USD (constant prices and exchange rates),2007,,58.592,,I,Imputed Value,F,Non-confidential,6,Millions,3,
DATAFLOW,OECD.IEA:RDDPUBLIC(1.0),Public energy technology RD&D budgets,I,ITALY,Italy,A,Annual,PUBLIC,Total public,FOSSILFUEL,Group 2: Fossil fuels,RDD,"Research, development and demonstration",USD_R,USD (constant prices and exchange rates),2008,,48.044,,I,Imputed Value,F,Non-confidential,6,Millions,3,
DATAFLOW,OECD.IEA:RDDPUBLIC(1.0),Public energy technology RD&D budgets,I,ITALY,Italy,A,Annual,PUBLIC,Total public,FOSSILFUEL,Group 2: Fossil fuels,RDD,"Research, development and demonstration",USD_R,USD (constant prices and exchange rates),2009,,29.186,,I,Imputed Value,F,Non-confidential,6,Millions,3,
DATAFLOW,OECD.IEA:RDDPUBLIC(1.0),Public energy technology RD&D budgets,I,ITALY,Italy,A,Annual,PUBLIC,Total public,FOSSILFUEL,Group 2: Fossil fuels,RDD,"Research, development and demonstration",USD_R,USD (constant prices and exchange rates),2010,,130.682,,I,Imputed Value,F,Non-confidential,6,Millions,3,
DATAFLOW,OECD.IEA:RDDPUBLIC(1.0),Public energy technology RD&D budgets,I,ITALY,Italy,A,Annual,PUBLIC,Total public,FOSSILFUEL,Group 2: Fossil fuels,RDD,"Research, development and demonstration",USD_R,USD (constant prices and exchange rates),2011,,125.959,,I,Imputed Value,F,Non-confidential,6,Millions,3,
DATAFLOW,OECD.IEA:RDDPUBLIC(1.0),Public energy technology RD&D budgets,I,ITALY,Italy,A,Annual,PUBLIC,Total public,FOSSILFUEL,Group 2: Fossil fuels,RDD,"Research, development and demonstration",USD_R,USD (constant prices and exchange rates),2012,,103.187,,I,Imputed Value,F,Non-confidential,6,Millions,3,
DATAFLOW,OECD.IEA:RDDPUBLIC(1.0),Public energy technology RD&D budgets,I,ITALY,Italy,A,Annual,PUBLIC,Total public,FOSSILFUEL,Group 2: Fossil fuels,RDD,"Research, development and demonstration",USD_R,USD (constant prices and exchange rates),2013,,141.103,,I,Imputed Value,F,Non-confidential,6,Millions,3,
DATAFLOW,OECD.IEA:RDDPUBLIC(1.0),Public energy technology RD&D budgets,I,ITALY,Italy,A,Annual,PUBLIC,Total public,FOSSILFUEL,Group 2: Fossil fuels,RDD,"Research, development and demonstration",USD_R,USD (constant prices and exchange rates),2014,,125.288,,I,Imputed Value,F,Non-confidential,6,Millions,3,
DATAFLOW,OECD.IEA:RDDPUBLIC(1.0),Public energy technology RD&D budgets,I,ITALY,Italy,A,Annual,PUBLIC,Total public,FOSSILFUEL,Group 2: Fossil fuels,RDD,"Research, development and demonstration",USD_R,USD (constant prices and exchange rates),2015,,108.958,,I,Imputed Value,F,Non-confidential,6,Millions,3,
DATAFLOW,OECD.IEA:RDDPUBLIC(1.0),Public energy technology RD&D budgets,I,ITALY,Italy,A,Annual,PUBLIC,Total public,FOSSILFUEL,Group 2: Fossil fuels,RDD,"Research, development and demonstration",USD_R,USD (constant prices and exchange rates),2016,,110.603,,I,Imputed Value,F,Non-confidential,6,Millions,3,
DATAFLOW,OECD.IEA:RDDPUBLIC(1.0),Public energy technology RD&D budgets,I,ITALY,Italy,A,Annual,PUBLIC,Total public,FOSSILFUEL,Group 2: Fossil fuels,RDD,"Research, development and demonstration",USD_R,USD (constant prices and exchange rates),2017,,111.847,,I,Imputed Value,F,Non-confidential,6,Millions,3,
DATAFLOW,OECD.IEA:RDDPUBLIC(1.0),Public energy technology RD&D budgets,I,ITALY,Italy,A,Annual,PUBLIC,Total public,FOSSILFUEL,Group 2: Fossil fuels,RDD,"Research, development and demonstration",USD_R,USD (constant prices and exchange rates),2018,,114.259,,I,Imputed Value,F,Non-confidential,6,Millions,3,
DATAFLOW,OECD.IEA:RDDPUBLIC(1.0),Public energy technology RD&D budgets,I,ITALY,Italy,A,Annual,PUBLIC,Total public,FOSSILFUEL,Group 2: Fossil fuels,RDD,"Research, development and demonstration",USD_R,USD (constant prices and exchange rates),2019,,135.493,,I,Imputed Value,F,Non-confidential,6,Millions,3,
DATAFLOW,OECD.IEA:RDDPUBLIC(1.0),Public energy technology RD&D budgets,I,ITALY,Italy,A,Annual,PUBLIC,Total public,FOSSILFUEL,Group 2: Fossil fuels,RDD,"Research, development and demonstration",USD_R,USD (constant prices and exchange rates),2020,,98.49,,I,Imputed Value,F,Non-confidential,6,Millions,3,
DATAFLOW,OECD.IEA:RDDPUBLIC(1.0),Public energy technology RD&D budgets,I,ITALY,Italy,A,Annual,PUBLIC,Total public,FOSSILFUEL,Group 2: Fossil fuels,RDD,"Research, development and demonstration",USD_R,USD (constant prices and exchange rates),2021,,112.962,,I,Imputed Value,F,Non-confidential,6,Millions,3,
DATAFLOW,OECD.IEA:RDDPUBLIC(1.0),Public energy technology RD&D budgets,I,ITALY,Italy,A,Annual,PUBLIC,Total public,FOSSILFUEL,Group 2: Fossil fuels,RDD,"Research, development and demonstration",USD_R,USD (constant prices and exchange rates),2022,,73.926,,I,Imputed Value,F,Non-confidential,6,Millions,3,
DATAFLOW,OECD.IEA:RDDPUBLIC(1.0),Public energy technology RD&D budgets,I,TURKIYE,Republic of Türkiye,A,Annual,PUBLIC,Total public,TOTAL,Total,RDD,"Research, development and demonstration",USD_R,USD (constant prices and exchange rates),2000,,5.42,,I,Imputed Value,F,Non-confidential,6,Millions,3,
DATAFLOW,OECD.IEA:RDDPUBLIC(1.0),Public energy technology RD&D budgets,I,TURKIYE,Republic of Türkiye,A,Annual,PUBLIC,Total public,TOTAL,Total,RDD,"Research, development and demonstration",USD_R,USD (constant prices and exchange rates),2001,,5.932,,I,Imputed Value,F,Non-confidential,6,Millions,3,
DATAFLOW,OECD.IEA:RDDPUBLIC(1.0),Public energy technology RD&D budgets,I,TURKIYE,Republic of Türkiye,A,Annual,PUBLIC,Total public,TOTAL,Total,RDD,"Research, development and demonstration",USD_R,USD (constant prices and exchange rates),2002,,4.879,,I,Imputed Value,F,Non-confidential,6,Millions,3,
DATAFLOW,OECD.IEA:RDDPUBLIC(1.0),Public energy technology RD&D budgets,I,TURKIYE,Republic of Türkiye,A,Annual,PUBLIC,Total public,TOTAL,Total,RDD,"Research, development and demonstration",USD_R,USD (constant prices and exchange rates),2003,,4.857,,I,Imputed Value,F,Non-confidential,6,Millions,3,
DATAFLOW,OECD.IEA:RDDPUBLIC(1.0),Public energy technology RD&D budgets,I,TURKIYE,Republic of Türkiye,A,Annual,PUBLIC,Total public,TOTAL,Total,RDD,"Research, development and demonstration",USD_R,USD (constant prices and exchange rates),2004,,1.205,,I,Imputed Value,F,Non-confidential,6,Millions,3,
DATAFLOW,OECD.IEA:RDDPUBLIC(1.0),Public energy technology RD&D budgets,I,TURKIYE,Republic of Türkiye,A,Annual,PUBLIC,Total public,TOTAL,Total,RDD,"Research, development and demonstration",USD_R,USD (constant prices and exchange rates),2005,,2.981,,I,Imputed Value,F,Non-confidential,6,Millions,3,
DATAFLOW,OECD.IEA:RDDPUBLIC(1.0),Public energy technology RD&D budgets,I,TURKIYE,Republic of Türkiye,A,Annual,PUBLIC,Total public,TOTAL,Total,RDD,"Research, development and demonstration",USD_R,USD (constant prices and exchange rates),2006,,5.05,,I,Imputed Value,F,Non-confidential,6,Millions,3,
DATAFLOW,OECD.IEA:RDDPUBLIC(1.0),Public energy technology RD&D budgets,I,TURKIYE,Republic of Türkiye,A,Annual,PUBLIC,Total public,TOTAL,Total,RDD,"Research, development and demonstration",USD_R,USD (constant prices and exchange rates),2007,,7.151,,I,Imputed Value,F,Non-confidential,6,Millions,3,
DATAFLOW,OECD.IEA:RDDPUBLIC(1.0),Public energy technology RD&D budgets,I,TURKIYE,Republic of Türkiye,A,Annual,PUBLIC,Total public,TOTAL,Total,RDD,"Research, development and demonstration",USD_R,USD (constant prices and exchange rates),2008,,5.91,,I,Imputed Value,F,Non-confidential,6,Millions,3,
DATAFLOW,OECD.IEA:RDDPUBLIC(1.0),Public energy technology RD&D budgets,I,TURKIYE,Republic of Türkiye,A,Annual,PUBLIC,Total public,TOTAL,Total,RDD,"Research, development and demonstration",USD_R,USD (constant prices and exchange rates),2009,,7.251,,I,Imputed Value,F,Non-confidential,6,Millions,3,
DATAFLOW,OECD.IEA:RDDPUBLIC(1.0),Public energy technology RD&D budgets,I,TURKIYE,Republic of Türkiye,A,Annual,PUBLIC,Total public,TOTAL,Total,RDD,"Research, development and demonstration",USD_R,USD (constant prices and exchange rates),2014,,61.397,,I,Imputed Value,F,Non-confidential,6,Millions,3,
DATAFLOW,OECD.IEA:RDDPUBLIC(1.0),Public energy technology RD&D budgets,I,TURKIYE,Republic of Türkiye,A,Annual,PUBLIC,Total public,TOTAL,Total,RDD,"Research, development and demonstration",USD_R,USD (constant prices and exchange rates),2015,,56.596,,I,Imputed Value,F,Non-confidential,6,Millions,3,
DATAFLOW,OECD.IEA:RDDPUBLIC(1.0),Public energy technology RD&D budgets,I,TURKIYE,Republic of Türkiye,A,Annual,PUBLIC,Total public,TOTAL,Total,RDD,"Research, development and demonstration",USD_R,USD (constant prices and exchange rates),2016,,76.901,,I,Imputed Value,F,Non-confidential,6,Millions,3,
DATAFLOW,OECD.IEA:RDDPUBLIC(1.0),Public energy technology RD&D budgets,I,TURKIYE,Republic of Türkiye,A,Annual,PUBLIC,Total public,TOTAL,Total,RDD,"Research, development and demonstration",USD_R,USD (constant prices and exchange rates),2017,,86.989,,I,Imputed Value,F,Non-confidential,6,Millions,3,
DATAFLOW,OECD.IEA:RDDPUBLIC(1.0),Public energy technology RD&D budgets,I,TURKIYE,Republic of Türkiye,A,Annual,PUBLIC,Total public,TOTAL,Total,RDD,"Research, development and demonstration",USD_R,USD (constant prices and exchange rates),2018,,76.802,,I,Imputed Value,F,Non-confidential,6,Millions,3,
DATAFLOW,OECD.IEA:RDDPUBLIC(1.0),Public energy technology RD&D budgets,I,TURKIYE,Republic of Türkiye,A,Annual,PUBLIC,Total public,TOTAL,Total,RDD,"Research, development and demonstration",USD_R,USD (constant prices and exchange rates),2019,,92.096,,I,Imputed Value,F,Non-confidential,6,Millions,3,
DATAFLOW,OECD.IEA:RDDPUBLIC(1.0),Public energy technology RD&D budgets,I,TURKIYE,Republic of Türkiye,A,Annual,PUBLIC,Total public,TOTAL,Total,RDD,"Research, development and demonstration",USD_R,USD (constant prices and exchange rates),2020,,43.756,,I,Imputed Value,F,Non-confidential,6,Millions,3,
DATAFLOW,OECD.IEA:RDDPUBLIC(1.0),Public energy technology RD&D budgets,I,TURKIYE,Republic of Türkiye,A,Annual,PUBLIC,Total public,TOTAL,Total,RDD,"Research, development and demonstration",USD_R,USD (constant prices and exchange rates),2021,,46.423,,I,Imputed Value,F,Non-confidential,6,Millions,3,
DATAFLOW,OECD.IEA:RDDPUBLIC(1.0),Public energy technology RD&D budgets,I,TURKIYE,Republic of Türkiye,A,Annual,PUBLIC,Total public,TOTAL,Total,RDD,"Research, development and demonstration",USD_R,USD (constant prices and exchange rates),2022,,26.658,,I,Imputed Value,F,Non-confidential,6,Millions,3,
DATAFLOW,OECD.IEA:RDDPUBLIC(1.0),Public energy technology RD&D budgets,I,TURKIYE,Republic of Türkiye,A,Annual,PUBLIC,Total public,TOTAL,Total,RDD,"Research, development and demonstration",USD_R,USD (constant prices and exchange rates),2023,,29.1,,I,Imputed Value,F,Non-confidential,6,Millions,3,
DATAFLOW,OECD.IEA:RDDPUBLIC(1.0),Public energy technology RD&D budgets,I,TURKIYE,Republic of Türkiye,A,Annual,PUBLIC,Total public,TOTAL,Total,RDD,"Research, development and demonstration",USD_R,USD (constant prices and exchange rates),2024,,36.818,,P,Provisional Value,F,Non-confidential,6,Millions,3,
DATAFLOW,OECD.IEA:RDDPUBLIC(1.0),Public energy technology RD&D budgets,I,SWEDEN,Sweden,A,Annual,PUBLIC,Total public,FOSSILFUEL,Group 2: Fossil fuels,RDD,"Research, development and demonstration",USD_R,USD (constant prices and exchange rates),2000,,0.247,,I,Imputed Value,F,Non-confidential,6,Millions,3,
DATAFLOW,OECD.IEA:RDDPUBLIC(1.0),Public energy technology RD&D budgets,I,SWEDEN,Sweden,A,Annual,PUBLIC,Total public,FOSSILFUEL,Group 2: Fossil fuels,RDD,"Research, development and demonstration",USD_R,USD (constant prices and exchange rates),2001,,0.2,,I,Imputed Value,F,Non-confidential,6,Millions,3,
DATAFLOW,OECD.IEA:RDDPUBLIC(1.0),Public energy technology RD&D budgets,I,SWEDEN,Sweden,A,Annual,PUBLIC,Total public,FOSSILFUEL,Group 2: Fossil fuels,RDD,"Research, development and demonstration",USD_R,USD (constant prices and exchange rates),2002,,0.141,,I,Imputed Value,F,Non-confidential,6,Millions,3,
DATAFLOW,OECD.IEA:RDDPUBLIC(1.0),Public energy technology RD&D budgets,I,SWEDEN,Sweden,A,Annual,PUBLIC,Total public,FOSSILFUEL,Group 2: Fossil fuels,RDD,"Research, development and demonstration",USD_R,USD (constant prices and exchange rates),2003,,0.178,,I,Imputed Value,F,Non-confidential,6,Millions,3,
DATAFLOW,OECD.IEA:RDDPUBLIC(1.0),Public energy technology RD&D budgets,I,SWEDEN,Sweden,A,Annual,PUBLIC,Total public,FOSSILFUEL,Group 2: Fossil fuels,RDD,"Research, development and demonstration",USD_R,USD (constant prices and exchange rates),2004,,0.121,,I,Imputed Value,F,Non-confidential,6,Millions,3,
DATAFLOW,OECD.IEA:RDDPUBLIC(1.0),Public energy technology RD&D budgets,I,SWEDEN,Sweden,A,Annual,PUBLIC,Total public,FOSSILFUEL,Group 2: Fossil fuels,RDD,"Research, development and demonstration",USD_R,USD (constant prices and exchange rates),2005,,0.124,,I,Imputed Value,F,Non-confidential,6,Millions,3,
DATAFLOW,OECD.IEA:RDDPUBLIC(1.0),Public energy technology RD&D budgets,I,SWEDEN,Sweden,A,Annual,PUBLIC,Total public,FOSSILFUEL,Group 2: Fossil fuels,RDD,"Research, development and demonstration",USD_R,USD (constant prices and exchange rates),2006,,0.162,,I,Imputed Value,F,Non-confidential,6,Millions,3,
DATAFLOW,OECD.IEA:RDDPUBLIC(1.0),Public energy technology RD&D budgets,I,SWEDEN,Sweden,A,Annual,PUBLIC,Total public,FOSSILFUEL,Group 2: Fossil fuels,RDD,"Research, development and demonstration",USD_R,USD (constant prices and exchange rates),2007,,0.097,,I,Imputed Value,F,Non-confidential,6,Millions,3,
DATAFLOW,OECD.IEA:RDDPUBLIC(1.0),Public energy technology RD&D budgets,I,SWEDEN,Sweden,A,Annual,PUBLIC,Total public,FOSSILFUEL,Group 2: Fossil fuels,RDD,"Research, development and demonstration",USD_R,USD (constant prices and exchange rates),2008,,0.083,,I,Imputed Value,F,Non-confidential,6,Millions,3,
DATAFLOW,OECD.IEA:RDDPUBLIC(1.0),Public energy technology RD&D budgets,I,SWEDEN,Sweden,A,Annual,PUBLIC,Total public,FOSSILFUEL,Group 2: Fossil fuels,RDD,"Research, development and demonstration",USD_R,USD (constant prices and exchange rates),2009,,0.163,,I,Imputed Value,F,Non-confidential,6,Millions,3,
DATAFLOW,OECD.IEA:RDDPUBLIC(1.0),Public energy technology RD&D budgets,I,SWEDEN,Sweden,A,Annual,PUBLIC,Total public,FOSSILFUEL,Group 2: Fossil fuels,RDD,"Research, development and demonstration",USD_R,USD (constant prices and exchange rates),2010,,0,,I,Imputed Value,F,Non-confidential,6,Millions,3,
DATAFLOW,OECD.IEA:RDDPUBLIC(1.0),Public energy technology RD&D budgets,I,SWEDEN,Sweden,A,Annual,PUBLIC,Total public,FOSSILFUEL,Group 2: Fossil fuels,RDD,"Research, development and demonstration",USD_R,USD (constant prices and exchange rates),2011,,1.127,,I,Imputed Value,F,Non-confidential,6,Millions,3,
DATAFLOW,OECD.IEA:RDDPUBLIC(1.0),Public energy technology RD&D budgets,I,SWEDEN,Sweden,A,Annual,PUBLIC,Total public,FOSSILFUEL,Group 2: Fossil fuels,RDD,"Research, development and demonstration",USD_R,USD (constant prices and exchange rates),2012,,1.616,,I,Imputed Value,F,Non-confidential,6,Millions,3,
DATAFLOW,OECD.IEA:RDDPUBLIC(1.0),Public energy technology RD&D budgets,I,SWEDEN,Sweden,A,Annual,PUBLIC,Total public,FOSSILFUEL,Group 2: Fossil fuels,RDD,"Research, development and demonstration",USD_R,USD (constant prices and exchange rates),2013,,1.782,,I,Imputed Value,F,Non-confidential,6,Millions,3,
DATAFLOW,OECD.IEA:RDDPUBLIC(1.0),Public energy technology RD&D budgets,I,SWEDEN,Sweden,A,Annual,PUBLIC,Total public,FOSSILFUEL,Group 2: Fossil fuels,RDD,"Research, development and demonstration",USD_R,USD (constant prices and exchange rates),2014,,1.839,,I,Imputed Value,F,Non-confidential,6,Millions,3,
DATAFLOW,OECD.IEA:RDDPUBLIC(1.0),Public energy technology RD&D budgets,I,SWEDEN,Sweden,A,Annual,PUBLIC,Total public,FOSSILFUEL,Group 2: Fossil fuels,RDD,"Research, development and demonstration",USD_R,USD (constant prices and exchange rates),2015,,0.709,,I,Imputed Value,F,Non-confidential,6,Millions,3,
DATAFLOW,OECD.IEA:RDDPUBLIC(1.0),Public energy technology RD&D budgets,I,SWEDEN,Sweden,A,Annual,PUBLIC,Total public,FOSSILFUEL,Group 2: Fossil fuels,RDD,"Research, development and demonstration",USD_R,USD (constant prices and exchange rates),2016,,0.657,,I,Imputed Value,F,Non-confidential,6,Millions,3,
DATAFLOW,OECD.IEA:RDDPUBLIC(1.0),Public energy technology RD&D budgets,I,SWEDEN,Sweden,A,Annual,PUBLIC,Total public,FOSSILFUEL,Group 2: Fossil fuels,RDD,"Research, development and demonstration",USD_R,USD (constant prices and exchange rates),2018,,0.652,,I,Imputed Value,F,Non-confidential,6,Millions,3,
DATAFLOW,OECD.IEA:RDDPUBLIC(1.0),Public energy technology RD&D budgets,I,SWEDEN,Sweden,A,Annual,PUBLIC,Total public,FOSSILFUEL,Group 2: Fossil fuels,RDD,"Research, development and demonstration",USD_R,USD (constant prices and exchange rates),2019,,1.872,,I,Imputed Value,F,Non-confidential,6,Millions,3,
DATAFLOW,OECD.IEA:RDDPUBLIC(1.0),Public energy technology RD&D budgets,I,SWEDEN,Sweden,A,Annual,PUBLIC,Total public,FOSSILFUEL,Group 2: Fossil fuels,RDD,"Research, development and demonstration",USD_R,USD (constant prices and exchange rates),2020,,7.631,,I,Imputed Value,F,Non-confidential,6,Millions,3,
DATAFLOW,OECD.IEA:RDDPUBLIC(1.0),Public energy technology RD&D budgets,I,SWEDEN,Sweden,A,Annual,PUBLIC,Total public,FOSSILFUEL,Group 2: Fossil fuels,RDD,"Research, development and demonstration",USD_R,USD (constant prices and exchange rates),2021,,7.58,,I,Imputed Value,F,Non-confidential,6,Millions,3,
DATAFLOW,OECD.IEA:RDDPUBLIC(1.0),Public energy technology RD&D budgets,I,SWEDEN,Sweden,A,Annual,PUBLIC,Total public,FOSSILFUEL,Group 2: Fossil fuels,RDD,"Research, development and demonstration",USD_R,USD (constant prices and exchange rates),2022,,7.142,,I,Imputed Value,F,Non-confidential,6,Millions,3,
DATAFLOW,OECD.IEA:RDDPUBLIC(1.0),Public energy technology RD&D budgets,I,SWEDEN,Sweden,A,Annual,PUBLIC,Total public,FOSSILFUEL,Group 2: Fossil fuels,RDD,"Research, development and demonstration",USD_R,USD (constant prices and exchange rates),2023,,13.076,,I,Imputed Value,F,Non-confidential,6,Millions,3,
DATAFLOW,OECD.IEA:RDDPUBLIC(1.0),Public energy technology RD&D budgets,I,SWEDEN,Sweden,A,Annual,PUBLIC,Total public,FOSSILFUEL,Group 2: Fossil fuels,RDD,"Research, development and demonstration",USD_R,USD (constant prices and exchange rates),2024,,7.643,,P,Provisional Value,F,Non-confidential,6,Millions,3,
DATAFLOW,OECD.IEA:RDDPUBLIC(1.0),Public energy technology RD&D budgets,I,FINLAND,Finland,A,Annual,PUBLIC,Total public,FOSSILFUEL,Group 2: Fossil fuels,RDD,"Research, development and demonstration",USD_R,USD (constant prices and exchange rates),2000,,6.563,,I,Imputed Value,F,Non-confidential,6,Millions,3,
DATAFLOW,OECD.IEA:RDDPUBLIC(1.0),Public energy technology RD&D budgets,I,FINLAND,Finland,A,Annual,PUBLIC,Total public,FOSSILFUEL,Group 2: Fossil fuels,RDD,"Research, development and demonstration",USD_R,USD (constant prices and exchange rates),2001,,7.913,,I,Imputed Value,F,Non-confidential,6,Millions,3,
DATAFLOW,OECD.IEA:RDDPUBLIC(1.0),Public energy technology RD&D budgets,I,FINLAND,Finland,A,Annual,PUBLIC,Total public,FOSSILFUEL,Group 2: Fossil fuels,RDD,"Research, development and demonstration",USD_R,USD (constant prices and exchange rates),2002,,8.516,,I,Imputed Value,F,Non-confidential,6,Millions,3,
DATAFLOW,OECD.IEA:RDDPUBLIC(1.0),Public energy technology RD&D budgets,I,FINLAND,Finland,A,Annual,PUBLIC,Total public,FOSSILFUEL,Group 2: Fossil fuels,RDD,"Research, development and demonstration",USD_R,USD (constant prices and exchange rates),2003,,5.168,,I,Imputed Value,F,Non-confidential,6,Millions,3,
DATAFLOW,OECD.IEA:RDDPUBLIC(1.0),Public energy technology RD&D budgets,I,FINLAND,Finland,A,Annual,PUBLIC,Total public,FOSSILFUEL,Group 2: Fossil fuels,RDD,"Research, development and demonstration",USD_R,USD (constant prices and exchange rates),2004,,7.62,,I,Imputed Value,F,Non-confidential,6,Millions,3,
DATAFLOW,OECD.IEA:RDDPUBLIC(1.0),Public energy technology RD&D budgets,I,FINLAND,Finland,A,Annual,PUBLIC,Total public,FOSSILFUEL,Group 2: Fossil fuels,RDD,"Research, development and demonstration",USD_R,USD (constant prices and exchange rates),2005,,11.196,,I,Imputed Value,F,Non-confidential,6,Millions,3,
DATAFLOW,OECD.IEA:RDDPUBLIC(1.0),Public energy technology RD&D budgets,I,FINLAND,Finland,A,Annual,PUBLIC,Total public,FOSSILFUEL,Group 2: Fossil fuels,RDD,"Research, development and demonstration",USD_R,USD (constant prices and exchange rates),2006,,7.115,,I,Imputed Value,F,Non-confidential,6,Millions,3,
DATAFLOW,OECD.IEA:RDDPUBLIC(1.0),Public energy technology RD&D budgets,I,FINLAND,Finland,A,Annual,PUBLIC,Total public,FOSSILFUEL,Group 2: Fossil fuels,RDD,"Research, development and demonstration",USD_R,USD (constant prices and exchange rates),2007,,7.48,,I,Imputed Value,F,Non-confidential,6,Millions,3,
DATAFLOW,OECD.IEA:RDDPUBLIC(1.0),Public energy technology RD&D budgets,I,FINLAND,Finland,A,Annual,PUBLIC,Total public,FOSSILFUEL,Group 2: Fossil fuels,RDD,"Research, development and demonstration",USD_R,USD (constant prices and exchange rates),2008,,10.74,,I,Imputed Value,F,Non-confidential,6,Millions,3,
DATAFLOW,OECD.IEA:RDDPUBLIC(1.0),Public energy technology RD&D budgets,I,FINLAND,Finland,A,Annual,PUBLIC,Total public,FOSSILFUEL,Group 2: Fossil fuels,RDD,"Research, development and demonstration",USD_R,USD (constant prices and exchange rates),2009,,9.466,,I,Imputed Value,F,Non-confidential,6,Millions,3,
DATAFLOW,OECD.IEA:RDDPUBLIC(1.0),Public energy technology RD&D budgets,I,FINLAND,Finland,A,Annual,PUBLIC,Total public,FOSSILFUEL,Group 2: Fossil fuels,RDD,"Research, development and demonstration",USD_R,USD (constant prices and exchange rates),2010,,8.553,,I,Imputed Value,F,Non-confidential,6,Millions,3,
DATAFLOW,OECD.IEA:RDDPUBLIC(1.0),Public energy technology RD&D budgets,I,FINLAND,Finland,A,Annual,PUBLIC,Total public,FOSSILFUEL,Group 2: Fossil fuels,RDD,"Research, development and demonstration",USD_R,USD (constant prices and exchange rates),2011,,11.914,,I,Imputed Value,F,Non-confidential,6,Millions,3,
DATAFLOW,OECD.IEA:RDDPUBLIC(1.0),Public energy technology RD&D budgets,I,FINLAND,Finland,A,Annual,PUBLIC,Total public,FOSSILFUEL,Group 2: Fossil fuels,RDD,"Research, development and demonstration",USD_R,USD (constant prices and exchange rates),2012,,10.182,,I,Imputed Value,F,Non-confidential,6,Millions,3,
DATAFLOW,OECD.IEA:RDDPUBLIC(1.0),Public energy technology RD&D budgets,I,FINLAND,Finland,A,Annual,PUBLIC,Total public,FOSSILFUEL,Group 2: Fossil fuels,RDD,"Research, development and demonstration",USD_R,USD (constant prices and exchange rates),2013,,7.658,,I,Imputed Value,F,Non-confidential,6,Millions,3,
DATAFLOW,OECD.IEA:RDDPUBLIC(1.0),Public energy technology RD&D budgets,I,FINLAND,Finland,A,Annual,PUBLIC,Total public,FOSSILFUEL,Group 2: Fossil fuels,RDD,"Research, development and demonstration",USD_R,USD (constant prices and exchange rates),2014,,7.142,,I,Imputed Value,F,Non-confidential,6,Millions,3,
DATAFLOW,OECD.IEA:RDDPUBLIC(1.0),Public energy technology RD&D budgets,I,FINLAND,Finland,A,Annual,PUBLIC,Total public,FOSSILFUEL,Group 2: Fossil fuels,RDD,"Research, development and demonstration",USD_R,USD (constant prices and exchange rates),2015,,8.693,,I,Imputed Value,F,Non-confidential,6,Millions,3,
DATAFLOW,OECD.IEA:RDDPUBLIC(1.0),Public energy technology RD&D budgets,I,FINLAND,Finland,A,Annual,PUBLIC,Total public,FOSSILFUEL,Group 2: Fossil fuels,RDD,"Research, development and demonstration",USD_R,USD (constant prices and exchange rates),2016,,4.916,,I,Imputed Value,F,Non-confidential,6,Millions,3,
DATAFLOW,OECD.IEA:RDDPUBLIC(1.0),Public energy technology RD&D budgets,I,FINLAND,Finland,A,Annual,PUBLIC,Total public,FOSSILFUEL,Group 2: Fossil fuels,RDD,"Research, development and demonstration",USD_R,USD (constant prices and exchange rates),2017,,6.956,,I,Imputed Value,F,Non-confidential,6,Millions,3,
DATAFLOW,OECD.IEA:RDDPUBLIC(1.0),Public energy technology RD&D budgets,I,FINLAND,Finland,A,Annual,PUBLIC,Total public,FOSSILFUEL,Group 2: Fossil fuels,RDD,"Research, development and demonstration",USD_R,USD (constant prices and exchange rates),2018,,5.091,,I,Imputed Value,F,Non-confidential,6,Millions,3,
DATAFLOW,OECD.IEA:RDDPUBLIC(1.0),Public energy technology RD&D budgets,I,FINLAND,Finland,A,Annual,PUBLIC,Total public,FOSSILFUEL,Group 2: Fossil fuels,RDD,"Research, development and demonstration",USD_R,USD (constant prices and exchange rates),2019,,3.347,,I,Imputed Value,F,Non-confidential,6,Millions,3,
DATAFLOW,OECD.IEA:RDDPUBLIC(1.0),Public energy technology RD&D budgets,I,FINLAND,Finland,A,Annual,PUBLIC,Total public,FOSSILFUEL,Group 2: Fossil fuels,RDD,"Research, development and demonstration",USD_R,USD (constant prices and exchange rates),2020,,2.026,,I,Imputed Value,F,Non-confidential,6,Millions,3,
DATAFLOW,OECD.IEA:RDDPUBLIC(1.0),Public energy technology RD&D budgets,I,FINLAND,Finland,A,Annual,PUBLIC,Total public,FOSSILFUEL,Group 2: Fossil fuels,RDD,"Research, development and demonstration",USD_R,USD (constant prices and exchange rates),2021,,1.069,,I,Imputed Value,F,Non-confidential,6,Millions,3,
DATAFLOW,OECD.IEA:RDDPUBLIC(1.0),Public energy technology RD&D budgets,I,FINLAND,Finland,A,Annual,PUBLIC,Total public,FOSSILFUEL,Group 2: Fossil fuels,RDD,"Research, development and demonstration",USD_R,USD (constant prices and exchange rates),2022,,1.105,,I,Imputed Value,F,Non-confidential,6,Millions,3,
DATAFLOW,OECD.IEA:RDDPUBLIC(1.0),Public energy technology RD&D budgets,I,FINLAND,Finland,A,Annual,PUBLIC,Total public,FOSSILFUEL,Group 2: Fossil fuels,RDD,"Research, development and demonstration",USD_R,USD (constant prices and exchange rates),2023,,1.329,,I,Imputed Value,F,Non-confidential,6,Millions,3,
DATAFLOW,OECD.IEA:RDDPUBLIC(1.0),Public energy technology RD&D budgets,I,EU_COMMISSION,European Union Funding,A,Annual,PUBLIC,Total public,RENEWABLE,Group 3: Renewable energy sources,RDD,"Research, development and demonstration",USD_R,USD (constant prices and exchange rates),2014,,363.657,,I,Imputed Value,F,Non-confidential,6,Millions,3,
DATAFLOW,OECD.IEA:RDDPUBLIC(1.0),Public energy technology RD&D budgets,I,EU_COMMISSION,European Union Funding,A,Annual,PUBLIC,Total public,RENEWABLE,Group 3: Renewable energy sources,RDD,"Research, development and demonstration",USD_R,USD (constant prices and exchange rates),2015,,472.181,,I,Imputed Value,F,Non-confidential,6,Millions,3,
DATAFLOW,OECD.IEA:RDDPUBLIC(1.0),Public energy technology RD&D budgets,I,EU_COMMISSION,European Union Funding,A,Annual,PUBLIC,Total public,RENEWABLE,Group 3: Renewable energy sources,RDD,"Research, development and demonstration",USD_R,USD (constant prices and exchange rates),2016,,536.632,,I,Imputed Value,F,Non-confidential,6,Millions,3,
DATAFLOW,OECD.IEA:RDDPUBLIC(1.0),Public energy technology RD&D budgets,I,EU_COMMISSION,European Union Funding,A,Annual,PUBLIC,Total public,RENEWABLE,Group 3: Renewable energy sources,RDD,"Research, development and demonstration",USD_R,USD (constant prices and exchange rates),2017,,486.9,,I,Imputed Value,F,Non-confidential,6,Millions,3,
DATAFLOW,OECD.IEA:RDDPUBLIC(1.0),Public energy technology RD&D budgets,I,EU_COMMISSION,European Union Funding,A,Annual,PUBLIC,Total public,RENEWABLE,Group 3: Renewable energy sources,RDD,"Research, development and demonstration",USD_R,USD (constant prices and exchange rates),2018,,520.379,,I,Imputed Value,F,Non-confidential,6,Millions,3,
DATAFLOW,OECD.IEA:RDDPUBLIC(1.0),Public energy technology RD&D budgets,I,EU_COMMISSION,European Union Funding,A,Annual,PUBLIC,Total public,RENEWABLE,Group 3: Renewable energy sources,RDD,"Research, development and demonstration",USD_R,USD (constant prices and exchange rates),2019,,472.395,,I,Imputed Value,F,Non-confidential,6,Millions,3,
DATAFLOW,OECD.IEA:RDDPUBLIC(1.0),Public energy technology RD&D budgets,I,EU_COMMISSION,European Union Funding,A,Annual,PUBLIC,Total public,RENEWABLE,Group 3: Renewable energy sources,RDD,"Research, development and demonstration",USD_R,USD (constant prices and exchange rates),2020,,670.372,,I,Imputed Value,F,Non-confidential,6,Millions,3,
DATAFLOW,OECD.IEA:RDDPUBLIC(1.0),Public energy technology RD&D budgets,I,EU_COMMISSION,European Union Funding,A,Annual,PUBLIC,Total public,RENEWABLE,Group 3: Renewable energy sources,RDD,"Research, development and demonstration",USD_R,USD (constant prices and exchange rates),2021,,732.866,,I,Imputed Value,F,Non-confidential,6,Millions,3,
DATAFLOW,OECD.IEA:RDDPUBLIC(1.0),Public energy technology RD&D budgets,I,EU_COMMISSION,European Union Funding,A,Annual,PUBLIC,Total public,RENEWABLE,Group 3: Renewable energy sources,RDD,"Research, development and demonstration",USD_R,USD (constant prices and exchange rates),2022,,1073.595,,I,Imputed Value,F,Non-confidential,6,Millions,3,
DATAFLOW,OECD.IEA:RDDPUBLIC(1.0),Public energy technology RD&D budgets,I,EU_COMMISSION,European Union Funding,A,Annual,PUBLIC,Total public,RENEWABLE,Group 3: Renewable energy sources,RDD,"Research, development and demonstration",USD_R,USD (constant prices and exchange rates),2023,,893.847,,I,Imputed Value,F,Non-confidential,6,Millions,3,
DATAFLOW,OECD.IEA:RDDPUBLIC(1.0),Public energy technology RD&D budgets,I,EU_COMMISSION,European Union Funding,A,Annual,PUBLIC,Total public,RENEWABLE,Group 3: Renewable energy sources,RDD,"Research, development and demonstration",USD_R,USD (constant prices and exchange rates),2024,,202.405,,P,Provisional Value,F,Non-confidential,6,Millions,3,
DATAFLOW,OECD.IEA:RDDPUBLIC(1.0),Public energy technology RD&D budgets,I,AUSTRALIA,Australia,A,Annual,PUBLIC,Total public,TOTAL,Total,RDD,"Research, development and demonstration",USD_R,USD (constant prices and exchange rates),2001,,206.691,,I,Imputed Value,F,Non-confidential,6,Millions,3,
DATAFLOW,OECD.IEA:RDDPUBLIC(1.0),Public energy technology RD&D budgets,I,AUSTRALIA,Australia,A,Annual,PUBLIC,Total public,TOTAL,Total,RDD,"Research, development and demonstration",USD_R,USD (constant prices and exchange rates),2003,,189.584,,I,Imputed Value,F,Non-confidential,6,Millions,3,
DATAFLOW,OECD.IEA:RDDPUBLIC(1.0),Public energy technology RD&D budgets,I,AUSTRALIA,Australia,A,Annual,PUBLIC,Total public,TOTAL,Total,RDD,"Research, development and demonstration",USD_R,USD (constant prices and exchange rates),2004,,380.257,,I,Imputed Value,F,Non-confidential,6,Millions,3,
DATAFLOW,OECD.IEA:RDDPUBLIC(1.0),Public energy technology RD&D budgets,I,AUSTRALIA,Australia,A,Annual,PUBLIC,Total public,TOTAL,Total,RDD,"Research, development and demonstration",USD_R,USD (constant prices and exchange rates),2005,,270.349,,I,Imputed Value,F,Non-confidential,6,Millions,3,
DATAFLOW,OECD.IEA:RDDPUBLIC(1.0),Public energy technology RD&D budgets,I,AUSTRALIA,Australia,A,Annual,PUBLIC,Total public,TOTAL,Total,RDD,"Research, development and demonstration",USD_R,USD (constant prices and exchange rates),2006,,294.043,,I,Imputed Value,F,Non-confidential,6,Millions,3,
DATAFLOW,OECD.IEA:RDDPUBLIC(1.0),Public energy technology RD&D budgets,I,AUSTRALIA,Australia,A,Annual,PUBLIC,Total public,TOTAL,Total,RDD,"Research, development and demonstration",USD_R,USD (constant prices and exchange rates),2007,,325.406,,I,Imputed Value,F,Non-confidential,6,Millions,3,
DATAFLOW,OECD.IEA:RDDPUBLIC(1.0),Public energy technology RD&D budgets,I,AUSTRALIA,Australia,A,Annual,PUBLIC,Total public,TOTAL,Total,RDD,"Research, development and demonstration",USD_R,USD (constant prices and exchange rates),2008,,325.854,,I,Imputed Value,F,Non-confidential,6,Millions,3,
DATAFLOW,OECD.IEA:RDDPUBLIC(1.0),Public energy technology RD&D budgets,I,AUSTRALIA,Australia,A,Annual,PUBLIC,Total public,TOTAL,Total,RDD,"Research, development and demonstration",USD_R,USD (constant prices and exchange rates),2009,,448.858,,I,Imputed Value,F,Non-confidential,6,Millions,3,
DATAFLOW,OECD.IEA:RDDPUBLIC(1.0),Public energy technology RD&D budgets,I,AUSTRALIA,Australia,A,Annual,PUBLIC,Total public,TOTAL,Total,RDD,"Research, development and demonstration",USD_R,USD (constant prices and exchange rates),2010,,454.698,,I,Imputed Value,F,Non-confidential,6,Millions,3,
DATAFLOW,OECD.IEA:RDDPUBLIC(1.0),Public energy technology RD&D budgets,I,AUSTRALIA,Australia,A,Annual,PUBLIC,Total public,TOTAL,Total,RDD,"Research, development and demonstration",USD_R,USD (constant prices and exchange rates),2011,,530.591,,I,Imputed Value,F,Non-confidential,6,Millions,3,
DATAFLOW,OECD.IEA:RDDPUBLIC(1.0),Public energy technology RD&D budgets,I,AUSTRALIA,Australia,A,Annual,PUBLIC,Total public,TOTAL,Total,RDD,"Research, development and demonstration",USD_R,USD (constant prices and exchange rates),2012,,695.549,,I,Imputed Value,F,Non-confidential,6,Millions,3,
DATAFLOW,OECD.IEA:RDDPUBLIC(1.0),Public energy technology RD&D budgets,I,AUSTRALIA,Australia,A,Annual,PUBLIC,Total public,TOTAL,Total,RDD,"Research, development and demonstration",USD_R,USD (constant prices and exchange rates),2013,,853.809,,I,Imputed Value,F,Non-confidential,6,Millions,3,
DATAFLOW,OECD.IEA:RDDPUBLIC(1.0),Public energy technology RD&D budgets,I,AUSTRALIA,Australia,A,Annual,PUBLIC,Total public,TOTAL,Total,RDD,"Research, development and demonstration",USD_R,USD (constant prices and exchange rates),2014,,276.017,,I,Imputed Value,F,Non-confidential,6,Millions,3,
DATAFLOW,OECD.IEA:RDDPUBLIC(1.0),Public energy technology RD&D budgets,I,AUSTRALIA,Australia,A,Annual,PUBLIC,Total public,TOTAL,Total,RDD,"Research, development and demonstration",USD_R,USD (constant prices and exchange rates),2015,,250.519,,I,Imputed Value,F,Non-confidential,6,Millions,3,
DATAFLOW,OECD.IEA:RDDPUBLIC(1.0),Public energy technology RD&D budgets,I,AUSTRALIA,Australia,A,Annual,PUBLIC,Total public,TOTAL,Total,RDD,"Research, development and demonstration",USD_R,USD (constant prices and exchange rates),2016,,150.709,,I,Imputed Value,F,Non-confidential,6,Millions,3,
DATAFLOW,OECD.IEA:RDDPUBLIC(1.0),Public energy technology RD&D budgets,I,AUSTRALIA,Australia,A,Annual,PUBLIC,Total public,TOTAL,Total,RDD,"Research, development and demonstration",USD_R,USD (constant prices and exchange rates),2017,,174.218,,I,Imputed Value,F,Non-confidential,6,Millions,3,
DATAFLOW,OECD.IEA:RDDPUBLIC(1.0),Public energy technology RD&D budgets,I,AUSTRALIA,Australia,A,Annual,PUBLIC,Total public,TOTAL,Total,RDD,"Research, development and demonstration",USD_R,USD (constant prices and exchange rates),2018,,198.332,,I,Imputed Value,F,Non-confidential,6,Millions,3,
DATAFLOW,OECD.IEA:RDDPUBLIC(1.0),Public energy technology RD&D budgets,I,AUSTRALIA,Australia,A,Annual,PUBLIC,Total public,TOTAL,Total,RDD,"Research, development and demonstration",USD_R,USD (constant prices and exchange rates),2019,,249.974,,I,Imputed Value,F,Non-confidential,6,Millions,3,
DATAFLOW,OECD.IEA:RDDPUBLIC(1.0),Public energy technology RD&D budgets,I,AUSTRALIA,Australia,A,Annual,PUBLIC,Total public,TOTAL,Total,RDD,"Research, development and demonstration",USD_R,USD (constant prices and exchange rates),2020,,187.751,,I,Imputed Value,F,Non-confidential,6,Millions,3,
DATAFLOW,OECD.IEA:RDDPUBLIC(1.0),Public energy technology RD&D budgets,I,AUSTRALIA,Australia,A,Annual,PUBLIC,Total public,TOTAL,Total,RDD,"Research, development and demonstration",USD_R,USD (constant prices and exchange rates),2021,,277.322,,I,Imputed Value,F,Non-confidential,6,Millions,3,
DATAFLOW,OECD.IEA:RDDPUBLIC(1.0),Public energy technology RD&D budgets,I,AUSTRALIA,Australia,A,Annual,PUBLIC,Total public,TOTAL,Total,RDD,"Research, development and demonstration",USD_R,USD (constant prices and exchange rates),2022,,412.739,,I,Imputed Value,F,Non-confidential,6,Millions,3,
DATAFLOW,OECD.IEA:RDDPUBLIC(1.0),Public energy technology RD&D budgets,I,AUSTRALIA,Australia,A,Annual,PUBLIC,Total public,TOTAL,Total,RDD,"Research, development and demonstration",USD_R,USD (constant prices and exchange rates),2023,,293.055,,I,Imputed Value,F,Non-confidential,6,Millions,3,
DATAFLOW,OECD.IEA:RDDPUBLIC(1.0),Public energy technology RD&D budgets,I,AUSTRALIA,Australia,A,Annual,PUBLIC,Total public,TOTAL,Total,RDD,"Research, development and demonstration",USD_R,USD (constant prices and exchange rates),2024,,124.866,,P,Provisional Value,F,Non-confidential,6,Millions,3,
DATAFLOW,OECD.IEA:RDDPUBLIC(1.0),Public energy technology RD&D budgets,I,CZECH,Czech Republic,A,Annual,PUBLIC,Total public,TOTAL,Total,RDD,"Research, development and demonstration",USD_R,USD (constant prices and exchange rates),2003,,13.603,,I,Imputed Value,F,Non-confidential,6,Millions,3,
DATAFLOW,OECD.IEA:RDDPUBLIC(1.0),Public energy technology RD&D budgets,I,CZECH,Czech Republic,A,Annual,PUBLIC,Total public,TOTAL,Total,RDD,"Research, development and demonstration",USD_R,USD (constant prices and exchange rates),2004,,9.529,,I,Imputed Value,F,Non-confidential,6,Millions,3,
DATAFLOW,OECD.IEA:RDDPUBLIC(1.0),Public energy technology RD&D budgets,I,CZECH,Czech Republic,A,Annual,PUBLIC,Total public,TOTAL,Total,RDD,"Research, development and demonstration",USD_R,USD (constant prices and exchange rates),2005,,8.405,,I,Imputed Value,F,Non-confidential,6,Millions,3,
DATAFLOW,OECD.IEA:RDDPUBLIC(1.0),Public energy technology RD&D budgets,I,CZECH,Czech Republic,A,Annual,PUBLIC,Total public,TOTAL,Total,RDD,"Research, development and demonstration",USD_R,USD (constant prices and exchange rates),2006,,10.331,,I,Imputed Value,F,Non-confidential,6,Millions,3,
DATAFLOW,OECD.IEA:RDDPUBLIC(1.0),Public energy technology RD&D budgets,I,CZECH,Czech Republic,A,Annual,PUBLIC,Total public,TOTAL,Total,RDD,"Research, development and demonstration",USD_R,USD (constant prices and exchange rates),2007,,6.688,,I,Imputed Value,F,Non-confidential,6,Millions,3,
DATAFLOW,OECD.IEA:RDDPUBLIC(1.0),Public energy technology RD&D budgets,I,CZECH,Czech Republic,A,Annual,PUBLIC,Total public,TOTAL,Total,RDD,"Research, development and demonstration",USD_R,USD (constant prices and exchange rates),2008,,60.569,,I,Imputed Value,F,Non-confidential,6,Millions,3,
DATAFLOW,OECD.IEA:RDDPUBLIC(1.0),Public energy technology RD&D budgets,I,CZECH,Czech Republic,A,Annual,PUBLIC,Total public,TOTAL,Total,RDD,"Research, development and demonstration",USD_R,USD (constant prices and exchange rates),2009,,64.809,,I,Imputed Value,F,Non-confidential,6,Millions,3,
DATAFLOW,OECD.IEA:RDDPUBLIC(1.0),Public energy technology RD&D budgets,I,CZECH,Czech Republic,A,Annual,PUBLIC,Total public,TOTAL,Total,RDD,"Research, development and demonstration",USD_R,USD (constant prices and exchange rates),2010,,54.21,,I,Imputed Value,F,Non-confidential,6,Millions,3,
DATAFLOW,OECD.IEA:RDDPUBLIC(1.0),Public energy technology RD&D budgets,I,CZECH,Czech Republic,A,Annual,PUBLIC,Total public,TOTAL,Total,RDD,"Research, development and demonstration",USD_R,USD (constant prices and exchange rates),2011,,81.517,,I,Imputed Value,F,Non-confidential,6,Millions,3,
DATAFLOW,OECD.IEA:RDDPUBLIC(1.0),Public energy technology RD&D budgets,I,CZECH,Czech Republic,A,Annual,PUBLIC,Total public,TOTAL,Total,RDD,"Research, development and demonstration",USD_R,USD (constant prices and exchange rates),2012,,80.959,,I,Imputed Value,F,Non-confidential,6,Millions,3,
DATAFLOW,OECD.IEA:RDDPUBLIC(1.0),Public energy technology RD&D budgets,I,CZECH,Czech Republic,A,Annual,PUBLIC,Total public,TOTAL,Total,RDD,"Research, development and demonstration",USD_R,USD (constant prices and exchange rates),2013,,71.567,,I,Imputed Value,F,Non-confidential,6,Millions,3,
DATAFLOW,OECD.IEA:RDDPUBLIC(1.0),Public energy technology RD&D budgets,I,CZECH,Czech Republic,A,Annual,PUBLIC,Total public,TOTAL,Total,RDD,"Research, development and demonstration",USD_R,USD (constant prices and exchange rates),2014,,64.17,,I,Imputed Value,F,Non-confidential,6,Millions,3,
DATAFLOW,OECD.IEA:RDDPUBLIC(1.0),Public energy technology RD&D budgets,I,CZECH,Czech Republic,A,Annual,PUBLIC,Total public,TOTAL,Total,RDD,"Research, development and demonstration",USD_R,USD (constant prices and exchange rates),2015,,71.366,,I,Imputed Value,F,Non-confidential,6,Millions,3,
DATAFLOW,OECD.IEA:RDDPUBLIC(1.0),Public energy technology RD&D budgets,I,CZECH,Czech Republic,A,Annual,PUBLIC,Total public,TOTAL,Total,RDD,"Research, development and demonstration",USD_R,USD (constant prices and exchange rates),2016,,95.14,,I,Imputed Value,F,Non-confidential,6,Millions,3,
DATAFLOW,OECD.IEA:RDDPUBLIC(1.0),Public energy technology RD&D budgets,I,CZECH,Czech Republic,A,Annual,PUBLIC,Total public,TOTAL,Total,RDD,"Research, development and demonstration",USD_R,USD (constant prices and exchange rates),2017,,107.107,,I,Imputed Value,F,Non-confidential,6,Millions,3,
DATAFLOW,OECD.IEA:RDDPUBLIC(1.0),Public energy technology RD&D budgets,I,CZECH,Czech Republic,A,Annual,PUBLIC,Total public,TOTAL,Total,RDD,"Research, development and demonstration",USD_R,USD (constant prices and exchange rates),2018,,114.169,,I,Imputed Value,F,Non-confidential,6,Millions,3,
DATAFLOW,OECD.IEA:RDDPUBLIC(1.0),Public energy technology RD&D budgets,I,CZECH,Czech Republic,A,Annual,PUBLIC,Total public,TOTAL,Total,RDD,"Research, development and demonstration",USD_R,USD (constant prices and exchange rates),2019,,169.591,,I,Imputed Value,F,Non-confidential,6,Millions,3,
DATAFLOW,OECD.IEA:RDDPUBLIC(1.0),Public energy technology RD&D budgets,I,CZECH,Czech Republic,A,Annual,PUBLIC,Total public,TOTAL,Total,RDD,"Research, development and demonstration",USD_R,USD (constant prices and exchange rates),2020,,129.286,,I,Imputed Value,F,Non-confidential,6,Millions,3,
DATAFLOW,OECD.IEA:RDDPUBLIC(1.0),Public energy technology RD&D budgets,I,CZECH,Czech Republic,A,Annual,PUBLIC,Total public,TOTAL,Total,RDD,"Research, development and demonstration",USD_R,USD (constant prices and exchange rates),2021,,159.77,,I,Imputed Value,F,Non-confidential,6,Millions,3,
DATAFLOW,OECD.IEA:RDDPUBLIC(1.0),Public energy technology RD&D budgets,I,CZECH,Czech Republic,A,Annual,PUBLIC,Total public,TOTAL,Total,RDD,"Research, development and demonstration",USD_R,USD (constant prices and exchange rates),2022,,122.937,,I,Imputed Value,F,Non-confidential,6,Millions,3,
DATAFLOW,OECD.IEA:RDDPUBLIC(1.0),Public energy technology RD&D budgets,I,CZECH,Czech Republic,A,Annual,PUBLIC,Total public,TOTAL,Total,RDD,"Research, development and demonstration",USD_R,USD (constant prices and exchange rates),2023,,98.121,,I,Imputed Value,F,Non-confidential,6,Millions,3,
DATAFLOW,OECD.IEA:RDDPUBLIC(1.0),Public energy technology RD&D budgets,I,CZECH,Czech Republic,A,Annual,PUBLIC,Total public,TOTAL,Total,RDD,"Research, development and demonstration",USD_R,USD (constant prices and exchange rates),2024,,78.437,,P,Provisional Value,F,Non-confidential,6,Millions,3,
DATAFLOW,OECD.IEA:RDDPUBLIC(1.0),Public energy technology RD&D budgets,I,NETHERLANDS,Netherlands,A,Annual,PUBLIC,Total public,TOTAL,Total,RDD,"Research, development and demonstration",USD_R,USD (constant prices and exchange rates),2000,,238.66,,I,Imputed Value,F,Non-confidential,6,Millions,3,
DATAFLOW,OECD.IEA:RDDPUBLIC(1.0),Public energy technology RD&D budgets,I,NETHERLANDS,Netherlands,A,Annual,PUBLIC,Total public,TOTAL,Total,RDD,"Research, development and demonstration",USD_R,USD (constant prices and exchange rates),2001,,288.248,,I,Imputed Value,F,Non-confidential,6,Millions,3,
DATAFLOW,OECD.IEA:RDDPUBLIC(1.0),Public energy technology RD&D budgets,I,NETHERLANDS,Netherlands,A,Annual,PUBLIC,Total public,TOTAL,Total,RDD,"Research, development and demonstration",USD_R,USD (constant prices and exchange rates),2002,,244.474,,I,Imputed Value,F,Non-confidential,6,Millions,3,
DATAFLOW,OECD.IEA:RDDPUBLIC(1.0),Public energy technology RD&D budgets,I,NETHERLANDS,Netherlands,A,Annual,PUBLIC,Total public,TOTAL,Total,RDD,"Research, development and demonstration",USD_R,USD (constant prices and exchange rates),2003,,218.495,,I,Imputed Value,F,Non-confidential,6,Millions,3,
DATAFLOW,OECD.IEA:RDDPUBLIC(1.0),Public energy technology RD&D budgets,I,NETHERLANDS,Netherlands,A,Annual,PUBLIC,Total public,TOTAL,Total,RDD,"Research, development and demonstration",USD_R,USD (constant prices and exchange rates),2005,,198.777,,I,Imputed Value,F,Non-confidential,6,Millions,3,
DATAFLOW,OECD.IEA:RDDPUBLIC(1.0),Public energy technology RD&D budgets,I,NETHERLANDS,Netherlands,A,Annual,PUBLIC,Total public,TOTAL,Total,RDD,"Research, development and demonstration",USD_R,USD (constant prices and exchange rates),2006,,214.8,,I,Imputed Value,F,Non-confidential,6,Millions,3,
DATAFLOW,OECD.IEA:RDDPUBLIC(1.0),Public energy technology RD&D budgets,I,NETHERLANDS,Netherlands,A,Annual,PUBLIC,Total public,TOTAL,Total,RDD,"Research, development and demonstration",USD_R,USD (constant prices and exchange rates),2007,,327.602,,I,Imputed Value,F,Non-confidential,6,Millions,3,
DATAFLOW,OECD.IEA:RDDPUBLIC(1.0),Public energy technology RD&D budgets,I,NETHERLANDS,Netherlands,A,Annual,PUBLIC,Total public,TOTAL,Total,RDD,"Research, development and demonstration",USD_R,USD (constant prices and exchange rates),2008,,227.442,,I,Imputed Value,F,Non-confidential,6,Millions,3,
DATAFLOW,OECD.IEA:RDDPUBLIC(1.0),Public energy technology RD&D budgets,I,NETHERLANDS,Netherlands,A,Annual,PUBLIC,Total public,TOTAL,Total,RDD,"Research, development and demonstration",USD_R,USD (constant prices and exchange rates),2009,,318.738,,I,Imputed Value,F,Non-confidential,6,Millions,3,
DATAFLOW,OECD.IEA:RDDPUBLIC(1.0),Public energy technology RD&D budgets,I,NETHERLANDS,Netherlands,A,Annual,PUBLIC,Total public,TOTAL,Total,RDD,"Research, development and demonstration",USD_R,USD (constant prices and exchange rates),2010,,532.88,,I,Imputed Value,F,Non-confidential,6,Millions,3,
DATAFLOW,OECD.IEA:RDDPUBLIC(1.0),Public energy technology RD&D budgets,I,NETHERLANDS,Netherlands,A,Annual,PUBLIC,Total public,TOTAL,Total,RDD,"Research, development and demonstration",USD_R,USD (constant prices and exchange rates),2011,,228.964,,I,Imputed Value,F,Non-confidential,6,Millions,3,
DATAFLOW,OECD.IEA:RDDPUBLIC(1.0),Public energy technology RD&D budgets,I,NETHERLANDS,Netherlands,A,Annual,PUBLIC,Total public,TOTAL,Total,RDD,"Research, development and demonstration",USD_R,USD (constant prices and exchange rates),2012,,295.06,,I,Imputed Value,F,Non-confidential,6,Millions,3,
DATAFLOW,OECD.IEA:RDDPUBLIC(1.0),Public energy technology RD&D budgets,I,NETHERLANDS,Netherlands,A,Annual,PUBLIC,Total public,TOTAL,Total,RDD,"Research, development and demonstration",USD_R,USD (constant prices and exchange rates),2013,,274.803,,I,Imputed Value,F,Non-confidential,6,Millions,3,
DATAFLOW,OECD.IEA:RDDPUBLIC(1.0),Public energy technology RD&D budgets,I,NETHERLANDS,Netherlands,A,Annual,PUBLIC,Total public,TOTAL,Total,RDD,"Research, development and demonstration",USD_R,USD (constant prices and exchange rates),2014,,225.811,,I,Imputed Value,F,Non-confidential,6,Millions,3,
DATAFLOW,OECD.IEA:RDDPUBLIC(1.0),Public energy technology RD&D budgets,I,NETHERLANDS,Netherlands,A,Annual,PUBLIC,Total public,TOTAL,Total,RDD,"Research, development and demonstration",USD_R,USD (constant prices and exchange rates),2015,,270.298,,I,Imputed Value,F,Non-confidential,6,Millions,3,
DATAFLOW,OECD.IEA:RDDPUBLIC(1.0),Public energy technology RD&D budgets,I,NETHERLANDS,Netherlands,A,Annual,PUBLIC,Total public,TOTAL,Total,RDD,"Research, development and demonstration",USD_R,USD (constant prices and exchange rates),2016,,250.634,,I,Imputed Value,F,Non-confidential,6,Millions,3,
DATAFLOW,OECD.IEA:RDDPUBLIC(1.0),Public energy technology RD&D budgets,I,NETHERLANDS,Netherlands,A,Annual,PUBLIC,Total public,TOTAL,Total,RDD,"Research, development and demonstration",USD_R,USD (constant prices and exchange rates),2017,,286.408,,I,Imputed Value,F,Non-confidential,6,Millions,3,
DATAFLOW,OECD.IEA:RDDPUBLIC(1.0),Public energy technology RD&D budgets,I,NETHERLANDS,Netherlands,A,Annual,PUBLIC,Total public,TOTAL,Total,RDD,"Research, development and demonstration",USD_R,USD (constant prices and exchange rates),2018,,329.966,,I,Imputed Value,F,Non-confidential,6,Millions,3,
DATAFLOW,OECD.IEA:RDDPUBLIC(1.0),Public energy technology RD&D budgets,I,NETHERLANDS,Netherlands,A,Annual,PUBLIC,Total public,TOTAL,Total,RDD,"Research, development and demonstration",USD_R,USD (constant prices and exchange rates),2019,,389.066,,I,Imputed Value,F,Non-confidential,6,Millions,3,
DATAFLOW,OECD.IEA:RDDPUBLIC(1.0),Public energy technology RD&D budgets,I,NETHERLANDS,Netherlands,A,Annual,PUBLIC,Total public,TOTAL,Total,RDD,"Research, development and demonstration",USD_R,USD (constant prices and exchange rates),2020,,394.306,,I,Imputed Value,F,Non-confidential,6,Millions,3,
DATAFLOW,OECD.IEA:RDDPUBLIC(1.0),Public energy technology RD&D budgets,I,NETHERLANDS,Netherlands,A,Annual,PUBLIC,Total public,TOTAL,Total,RDD,"Research, development and demonstration",USD_R,USD (constant prices and exchange rates),2021,,542.87,,I,Imputed Value,F,Non-confidential,6,Millions,3,
DATAFLOW,OECD.IEA:RDDPUBLIC(1.0),Public energy technology RD&D budgets,I,NETHERLANDS,Netherlands,A,Annual,PUBLIC,Total public,TOTAL,Total,RDD,"Research, development and demonstration",USD_R,USD (constant prices and exchange rates),2022,,352.747,,I,Imputed Value,F,Non-confidential,6,Millions,3,
DATAFLOW,OECD.IEA:RDDPUBLIC(1.0),Public energy technology RD&D budgets,I,NETHERLANDS,Netherlands,A,Annual,PUBLIC,Total public,TOTAL,Total,RDD,"Research, development and demonstration",USD_R,USD (constant prices and exchange rates),2023,,172.77,,I,Imputed Value,F,Non-confidential,6,Millions,3,
DATAFLOW,OECD.IEA:RDDPUBLIC(1.0),Public energy technology RD&D budgets,I,NETHERLANDS,Netherlands,A,Annual,PUBLIC,Total public,TOTAL,Total,RDD,"Research, development and demonstration",USD_R,USD (constant prices and exchange rates),2024,,412.263,,P,Provisional Value,F,Non-confidential,6,Millions,3,
DATAFLOW,OECD.IEA:RDDPUBLIC(1.0),Public energy technology RD&D budgets,I,IRELAND,Ireland,A,Annual,PUBLIC,Total public,TOTAL,Total,RDD,"Research, development and demonstration",USD_R,USD (constant prices and exchange rates),2002,,6.134,,I,Imputed Value,F,Non-confidential,6,Millions,3,
DATAFLOW,OECD.IEA:RDDPUBLIC(1.0),Public energy technology RD&D budgets,I,IRELAND,Ireland,A,Annual,PUBLIC,Total public,TOTAL,Total,RDD,"Research, development and demonstration",USD_R,USD (constant prices and exchange rates),2003,,10.77,,I,Imputed Value,F,Non-confidential,6,Millions,3,
DATAFLOW,OECD.IEA:RDDPUBLIC(1.0),Public energy technology RD&D budgets,I,IRELAND,Ireland,A,Annual,PUBLIC,Total public,TOTAL,Total,RDD,"Research, development and demonstration",USD_R,USD (constant prices and exchange rates),2004,,15.169,,I,Imputed Value,F,Non-confidential,6,Millions,3,
DATAFLOW,OECD.IEA:RDDPUBLIC(1.0),Public energy technology RD&D budgets,I,IRELAND,Ireland,A,Annual,PUBLIC,Total public,TOTAL,Total,RDD,"Research, development and demonstration",USD_R,USD (constant prices and exchange rates),2005,,18.832,,I,Imputed Value,F,Non-confidential,6,Millions,3,
DATAFLOW,OECD.IEA:RDDPUBLIC(1.0),Public energy technology RD&D budgets,I,IRELAND,Ireland,A,Annual,PUBLIC,Total public,TOTAL,Total,RDD,"Research, development and demonstration",USD_R,USD (constant prices and exchange rates),2006,,40.494,,I,Imputed Value,F,Non-confidential,6,Millions,3,
DATAFLOW,OECD.IEA:RDDPUBLIC(1.0),Public energy technology RD&D budgets,I,IRELAND,Ireland,A,Annual,PUBLIC,Total public,TOTAL,Total,RDD,"Research, development and demonstration",USD_R,USD (constant prices and exchange rates),2007,,61.523,,I,Imputed Value,F,Non-confidential,6,Millions,3,
DATAFLOW,OECD.IEA:RDDPUBLIC(1.0),Public energy technology RD&D budgets,I,IRELAND,Ireland,A,Annual,PUBLIC,Total public,TOTAL,Total,RDD,"Research, development and demonstration",USD_R,USD (constant prices and exchange rates),2008,,84.913,,I,Imputed Value,F,Non-confidential,6,Millions,3,
DATAFLOW,OECD.IEA:RDDPUBLIC(1.0),Public energy technology RD&D budgets,I,IRELAND,Ireland,A,Annual,PUBLIC,Total public,TOTAL,Total,RDD,"Research, development and demonstration",USD_R,USD (constant prices and exchange rates),2009,,84.248,,I,Imputed Value,F,Non-confidential,6,Millions,3,
DATAFLOW,OECD.IEA:RDDPUBLIC(1.0),Public energy technology RD&D budgets,I,IRELAND,Ireland,A,Annual,PUBLIC,Total public,TOTAL,Total,RDD,"Research, development and demonstration",USD_R,USD (constant prices and exchange rates),2010,,60.92,,I,Imputed Value,F,Non-confidential,6,Millions,3,
DATAFLOW,OECD.IEA:RDDPUBLIC(1.0),Public energy technology RD&D budgets,I,IRELAND,Ireland,A,Annual,PUBLIC,Total public,TOTAL,Total,RDD,"Research, development and demonstration",USD_R,USD (constant prices and exchange rates),2011,,31.227,,I,Imputed Value,F,Non-confidential,6,Millions,3,
DATAFLOW,OECD.IEA:RDDPUBLIC(1.0),Public energy technology RD&D budgets,I,IRELAND,Ireland,A,Annual,PUBLIC,Total public,TOTAL,Total,RDD,"Research, development and demonstration",USD_R,USD (constant prices and exchange rates),2012,,52.143,,I,Imputed Value,F,Non-confidential,6,Millions,3,
DATAFLOW,OECD.IEA:RDDPUBLIC(1.0),Public energy technology RD&D budgets,I,IRELAND,Ireland,A,Annual,PUBLIC,Total public,TOTAL,Total,RDD,"Research, development and demonstration",USD_R,USD (constant prices and exchange rates),2013,,41.134,,I,Imputed Value,F,Non-confidential,6,Millions,3,
DATAFLOW,OECD.IEA:RDDPUBLIC(1.0),Public energy technology RD&D budgets,I,IRELAND,Ireland,A,Annual,PUBLIC,Total public,TOTAL,Total,RDD,"Research, development and demonstration",USD_R,USD (constant prices and exchange rates),2014,,42.432,,I,Imputed Value,F,Non-confidential,6,Millions,3,
DATAFLOW,OECD.IEA:RDDPUBLIC(1.0),Public energy technology RD&D budgets,I,IRELAND,Ireland,A,Annual,PUBLIC,Total public,TOTAL,Total,RDD,"Research, development and demonstration",USD_R,USD (constant prices and exchange rates),2015,,80.03,,I,Imputed Value,F,Non-confidential,6,Millions,3,
DATAFLOW,OECD.IEA:RDDPUBLIC(1.0),Public energy technology RD&D budgets,I,IRELAND,Ireland,A,Annual,PUBLIC,Total public,TOTAL,Total,RDD,"Research, development and demonstration",USD_R,USD (constant prices and exchange rates),2016,,23.874,,I,Imputed Value,F,Non-confidential,6,Millions,3,
DATAFLOW,OECD.IEA:RDDPUBLIC(1.0),Public energy technology RD&D budgets,I,IRELAND,Ireland,A,Annual,PUBLIC,Total public,TOTAL,Total,RDD,"Research, development and demonstration",USD_R,USD (constant prices and exchange rates),2017,,25.732,,I,Imputed Value,F,Non-confidential,6,Millions,3,
DATAFLOW,OECD.IEA:RDDPUBLIC(1.0),Public energy technology RD&D budgets,I,IRELAND,Ireland,A,Annual,PUBLIC,Total public,TOTAL,Total,RDD,"Research, development and demonstration",USD_R,USD (constant prices and exchange rates),2018,,25.483,,I,Imputed Value,F,Non-confidential,6,Millions,3,
DATAFLOW,OECD.IEA:RDDPUBLIC(1.0),Public energy technology RD&D budgets,I,IRELAND,Ireland,A,Annual,PUBLIC,Total public,TOTAL,Total,RDD,"Research, development and demonstration",USD_R,USD (constant prices and exchange rates),2019,,32.47,,I,Imputed Value,F,Non-confidential,6,Millions,3,
DATAFLOW,OECD.IEA:RDDPUBLIC(1.0),Public energy technology RD&D budgets,I,IRELAND,Ireland,A,Annual,PUBLIC,Total public,TOTAL,Total,RDD,"Research, development and demonstration",USD_R,USD (constant prices and exchange rates),2020,,28.433,,I,Imputed Value,F,Non-confidential,6,Millions,3,
DATAFLOW,OECD.IEA:RDDPUBLIC(1.0),Public energy technology RD&D budgets,I,IRELAND,Ireland,A,Annual,PUBLIC,Total public,TOTAL,Total,RDD,"Research, development and demonstration",USD_R,USD (constant prices and exchange rates),2021,,30.007,,I,Imputed Value,F,Non-confidential,6,Millions,3,
DATAFLOW,OECD.IEA:RDDPUBLIC(1.0),Public energy technology RD&D budgets,I,IRELAND,Ireland,A,Annual,PUBLIC,Total public,TOTAL,Total,RDD,"Research, development and demonstration",USD_R,USD (constant prices and exchange rates),2022,,38.199,,I,Imputed Value,F,Non-confidential,6,Millions,3,
DATAFLOW,OECD.IEA:RDDPUBLIC(1.0),Public energy technology RD&D budgets,I,IRELAND,Ireland,A,Annual,PUBLIC,Total public,TOTAL,Total,RDD,"Research, development and demonstration",USD_R,USD (constant prices and exchange rates),2023,,44.64,,I,Imputed Value,F,Non-confidential,6,Millions,3,
DATAFLOW,OECD.IEA:RDDPUBLIC(1.0),Public energy technology RD&D budgets,I,IRELAND,Ireland,A,Annual,PUBLIC,Total public,TOTAL,Total,RDD,"Research, development and demonstration",USD_R,USD (constant prices and exchange rates),2024,,52.284,,P,Provisional Value,F,Non-confidential,6,Millions,3,
DATAFLOW,OECD.IEA:RDDPUBLIC(1.0),Public energy technology RD&D budgets,I,AUSTRIA,Austria,A,Annual,PUBLIC,Total public,FOSSILFUEL,Group 2: Fossil fuels,RDD,"Research, development and demonstration",USD_R,USD (constant prices and exchange rates),2000,,0.809,,I,Imputed Value,F,Non-confidential,6,Millions,3,
DATAFLOW,OECD.IEA:RDDPUBLIC(1.0),Public energy technology RD&D budgets,I,AUSTRIA,Austria,A,Annual,PUBLIC,Total public,FOSSILFUEL,Group 2: Fossil fuels,RDD,"Research, development and demonstration",USD_R,USD (constant prices and exchange rates),2001,,1.13,,I,Imputed Value,F,Non-confidential,6,Millions,3,
DATAFLOW,OECD.IEA:RDDPUBLIC(1.0),Public energy technology RD&D budgets,I,AUSTRIA,Austria,A,Annual,PUBLIC,Total public,FOSSILFUEL,Group 2: Fossil fuels,RDD,"Research, development and demonstration",USD_R,USD (constant prices and exchange rates),2002,,0.726,,I,Imputed Value,F,Non-confidential,6,Millions,3,
DATAFLOW,OECD.IEA:RDDPUBLIC(1.0),Public energy technology RD&D budgets,I,AUSTRIA,Austria,A,Annual,PUBLIC,Total public,FOSSILFUEL,Group 2: Fossil fuels,RDD,"Research, development and demonstration",USD_R,USD (constant prices and exchange rates),2003,,0.804,,I,Imputed Value,F,Non-confidential,6,Millions,3,
DATAFLOW,OECD.IEA:RDDPUBLIC(1.0),Public energy technology RD&D budgets,I,AUSTRIA,Austria,A,Annual,PUBLIC,Total public,FOSSILFUEL,Group 2: Fossil fuels,RDD,"Research, development and demonstration",USD_R,USD (constant prices and exchange rates),2004,,0.773,,I,Imputed Value,F,Non-confidential,6,Millions,3,
DATAFLOW,OECD.IEA:RDDPUBLIC(1.0),Public energy technology RD&D budgets,I,AUSTRIA,Austria,A,Annual,PUBLIC,Total public,FOSSILFUEL,Group 2: Fossil fuels,RDD,"Research, development and demonstration",USD_R,USD (constant prices and exchange rates),2005,,0.378,,I,Imputed Value,F,Non-confidential,6,Millions,3,
DATAFLOW,OECD.IEA:RDDPUBLIC(1.0),Public energy technology RD&D budgets,I,AUSTRIA,Austria,A,Annual,PUBLIC,Total public,FOSSILFUEL,Group 2: Fossil fuels,RDD,"Research, development and demonstration",USD_R,USD (constant prices and exchange rates),2006,,1.515,,I,Imputed Value,F,Non-confidential,6,Millions,3,
DATAFLOW,OECD.IEA:RDDPUBLIC(1.0),Public energy technology RD&D budgets,I,AUSTRIA,Austria,A,Annual,PUBLIC,Total public,FOSSILFUEL,Group 2: Fossil fuels,RDD,"Research, development and demonstration",USD_R,USD (constant prices and exchange rates),2007,,1.406,,I,Imputed Value,F,Non-confidential,6,Millions,3,
DATAFLOW,OECD.IEA:RDDPUBLIC(1.0),Public energy technology RD&D budgets,I,AUSTRIA,Austria,A,Annual,PUBLIC,Total public,FOSSILFUEL,Group 2: Fossil fuels,RDD,"Research, development and demonstration",USD_R,USD (constant prices and exchange rates),2008,,4.259,,I,Imputed Value,F,Non-confidential,6,Millions,3,
DATAFLOW,OECD.IEA:RDDPUBLIC(1.0),Public energy technology RD&D budgets,I,AUSTRIA,Austria,A,Annual,PUBLIC,Total public,FOSSILFUEL,Group 2: Fossil fuels,RDD,"Research, development and demonstration",USD_R,USD (constant prices and exchange rates),2009,,0.767,,I,Imputed Value,F,Non-confidential,6,Millions,3,
DATAFLOW,OECD.IEA:RDDPUBLIC(1.0),Public energy technology RD&D budgets,I,AUSTRIA,Austria,A,Annual,PUBLIC,Total public,FOSSILFUEL,Group 2: Fossil fuels,RDD,"Research, development and demonstration",USD_R,USD (constant prices and exchange rates),2010,,1.393,,I,Imputed Value,F,Non-confidential,6,Millions,3,
DATAFLOW,OECD.IEA:RDDPUBLIC(1.0),Public energy technology RD&D budgets,I,AUSTRIA,Austria,A,Annual,PUBLIC,Total public,FOSSILFUEL,Group 2: Fossil fuels,RDD,"Research, development and demonstration",USD_R,USD (constant prices and exchange rates),2011,,1.671,,I,Imputed Value,F,Non-confidential,6,Millions,3,
DATAFLOW,OECD.IEA:RDDPUBLIC(1.0),Public energy technology RD&D budgets,I,AUSTRIA,Austria,A,Annual,PUBLIC,Total public,FOSSILFUEL,Group 2: Fossil fuels,RDD,"Research, development and demonstration",USD_R,USD (constant prices and exchange rates),2012,,1.888,,I,Imputed Value,F,Non-confidential,6,Millions,3,
DATAFLOW,OECD.IEA:RDDPUBLIC(1.0),Public energy technology RD&D budgets,I,AUSTRIA,Austria,A,Annual,PUBLIC,Total public,FOSSILFUEL,Group 2: Fossil fuels,RDD,"Research, development and demonstration",USD_R,USD (constant prices and exchange rates),2013,,7.343,,I,Imputed Value,F,Non-confidential,6,Millions,3,
DATAFLOW,OECD.IEA:RDDPUBLIC(1.0),Public energy technology RD&D budgets,I,AUSTRIA,Austria,A,Annual,PUBLIC,Total public,FOSSILFUEL,Group 2: Fossil fuels,RDD,"Research, development and demonstration",USD_R,USD (constant prices and exchange rates),2014,,0.876,,I,Imputed Value,F,Non-confidential,6,Millions,3,
DATAFLOW,OECD.IEA:RDDPUBLIC(1.0),Public energy technology RD&D budgets,I,AUSTRIA,Austria,A,Annual,PUBLIC,Total public,FOSSILFUEL,Group 2: Fossil fuels,RDD,"Research, development and demonstration",USD_R,USD (constant prices and exchange rates),2015,,6.146,,I,Imputed Value,F,Non-confidential,6,Millions,3,
DATAFLOW,OECD.IEA:RDDPUBLIC(1.0),Public energy technology RD&D budgets,I,AUSTRIA,Austria,A,Annual,PUBLIC,Total public,FOSSILFUEL,Group 2: Fossil fuels,RDD,"Research, development and demonstration",USD_R,USD (constant prices and exchange rates),2016,,2.054,,I,Imputed Value,F,Non-confidential,6,Millions,3,
DATAFLOW,OECD.IEA:RDDPUBLIC(1.0),Public energy technology RD&D budgets,I,AUSTRIA,Austria,A,Annual,PUBLIC,Total public,FOSSILFUEL,Group 2: Fossil fuels,RDD,"Research, development and demonstration",USD_R,USD (constant prices and exchange rates),2017,,3.185,,I,Imputed Value,F,Non-confidential,6,Millions,3,
DATAFLOW,OECD.IEA:RDDPUBLIC(1.0),Public energy technology RD&D budgets,I,AUSTRIA,Austria,A,Annual,PUBLIC,Total public,FOSSILFUEL,Group 2: Fossil fuels,RDD,"Research, development and demonstration",USD_R,USD (constant prices and exchange rates),2018,,0.795,,I,Imputed Value,F,Non-confidential,6,Millions,3,
DATAFLOW,OECD.IEA:RDDPUBLIC(1.0),Public energy technology RD&D budgets,I,AUSTRIA,Austria,A,Annual,PUBLIC,Total public,FOSSILFUEL,Group 2: Fossil fuels,RDD,"Research, development and demonstration",USD_R,USD (constant prices and exchange rates),2019,,1.948,,I,Imputed Value,F,Non-confidential,6,Millions,3,
DATAFLOW,OECD.IEA:RDDPUBLIC(1.0),Public energy technology RD&D budgets,I,AUSTRIA,Austria,A,Annual,PUBLIC,Total public,FOSSILFUEL,Group 2: Fossil fuels,RDD,"Research, development and demonstration",USD_R,USD (constant prices and exchange rates),2020,,2.104,,I,Imputed Value,F,Non-confidential,6,Millions,3,
DATAFLOW,OECD.IEA:RDDPUBLIC(1.0),Public energy technology RD&D budgets,I,AUSTRIA,Austria,A,Annual,PUBLIC,Total public,FOSSILFUEL,Group 2: Fossil fuels,RDD,"Research, development and demonstration",USD_R,USD (constant prices and exchange rates),2021,,0.979,,I,Imputed Value,F,Non-confidential,6,Millions,3,
DATAFLOW,OECD.IEA:RDDPUBLIC(1.0),Public energy technology RD&D budgets,I,AUSTRIA,Austria,A,Annual,PUBLIC,Total public,FOSSILFUEL,Group 2: Fossil fuels,RDD,"Research, development and demonstration",USD_R,USD (constant prices and exchange rates),2022,,1.722,,I,Imputed Value,F,Non-confidential,6,Millions,3,
DATAFLOW,OECD.IEA:RDDPUBLIC(1.0),Public energy technology RD&D budgets,I,AUSTRIA,Austria,A,Annual,PUBLIC,Total public,FOSSILFUEL,Group 2: Fossil fuels,RDD,"Research, development and demonstration",USD_R,USD (constant prices and exchange rates),2023,,4.415,,I,Imputed Value,F,Non-confidential,6,Millions,3,
DATAFLOW,OECD.IEA:RDDPUBLIC(1.0),Public energy technology RD&D budgets,I,AUSTRIA,Austria,A,Annual,PUBLIC,Total public,FOSSILFUEL,Group 2: Fossil fuels,RDD,"Research, development and demonstration",USD_R,USD (constant prices and exchange rates),2024,,5.112,,P,Provisional Value,F,Non-confidential,6,Millions,3,
DATAFLOW,OECD.IEA:RDDPUBLIC(1.0),Public energy technology RD&D budgets,I,LATVIA,Latvia,A,Annual,PUBLIC,Total public,TOTAL,Total,RDD,"Research, development and demonstration",USD_R,USD (constant prices and exchange rates),2019,,13.834,,I,Imputed Value,F,Non-confidential,6,Millions,3,
DATAFLOW,OECD.IEA:RDDPUBLIC(1.0),Public energy technology RD&D budgets,I,LATVIA,Latvia,A,Annual,PUBLIC,Total public,TOTAL,Total,RDD,"Research, development and demonstration",USD_R,USD (constant prices and exchange rates),2020,,41.629,,I,Imputed Value,F,Non-confidential,6,Millions,3,
DATAFLOW,OECD.IEA:RDDPUBLIC(1.0),Public energy technology RD&D budgets,I,LATVIA,Latvia,A,Annual,PUBLIC,Total public,TOTAL,Total,RDD,"Research, development and demonstration",USD_R,USD (constant prices and exchange rates),2021,,48.911,,I,Imputed Value,F,Non-confidential,6,Millions,3,
DATAFLOW,OECD.IEA:RDDPUBLIC(1.0),Public energy technology RD&D budgets,I,LATVIA,Latvia,A,Annual,PUBLIC,Total public,TOTAL,Total,RDD,"Research, development and demonstration",USD_R,USD (constant prices and exchange rates),2022,,44.512,,I,Imputed Value,F,Non-confidential,6,Millions,3,
DATAFLOW,OECD.IEA:RDDPUBLIC(1.0),Public energy technology RD&D budgets,I,LATVIA,Latvia,A,Annual,PUBLIC,Total public,TOTAL,Total,RDD,"Research, development and demonstration",USD_R,USD (constant prices and exchange rates),2023,,52.44,,I,Imputed Value,F,Non-confidential,6,Millions,3,
DATAFLOW,OECD.IEA:RDDPUBLIC(1.0),Public energy technology RD&D budgets,I,IEAAM,IEA Americas,A,Annual,PUBLIC,Total public,RENEWABLE,Group 3: Renewable energy sources,RDD,"Research, development and demonstration",USD_R,USD (constant prices and exchange rates),2000,,401.227,,I,Imputed Value,F,Non-confidential,6,Millions,3,
DATAFLOW,OECD.IEA:RDDPUBLIC(1.0),Public energy technology RD&D budgets,I,IEAAM,IEA Americas,A,Annual,PUBLIC,Total public,RENEWABLE,Group 3: Renewable energy sources,RDD,"Research, development and demonstration",USD_R,USD (constant prices and exchange rates),2001,,455.596,,I,Imputed Value,F,Non-confidential,6,Millions,3,
DATAFLOW,OECD.IEA:RDDPUBLIC(1.0),Public energy technology RD&D budgets,I,IEAAM,IEA Americas,A,Annual,PUBLIC,Total public,RENEWABLE,Group 3: Renewable energy sources,RDD,"Research, development and demonstration",USD_R,USD (constant prices and exchange rates),2002,,447.676,,I,Imputed Value,F,Non-confidential,6,Millions,3,
DATAFLOW,OECD.IEA:RDDPUBLIC(1.0),Public energy technology RD&D budgets,I,IEAAM,IEA Americas,A,Annual,PUBLIC,Total public,RENEWABLE,Group 3: Renewable energy sources,RDD,"Research, development and demonstration",USD_R,USD (constant prices and exchange rates),2003,,451.717,,I,Imputed Value,F,Non-confidential,6,Millions,3,
DATAFLOW,OECD.IEA:RDDPUBLIC(1.0),Public energy technology RD&D budgets,I,IEAAM,IEA Americas,A,Annual,PUBLIC,Total public,RENEWABLE,Group 3: Renewable energy sources,RDD,"Research, development and demonstration",USD_R,USD (constant prices and exchange rates),2004,,424.006,,I,Imputed Value,F,Non-confidential,6,Millions,3,
DATAFLOW,OECD.IEA:RDDPUBLIC(1.0),Public energy technology RD&D budgets,I,IEAAM,IEA Americas,A,Annual,PUBLIC,Total public,RENEWABLE,Group 3: Renewable energy sources,RDD,"Research, development and demonstration",USD_R,USD (constant prices and exchange rates),2005,,440.16,,I,Imputed Value,F,Non-confidential,6,Millions,3,
DATAFLOW,OECD.IEA:RDDPUBLIC(1.0),Public energy technology RD&D budgets,I,IEAAM,IEA Americas,A,Annual,PUBLIC,Total public,RENEWABLE,Group 3: Renewable energy sources,RDD,"Research, development and demonstration",USD_R,USD (constant prices and exchange rates),2006,,392.357,,I,Imputed Value,F,Non-confidential,6,Millions,3,
DATAFLOW,OECD.IEA:RDDPUBLIC(1.0),Public energy technology RD&D budgets,I,IEAAM,IEA Americas,A,Annual,PUBLIC,Total public,RENEWABLE,Group 3: Renewable energy sources,RDD,"Research, development and demonstration",USD_R,USD (constant prices and exchange rates),2007,,888.949,,I,Imputed Value,F,Non-confidential,6,Millions,3,
DATAFLOW,OECD.IEA:RDDPUBLIC(1.0),Public energy technology RD&D budgets,I,IEAAM,IEA Americas,A,Annual,PUBLIC,Total public,RENEWABLE,Group 3: Renewable energy sources,RDD,"Research, development and demonstration",USD_R,USD (constant prices and exchange rates),2008,,737.477,,I,Imputed Value,F,Non-confidential,6,Millions,3,
DATAFLOW,OECD.IEA:RDDPUBLIC(1.0),Public energy technology RD&D budgets,I,IEAAM,IEA Americas,A,Annual,PUBLIC,Total public,RENEWABLE,Group 3: Renewable energy sources,RDD,"Research, development and demonstration",USD_R,USD (constant prices and exchange rates),2009,,3282.507,,I,Imputed Value,F,Non-confidential,6,Millions,3,
DATAFLOW,OECD.IEA:RDDPUBLIC(1.0),Public energy technology RD&D budgets,I,IEAAM,IEA Americas,A,Annual,PUBLIC,Total public,RENEWABLE,Group 3: Renewable energy sources,RDD,"Research, development and demonstration",USD_R,USD (constant prices and exchange rates),2010,,1992.083,,I,Imputed Value,F,Non-confidential,6,Millions,3,
DATAFLOW,OECD.IEA:RDDPUBLIC(1.0),Public energy technology RD&D budgets,I,IEAAM,IEA Americas,A,Annual,PUBLIC,Total public,RENEWABLE,Group 3: Renewable energy sources,RDD,"Research, development and demonstration",USD_R,USD (constant prices and exchange rates),2011,,1777.067,,I,Imputed Value,F,Non-confidential,6,Millions,3,
DATAFLOW,OECD.IEA:RDDPUBLIC(1.0),Public energy technology RD&D budgets,I,IEAAM,IEA Americas,A,Annual,PUBLIC,Total public,RENEWABLE,Group 3: Renewable energy sources,RDD,"Research, development and demonstration",USD_R,USD (constant prices and exchange rates),2012,,2217.062,,I,Imputed Value,F,Non-confidential,6,Millions,3,
DATAFLOW,OECD.IEA:RDDPUBLIC(1.0),Public energy technology RD&D budgets,I,IEAAM,IEA Americas,A,Annual,PUBLIC,Total public,RENEWABLE,Group 3: Renewable energy sources,RDD,"Research, development and demonstration",USD_R,USD (constant prices and exchange rates),2013,,1427.554,,I,Imputed Value,F,Non-confidential,6,Millions,3,
DATAFLOW,OECD.IEA:RDDPUBLIC(1.0),Public energy technology RD&D budgets,I,IEAAM,IEA Americas,A,Annual,PUBLIC,Total public,RENEWABLE,Group 3: Renewable energy sources,RDD,"Research, development and demonstration",USD_R,USD (constant prices and exchange rates),2014,,1343.094,,I,Imputed Value,F,Non-confidential,6,Millions,3,
DATAFLOW,OECD.IEA:RDDPUBLIC(1.0),Public energy technology RD&D budgets,I,IEAAM,IEA Americas,A,Annual,PUBLIC,Total public,RENEWABLE,Group 3: Renewable energy sources,RDD,"Research, development and demonstration",USD_R,USD (constant prices and exchange rates),2015,,1319.713,,I,Imputed Value,F,Non-confidential,6,Millions,3,
DATAFLOW,OECD.IEA:RDDPUBLIC(1.0),Public energy technology RD&D budgets,I,IEAAM,IEA Americas,A,Annual,PUBLIC,Total public,RENEWABLE,Group 3: Renewable energy sources,RDD,"Research, development and demonstration",USD_R,USD (constant prices and exchange rates),2016,,1080.528,,I,Imputed Value,F,Non-confidential,6,Millions,3,
DATAFLOW,OECD.IEA:RDDPUBLIC(1.0),Public energy technology RD&D budgets,I,IEAAM,IEA Americas,A,Annual,PUBLIC,Total public,RENEWABLE,Group 3: Renewable energy sources,RDD,"Research, development and demonstration",USD_R,USD (constant prices and exchange rates),2017,,1003.069,,I,Imputed Value,F,Non-confidential,6,Millions,3,
DATAFLOW,OECD.IEA:RDDPUBLIC(1.0),Public energy technology RD&D budgets,I,IEAAM,IEA Americas,A,Annual,PUBLIC,Total public,RENEWABLE,Group 3: Renewable energy sources,RDD,"Research, development and demonstration",USD_R,USD (constant prices and exchange rates),2018,,1074.573,,I,Imputed Value,F,Non-confidential,6,Millions,3,
DATAFLOW,OECD.IEA:RDDPUBLIC(1.0),Public energy technology RD&D budgets,I,IEAAM,IEA Americas,A,Annual,PUBLIC,Total public,RENEWABLE,Group 3: Renewable energy sources,RDD,"Research, development and demonstration",USD_R,USD (constant prices and exchange rates),2019,,1224.935,,I,Imputed Value,F,Non-confidential,6,Millions,3,
DATAFLOW,OECD.IEA:RDDPUBLIC(1.0),Public energy technology RD&D budgets,I,IEAAM,IEA Americas,A,Annual,PUBLIC,Total public,RENEWABLE,Group 3: Renewable energy sources,RDD,"Research, development and demonstration",USD_R,USD (constant prices and exchange rates),2020,,1264.047,,I,Imputed Value,F,Non-confidential,6,Millions,3,
DATAFLOW,OECD.IEA:RDDPUBLIC(1.0),Public energy technology RD&D budgets,I,IEAAM,IEA Americas,A,Annual,PUBLIC,Total public,RENEWABLE,Group 3: Renewable energy sources,RDD,"Research, development and demonstration",USD_R,USD (constant prices and exchange rates),2021,,1319.172,,I,Imputed Value,F,Non-confidential,6,Millions,3,
DATAFLOW,OECD.IEA:RDDPUBLIC(1.0),Public energy technology RD&D budgets,I,IEAAM,IEA Americas,A,Annual,PUBLIC,Total public,RENEWABLE,Group 3: Renewable energy sources,RDD,"Research, development and demonstration",USD_R,USD (constant prices and exchange rates),2022,,1272.674,,I,Imputed Value,F,Non-confidential,6,Millions,3,
DATAFLOW,OECD.IEA:RDDPUBLIC(1.0),Public energy technology RD&D budgets,I,IEAAM,IEA Americas,A,Annual,PUBLIC,Total public,RENEWABLE,Group 3: Renewable energy sources,RDD,"Research, development and demonstration",USD_R,USD (constant prices and exchange rates),2023,,1327.892,,I,Imputed Value,F,Non-confidential,6,Millions,3,
DATAFLOW,OECD.IEA:RDDPUBLIC(1.0),Public energy technology RD&D budgets,I,IEAAM,IEA Americas,A,Annual,PUBLIC,Total public,RENEWABLE,Group 3: Renewable energy sources,RDD,"Research, development and demonstration",USD_R,USD (constant prices and exchange rates),2024,,1284.547,,I,Imputed Value,F,Non-confidential,6,Millions,3,
DATAFLOW,OECD.IEA:RDDPUBLIC(1.0),Public energy technology RD&D budgets,I,GREECE,Greece,A,Annual,PUBLIC,Total public,TOTAL,Total,RDD,"Research, development and demonstration",USD_R,USD (constant prices and exchange rates),2000,,9.282,,I,Imputed Value,F,Non-confidential,6,Millions,3,
DATAFLOW,OECD.IEA:RDDPUBLIC(1.0),Public energy technology RD&D budgets,I,GREECE,Greece,A,Annual,PUBLIC,Total public,TOTAL,Total,RDD,"Research, development and demonstration",USD_R,USD (constant prices and exchange rates),2001,,10.974,,I,Imputed Value,F,Non-confidential,6,Millions,3,
DATAFLOW,OECD.IEA:RDDPUBLIC(1.0),Public energy technology RD&D budgets,I,GREECE,Greece,A,Annual,PUBLIC,Total public,TOTAL,Total,RDD,"Research, development and demonstration",USD_R,USD (constant prices and exchange rates),2002,,13.565,,I,Imputed Value,F,Non-confidential,6,Millions,3,
DATAFLOW,OECD.IEA:RDDPUBLIC(1.0),Public energy technology RD&D budgets,I,GREECE,Greece,A,Annual,PUBLIC,Total public,TOTAL,Total,RDD,"Research, development and demonstration",USD_R,USD (constant prices and exchange rates),2005,,18.763,,I,Imputed Value,F,Non-confidential,6,Millions,3,
DATAFLOW,OECD.IEA:RDDPUBLIC(1.0),Public energy technology RD&D budgets,I,GREECE,Greece,A,Annual,PUBLIC,Total public,TOTAL,Total,RDD,"Research, development and demonstration",USD_R,USD (constant prices and exchange rates),2006,,19.375,,I,Imputed Value,F,Non-confidential,6,Millions,3,
DATAFLOW,OECD.IEA:RDDPUBLIC(1.0),Public energy technology RD&D budgets,I,GREECE,Greece,A,Annual,PUBLIC,Total public,TOTAL,Total,RDD,"Research, development and demonstration",USD_R,USD (constant prices and exchange rates),2007,,19.267,,I,Imputed Value,F,Non-confidential,6,Millions,3,
DATAFLOW,OECD.IEA:RDDPUBLIC(1.0),Public energy technology RD&D budgets,I,GREECE,Greece,A,Annual,PUBLIC,Total public,TOTAL,Total,RDD,"Research, development and demonstration",USD_R,USD (constant prices and exchange rates),2008,,20.616,,I,Imputed Value,F,Non-confidential,6,Millions,3,
DATAFLOW,OECD.IEA:RDDPUBLIC(1.0),Public energy technology RD&D budgets,I,GREECE,Greece,A,Annual,PUBLIC,Total public,TOTAL,Total,RDD,"Research, development and demonstration",USD_R,USD (constant prices and exchange rates),2009,,19.563,,I,Imputed Value,F,Non-confidential,6,Millions,3,
DATAFLOW,OECD.IEA:RDDPUBLIC(1.0),Public energy technology RD&D budgets,I,GREECE,Greece,A,Annual,PUBLIC,Total public,TOTAL,Total,RDD,"Research, development and demonstration",USD_R,USD (constant prices and exchange rates),2010,,8.969,,I,Imputed Value,F,Non-confidential,6,Millions,3,
DATAFLOW,OECD.IEA:RDDPUBLIC(1.0),Public energy technology RD&D budgets,I,GREECE,Greece,A,Annual,PUBLIC,Total public,TOTAL,Total,RDD,"Research, development and demonstration",USD_R,USD (constant prices and exchange rates),2011,,7.686,,I,Imputed Value,F,Non-confidential,6,Millions,3,
DATAFLOW,OECD.IEA:RDDPUBLIC(1.0),Public energy technology RD&D budgets,I,IEAEUR,IEA Europe,A,Annual,PUBLIC,Total public,FOSSILFUEL,Group 2: Fossil fuels,RDD,"Research, development and demonstration",USD_R,USD (constant prices and exchange rates),2000,,175.99,,I,Imputed Value,F,Non-confidential,6,Millions,3,
DATAFLOW,OECD.IEA:RDDPUBLIC(1.0),Public energy technology RD&D budgets,I,IEAEUR,IEA Europe,A,Annual,PUBLIC,Total public,FOSSILFUEL,Group 2: Fossil fuels,RDD,"Research, development and demonstration",USD_R,USD (constant prices and exchange rates),2001,,196.062,,I,Imputed Value,F,Non-confidential,6,Millions,3,
DATAFLOW,OECD.IEA:RDDPUBLIC(1.0),Public energy technology RD&D budgets,I,IEAEUR,IEA Europe,A,Annual,PUBLIC,Total public,FOSSILFUEL,Group 2: Fossil fuels,RDD,"Research, development and demonstration",USD_R,USD (constant prices and exchange rates),2002,,496.499,,I,Imputed Value,F,Non-confidential,6,Millions,3,
DATAFLOW,OECD.IEA:RDDPUBLIC(1.0),Public energy technology RD&D budgets,I,IEAEUR,IEA Europe,A,Annual,PUBLIC,Total public,FOSSILFUEL,Group 2: Fossil fuels,RDD,"Research, development and demonstration",USD_R,USD (constant prices and exchange rates),2003,,462.076,,I,Imputed Value,F,Non-confidential,6,Millions,3,
DATAFLOW,OECD.IEA:RDDPUBLIC(1.0),Public energy technology RD&D budgets,I,IEAEUR,IEA Europe,A,Annual,PUBLIC,Total public,FOSSILFUEL,Group 2: Fossil fuels,RDD,"Research, development and demonstration",USD_R,USD (constant prices and exchange rates),2004,,436.382,,I,Imputed Value,F,Non-confidential,6,Millions,3,
DATAFLOW,OECD.IEA:RDDPUBLIC(1.0),Public energy technology RD&D budgets,I,IEAEUR,IEA Europe,A,Annual,PUBLIC,Total public,FOSSILFUEL,Group 2: Fossil fuels,RDD,"Research, development and demonstration",USD_R,USD (constant prices and exchange rates),2005,,443.593,,I,Imputed Value,F,Non-confidential,6,Millions,3,
DATAFLOW,OECD.IEA:RDDPUBLIC(1.0),Public energy technology RD&D budgets,I,IEAEUR,IEA Europe,A,Annual,PUBLIC,Total public,FOSSILFUEL,Group 2: Fossil fuels,RDD,"Research, development and demonstration",USD_R,USD (constant prices and exchange rates),2006,,492.082,,I,Imputed Value,F,Non-confidential,6,Millions,3,
DATAFLOW,OECD.IEA:RDDPUBLIC(1.0),Public energy technology RD&D budgets,I,IEAEUR,IEA Europe,A,Annual,PUBLIC,Total public,FOSSILFUEL,Group 2: Fossil fuels,RDD,"Research, development and demonstration",USD_R,USD (constant prices and exchange rates),2007,,543.325,,I,Imputed Value,F,Non-confidential,6,Millions,3,
DATAFLOW,OECD.IEA:RDDPUBLIC(1.0),Public energy technology RD&D budgets,I,IEAEUR,IEA Europe,A,Annual,PUBLIC,Total public,FOSSILFUEL,Group 2: Fossil fuels,RDD,"Research, development and demonstration",USD_R,USD (constant prices and exchange rates),2008,,510.653,,I,Imputed Value,F,Non-confidential,6,Millions,3,
DATAFLOW,OECD.IEA:RDDPUBLIC(1.0),Public energy technology RD&D budgets,I,IEAEUR,IEA Europe,A,Annual,PUBLIC,Total public,FOSSILFUEL,Group 2: Fossil fuels,RDD,"Research, development and demonstration",USD_R,USD (constant prices and exchange rates),2009,,745.141,,I,Imputed Value,F,Non-confidential,6,Millions,3,
DATAFLOW,OECD.IEA:RDDPUBLIC(1.0),Public energy technology RD&D budgets,I,IEAEUR,IEA Europe,A,Annual,PUBLIC,Total public,FOSSILFUEL,Group 2: Fossil fuels,RDD,"Research, development and demonstration",USD_R,USD (constant prices and exchange rates),2010,,1021.81,,I,Imputed Value,F,Non-confidential,6,Millions,3,
DATAFLOW,OECD.IEA:RDDPUBLIC(1.0),Public energy technology RD&D budgets,I,IEAEUR,IEA Europe,A,Annual,PUBLIC,Total public,FOSSILFUEL,Group 2: Fossil fuels,RDD,"Research, development and demonstration",USD_R,USD (constant prices and exchange rates),2011,,846.902,,I,Imputed Value,F,Non-confidential,6,Millions,3,
DATAFLOW,OECD.IEA:RDDPUBLIC(1.0),Public energy technology RD&D budgets,I,IEAEUR,IEA Europe,A,Annual,PUBLIC,Total public,FOSSILFUEL,Group 2: Fossil fuels,RDD,"Research, development and demonstration",USD_R,USD (constant prices and exchange rates),2012,,731.969,,I,Imputed Value,F,Non-confidential,6,Millions,3,
DATAFLOW,OECD.IEA:RDDPUBLIC(1.0),Public energy technology RD&D budgets,I,IEAEUR,IEA Europe,A,Annual,PUBLIC,Total public,FOSSILFUEL,Group 2: Fossil fuels,RDD,"Research, development and demonstration",USD_R,USD (constant prices and exchange rates),2013,,708.946,,I,Imputed Value,F,Non-confidential,6,Millions,3,
DATAFLOW,OECD.IEA:RDDPUBLIC(1.0),Public energy technology RD&D budgets,I,IEAEUR,IEA Europe,A,Annual,PUBLIC,Total public,FOSSILFUEL,Group 2: Fossil fuels,RDD,"Research, development and demonstration",USD_R,USD (constant prices and exchange rates),2014,,695.573,,I,Imputed Value,F,Non-confidential,6,Millions,3,
DATAFLOW,OECD.IEA:RDDPUBLIC(1.0),Public energy technology RD&D budgets,I,IEAEUR,IEA Europe,A,Annual,PUBLIC,Total public,FOSSILFUEL,Group 2: Fossil fuels,RDD,"Research, development and demonstration",USD_R,USD (constant prices and exchange rates),2015,,603.908,,I,Imputed Value,F,Non-confidential,6,Millions,3,
DATAFLOW,OECD.IEA:RDDPUBLIC(1.0),Public energy technology RD&D budgets,I,IEAEUR,IEA Europe,A,Annual,PUBLIC,Total public,FOSSILFUEL,Group 2: Fossil fuels,RDD,"Research, development and demonstration",USD_R,USD (constant prices and exchange rates),2016,,556.442,,I,Imputed Value,F,Non-confidential,6,Millions,3,
DATAFLOW,OECD.IEA:RDDPUBLIC(1.0),Public energy technology RD&D budgets,I,IEAEUR,IEA Europe,A,Annual,PUBLIC,Total public,FOSSILFUEL,Group 2: Fossil fuels,RDD,"Research, development and demonstration",USD_R,USD (constant prices and exchange rates),2017,,531.56,,I,Imputed Value,F,Non-confidential,6,Millions,3,
DATAFLOW,OECD.IEA:RDDPUBLIC(1.0),Public energy technology RD&D budgets,I,IEAEUR,IEA Europe,A,Annual,PUBLIC,Total public,FOSSILFUEL,Group 2: Fossil fuels,RDD,"Research, development and demonstration",USD_R,USD (constant prices and exchange rates),2018,,493.075,,I,Imputed Value,F,Non-confidential,6,Millions,3,
DATAFLOW,OECD.IEA:RDDPUBLIC(1.0),Public energy technology RD&D budgets,I,IEAEUR,IEA Europe,A,Annual,PUBLIC,Total public,FOSSILFUEL,Group 2: Fossil fuels,RDD,"Research, development and demonstration",USD_R,USD (constant prices and exchange rates),2019,,452.046,,I,Imputed Value,F,Non-confidential,6,Millions,3,
DATAFLOW,OECD.IEA:RDDPUBLIC(1.0),Public energy technology RD&D budgets,I,IEAEUR,IEA Europe,A,Annual,PUBLIC,Total public,FOSSILFUEL,Group 2: Fossil fuels,RDD,"Research, development and demonstration",USD_R,USD (constant prices and exchange rates),2020,,469.269,,I,Imputed Value,F,Non-confidential,6,Millions,3,
DATAFLOW,OECD.IEA:RDDPUBLIC(1.0),Public energy technology RD&D budgets,I,IEAEUR,IEA Europe,A,Annual,PUBLIC,Total public,FOSSILFUEL,Group 2: Fossil fuels,RDD,"Research, development and demonstration",USD_R,USD (constant prices and exchange rates),2021,,521.7,,I,Imputed Value,F,Non-confidential,6,Millions,3,
DATAFLOW,OECD.IEA:RDDPUBLIC(1.0),Public energy technology RD&D budgets,I,IEAEUR,IEA Europe,A,Annual,PUBLIC,Total public,FOSSILFUEL,Group 2: Fossil fuels,RDD,"Research, development and demonstration",USD_R,USD (constant prices and exchange rates),2022,,500.379,,I,Imputed Value,F,Non-confidential,6,Millions,3,
DATAFLOW,OECD.IEA:RDDPUBLIC(1.0),Public energy technology RD&D budgets,I,IEAEUR,IEA Europe,A,Annual,PUBLIC,Total public,FOSSILFUEL,Group 2: Fossil fuels,RDD,"Research, development and demonstration",USD_R,USD (constant prices and exchange rates),2023,,560.195,,I,Imputed Value,F,Non-confidential,6,Millions,3,
DATAFLOW,OECD.IEA:RDDPUBLIC(1.0),Public energy technology RD&D budgets,I,IEAEUR,IEA Europe,A,Annual,PUBLIC,Total public,FOSSILFUEL,Group 2: Fossil fuels,RDD,"Research, development and demonstration",USD_R,USD (constant prices and exchange rates),2024,,474.66,,I,Imputed Value,F,Non-confidential,6,Millions,3,
DATAFLOW,OECD.IEA:RDDPUBLIC(1.0),Public energy technology RD&D budgets,I,UK,United Kingdom,A,Annual,PUBLIC,Total public,TOTAL,Total,RDD,"Research, development and demonstration",USD_R,USD (constant prices and exchange rates),2000,,111.008,,I,Imputed Value,F,Non-confidential,6,Millions,3,
DATAFLOW,OECD.IEA:RDDPUBLIC(1.0),Public energy technology RD&D budgets,I,UK,United Kingdom,A,Annual,PUBLIC,Total public,TOTAL,Total,RDD,"Research, development and demonstration",USD_R,USD (constant prices and exchange rates),2001,,69.363,,I,Imputed Value,F,Non-confidential,6,Millions,3,
DATAFLOW,OECD.IEA:RDDPUBLIC(1.0),Public energy technology RD&D budgets,I,UK,United Kingdom,A,Annual,PUBLIC,Total public,TOTAL,Total,RDD,"Research, development and demonstration",USD_R,USD (constant prices and exchange rates),2002,,78.783,,I,Imputed Value,F,Non-confidential,6,Millions,3,
DATAFLOW,OECD.IEA:RDDPUBLIC(1.0),Public energy technology RD&D budgets,I,UK,United Kingdom,A,Annual,PUBLIC,Total public,TOTAL,Total,RDD,"Research, development and demonstration",USD_R,USD (constant prices and exchange rates),2003,,74.593,,I,Imputed Value,F,Non-confidential,6,Millions,3,
DATAFLOW,OECD.IEA:RDDPUBLIC(1.0),Public energy technology RD&D budgets,I,UK,United Kingdom,A,Annual,PUBLIC,Total public,TOTAL,Total,RDD,"Research, development and demonstration",USD_R,USD (constant prices and exchange rates),2004,,103.431,,I,Imputed Value,F,Non-confidential,6,Millions,3,
DATAFLOW,OECD.IEA:RDDPUBLIC(1.0),Public energy technology RD&D budgets,I,UK,United Kingdom,A,Annual,PUBLIC,Total public,TOTAL,Total,RDD,"Research, development and demonstration",USD_R,USD (constant prices and exchange rates),2005,,147.693,,I,Imputed Value,F,Non-confidential,6,Millions,3,
DATAFLOW,OECD.IEA:RDDPUBLIC(1.0),Public energy technology RD&D budgets,I,UK,United Kingdom,A,Annual,PUBLIC,Total public,TOTAL,Total,RDD,"Research, development and demonstration",USD_R,USD (constant prices and exchange rates),2006,,232.41,,I,Imputed Value,F,Non-confidential,6,Millions,3,
DATAFLOW,OECD.IEA:RDDPUBLIC(1.0),Public energy technology RD&D budgets,I,UK,United Kingdom,A,Annual,PUBLIC,Total public,TOTAL,Total,RDD,"Research, development and demonstration",USD_R,USD (constant prices and exchange rates),2007,,281.788,,I,Imputed Value,F,Non-confidential,6,Millions,3,
DATAFLOW,OECD.IEA:RDDPUBLIC(1.0),Public energy technology RD&D budgets,I,UK,United Kingdom,A,Annual,PUBLIC,Total public,TOTAL,Total,RDD,"Research, development and demonstration",USD_R,USD (constant prices and exchange rates),2008,,299.702,,I,Imputed Value,F,Non-confidential,6,Millions,3,
DATAFLOW,OECD.IEA:RDDPUBLIC(1.0),Public energy technology RD&D budgets,I,UK,United Kingdom,A,Annual,PUBLIC,Total public,TOTAL,Total,RDD,"Research, development and demonstration",USD_R,USD (constant prices and exchange rates),2009,,502.518,,I,Imputed Value,F,Non-confidential,6,Millions,3,
DATAFLOW,OECD.IEA:RDDPUBLIC(1.0),Public energy technology RD&D budgets,I,UK,United Kingdom,A,Annual,PUBLIC,Total public,TOTAL,Total,RDD,"Research, development and demonstration",USD_R,USD (constant prices and exchange rates),2010,,938.625,,I,Imputed Value,F,Non-confidential,6,Millions,3,
DATAFLOW,OECD.IEA:RDDPUBLIC(1.0),Public energy technology RD&D budgets,I,UK,United Kingdom,A,Annual,PUBLIC,Total public,TOTAL,Total,RDD,"Research, development and demonstration",USD_R,USD (constant prices and exchange rates),2011,,631.673,,I,Imputed Value,F,Non-confidential,6,Millions,3,
DATAFLOW,OECD.IEA:RDDPUBLIC(1.0),Public energy technology RD&D budgets,I,UK,United Kingdom,A,Annual,PUBLIC,Total public,TOTAL,Total,RDD,"Research, development and demonstration",USD_R,USD (constant prices and exchange rates),2012,,562.715,,I,Imputed Value,F,Non-confidential,6,Millions,3,
DATAFLOW,OECD.IEA:RDDPUBLIC(1.0),Public energy technology RD&D budgets,I,UK,United Kingdom,A,Annual,PUBLIC,Total public,TOTAL,Total,RDD,"Research, development and demonstration",USD_R,USD (constant prices and exchange rates),2013,,703.619,,I,Imputed Value,F,Non-confidential,6,Millions,3,
DATAFLOW,OECD.IEA:RDDPUBLIC(1.0),Public energy technology RD&D budgets,I,UK,United Kingdom,A,Annual,PUBLIC,Total public,TOTAL,Total,RDD,"Research, development and demonstration",USD_R,USD (constant prices and exchange rates),2014,,589.914,,I,Imputed Value,F,Non-confidential,6,Millions,3,
DATAFLOW,OECD.IEA:RDDPUBLIC(1.0),Public energy technology RD&D budgets,I,UK,United Kingdom,A,Annual,PUBLIC,Total public,TOTAL,Total,RDD,"Research, development and demonstration",USD_R,USD (constant prices and exchange rates),2015,,644.157,,I,Imputed Value,F,Non-confidential,6,Millions,3,
DATAFLOW,OECD.IEA:RDDPUBLIC(1.0),Public energy technology RD&D budgets,I,UK,United Kingdom,A,Annual,PUBLIC,Total public,TOTAL,Total,RDD,"Research, development and demonstration",USD_R,USD (constant prices and exchange rates),2016,,805.759,,I,Imputed Value,F,Non-confidential,6,Millions,3,
DATAFLOW,OECD.IEA:RDDPUBLIC(1.0),Public energy technology RD&D budgets,I,UK,United Kingdom,A,Annual,PUBLIC,Total public,TOTAL,Total,RDD,"Research, development and demonstration",USD_R,USD (constant prices and exchange rates),2017,,1071.19,,I,Imputed Value,F,Non-confidential,6,Millions,3,
DATAFLOW,OECD.IEA:RDDPUBLIC(1.0),Public energy technology RD&D budgets,I,UK,United Kingdom,A,Annual,PUBLIC,Total public,TOTAL,Total,RDD,"Research, development and demonstration",USD_R,USD (constant prices and exchange rates),2018,,1189.868,,I,Imputed Value,F,Non-confidential,6,Millions,3,
DATAFLOW,OECD.IEA:RDDPUBLIC(1.0),Public energy technology RD&D budgets,I,UK,United Kingdom,A,Annual,PUBLIC,Total public,TOTAL,Total,RDD,"Research, development and demonstration",USD_R,USD (constant prices and exchange rates),2019,,1286.455,,I,Imputed Value,F,Non-confidential,6,Millions,3,
DATAFLOW,OECD.IEA:RDDPUBLIC(1.0),Public energy technology RD&D budgets,I,UK,United Kingdom,A,Annual,PUBLIC,Total public,TOTAL,Total,RDD,"Research, development and demonstration",USD_R,USD (constant prices and exchange rates),2020,,1378.963,,I,Imputed Value,F,Non-confidential,6,Millions,3,
DATAFLOW,OECD.IEA:RDDPUBLIC(1.0),Public energy technology RD&D budgets,I,UK,United Kingdom,A,Annual,PUBLIC,Total public,TOTAL,Total,RDD,"Research, development and demonstration",USD_R,USD (constant prices and exchange rates),2021,,1547.409,,I,Imputed Value,F,Non-confidential,6,Millions,3,
DATAFLOW,OECD.IEA:RDDPUBLIC(1.0),Public energy technology RD&D budgets,I,UK,United Kingdom,A,Annual,PUBLIC,Total public,TOTAL,Total,RDD,"Research, development and demonstration",USD_R,USD (constant prices and exchange rates),2022,,1489.184,,I,Imputed Value,F,Non-confidential,6,Millions,3,
DATAFLOW,OECD.IEA:RDDPUBLIC(1.0),Public energy technology RD&D budgets,I,UK,United Kingdom,A,Annual,PUBLIC,Total public,TOTAL,Total,RDD,"Research, development and demonstration",USD_R,USD (constant prices and exchange rates),2023,,1752.257,,I,Imputed Value,F,Non-confidential,6,Millions,3,
DATAFLOW,OECD.IEA:RDDPUBLIC(1.0),Public energy technology RD&D budgets,I,UK,United Kingdom,A,Annual,PUBLIC,Total public,TOTAL,Total,RDD,"Research, development and demonstration",USD_R,USD (constant prices and exchange rates),2024,,2085.107,,P,Provisional Value,F,Non-confidential,6,Millions,3,
DATAFLOW,OECD.IEA:RDDPUBLIC(1.0),Public energy technology RD&D budgets,I,AUSTRALIA,Australia,A,Annual,PUBLIC,Total public,RENEWABLE,Group 3: Renewable energy sources,RDD,"Research, development and demonstration",USD_R,USD (constant prices and exchange rates),2001,,20.561,,I,Imputed Value,F,Non-confidential,6,Millions,3,
DATAFLOW,OECD.IEA:RDDPUBLIC(1.0),Public energy technology RD&D budgets,I,AUSTRALIA,Australia,A,Annual,PUBLIC,Total public,RENEWABLE,Group 3: Renewable energy sources,RDD,"Research, development and demonstration",USD_R,USD (constant prices and exchange rates),2003,,20.104,,I,Imputed Value,F,Non-confidential,6,Millions,3,
DATAFLOW,OECD.IEA:RDDPUBLIC(1.0),Public energy technology RD&D budgets,I,AUSTRALIA,Australia,A,Annual,PUBLIC,Total public,RENEWABLE,Group 3: Renewable energy sources,RDD,"Research, development and demonstration",USD_R,USD (constant prices and exchange rates),2004,,47.139,,I,Imputed Value,F,Non-confidential,6,Millions,3,
DATAFLOW,OECD.IEA:RDDPUBLIC(1.0),Public energy technology RD&D budgets,I,AUSTRALIA,Australia,A,Annual,PUBLIC,Total public,RENEWABLE,Group 3: Renewable energy sources,RDD,"Research, development and demonstration",USD_R,USD (constant prices and exchange rates),2005,,33.588,,I,Imputed Value,F,Non-confidential,6,Millions,3,
DATAFLOW,OECD.IEA:RDDPUBLIC(1.0),Public energy technology RD&D budgets,I,AUSTRALIA,Australia,A,Annual,PUBLIC,Total public,RENEWABLE,Group 3: Renewable energy sources,RDD,"Research, development and demonstration",USD_R,USD (constant prices and exchange rates),2006,,43.021,,I,Imputed Value,F,Non-confidential,6,Millions,3,
DATAFLOW,OECD.IEA:RDDPUBLIC(1.0),Public energy technology RD&D budgets,I,AUSTRALIA,Australia,A,Annual,PUBLIC,Total public,RENEWABLE,Group 3: Renewable energy sources,RDD,"Research, development and demonstration",USD_R,USD (constant prices and exchange rates),2007,,51.91,,I,Imputed Value,F,Non-confidential,6,Millions,3,
DATAFLOW,OECD.IEA:RDDPUBLIC(1.0),Public energy technology RD&D budgets,I,AUSTRALIA,Australia,A,Annual,PUBLIC,Total public,RENEWABLE,Group 3: Renewable energy sources,RDD,"Research, development and demonstration",USD_R,USD (constant prices and exchange rates),2008,,44.943,,I,Imputed Value,F,Non-confidential,6,Millions,3,
DATAFLOW,OECD.IEA:RDDPUBLIC(1.0),Public energy technology RD&D budgets,I,AUSTRALIA,Australia,A,Annual,PUBLIC,Total public,RENEWABLE,Group 3: Renewable energy sources,RDD,"Research, development and demonstration",USD_R,USD (constant prices and exchange rates),2009,,86.49,,I,Imputed Value,F,Non-confidential,6,Millions,3,
DATAFLOW,OECD.IEA:RDDPUBLIC(1.0),Public energy technology RD&D budgets,I,AUSTRALIA,Australia,A,Annual,PUBLIC,Total public,RENEWABLE,Group 3: Renewable energy sources,RDD,"Research, development and demonstration",USD_R,USD (constant prices and exchange rates),2010,,92.014,,I,Imputed Value,F,Non-confidential,6,Millions,3,
DATAFLOW,OECD.IEA:RDDPUBLIC(1.0),Public energy technology RD&D budgets,I,AUSTRALIA,Australia,A,Annual,PUBLIC,Total public,RENEWABLE,Group 3: Renewable energy sources,RDD,"Research, development and demonstration",USD_R,USD (constant prices and exchange rates),2011,,178.511,,I,Imputed Value,F,Non-confidential,6,Millions,3,
DATAFLOW,OECD.IEA:RDDPUBLIC(1.0),Public energy technology RD&D budgets,I,AUSTRALIA,Australia,A,Annual,PUBLIC,Total public,RENEWABLE,Group 3: Renewable energy sources,RDD,"Research, development and demonstration",USD_R,USD (constant prices and exchange rates),2012,,232.291,,I,Imputed Value,F,Non-confidential,6,Millions,3,
DATAFLOW,OECD.IEA:RDDPUBLIC(1.0),Public energy technology RD&D budgets,I,AUSTRALIA,Australia,A,Annual,PUBLIC,Total public,RENEWABLE,Group 3: Renewable energy sources,RDD,"Research, development and demonstration",USD_R,USD (constant prices and exchange rates),2013,,460.424,,I,Imputed Value,F,Non-confidential,6,Millions,3,
DATAFLOW,OECD.IEA:RDDPUBLIC(1.0),Public energy technology RD&D budgets,I,AUSTRALIA,Australia,A,Annual,PUBLIC,Total public,RENEWABLE,Group 3: Renewable energy sources,RDD,"Research, development and demonstration",USD_R,USD (constant prices and exchange rates),2014,,83.897,,I,Imputed Value,F,Non-confidential,6,Millions,3,
DATAFLOW,OECD.IEA:RDDPUBLIC(1.0),Public energy technology RD&D budgets,I,AUSTRALIA,Australia,A,Annual,PUBLIC,Total public,RENEWABLE,Group 3: Renewable energy sources,RDD,"Research, development and demonstration",USD_R,USD (constant prices and exchange rates),2015,,135.419,,I,Imputed Value,F,Non-confidential,6,Millions,3,
DATAFLOW,OECD.IEA:RDDPUBLIC(1.0),Public energy technology RD&D budgets,I,AUSTRALIA,Australia,A,Annual,PUBLIC,Total public,RENEWABLE,Group 3: Renewable energy sources,RDD,"Research, development and demonstration",USD_R,USD (constant prices and exchange rates),2016,,49.891,,I,Imputed Value,F,Non-confidential,6,Millions,3,
DATAFLOW,OECD.IEA:RDDPUBLIC(1.0),Public energy technology RD&D budgets,I,AUSTRALIA,Australia,A,Annual,PUBLIC,Total public,RENEWABLE,Group 3: Renewable energy sources,RDD,"Research, development and demonstration",USD_R,USD (constant prices and exchange rates),2017,,58.673,,I,Imputed Value,F,Non-confidential,6,Millions,3,
DATAFLOW,OECD.IEA:RDDPUBLIC(1.0),Public energy technology RD&D budgets,I,AUSTRALIA,Australia,A,Annual,PUBLIC,Total public,RENEWABLE,Group 3: Renewable energy sources,RDD,"Research, development and demonstration",USD_R,USD (constant prices and exchange rates),2018,,55.65,,I,Imputed Value,F,Non-confidential,6,Millions,3,
DATAFLOW,OECD.IEA:RDDPUBLIC(1.0),Public energy technology RD&D budgets,I,AUSTRALIA,Australia,A,Annual,PUBLIC,Total public,RENEWABLE,Group 3: Renewable energy sources,RDD,"Research, development and demonstration",USD_R,USD (constant prices and exchange rates),2019,,61.451,,I,Imputed Value,F,Non-confidential,6,Millions,3,
DATAFLOW,OECD.IEA:RDDPUBLIC(1.0),Public energy technology RD&D budgets,I,AUSTRALIA,Australia,A,Annual,PUBLIC,Total public,RENEWABLE,Group 3: Renewable energy sources,RDD,"Research, development and demonstration",USD_R,USD (constant prices and exchange rates),2020,,33.067,,I,Imputed Value,F,Non-confidential,6,Millions,3,
DATAFLOW,OECD.IEA:RDDPUBLIC(1.0),Public energy technology RD&D budgets,I,AUSTRALIA,Australia,A,Annual,PUBLIC,Total public,RENEWABLE,Group 3: Renewable energy sources,RDD,"Research, development and demonstration",USD_R,USD (constant prices and exchange rates),2021,,47.064,,I,Imputed Value,F,Non-confidential,6,Millions,3,
DATAFLOW,OECD.IEA:RDDPUBLIC(1.0),Public energy technology RD&D budgets,I,AUSTRALIA,Australia,A,Annual,PUBLIC,Total public,RENEWABLE,Group 3: Renewable energy sources,RDD,"Research, development and demonstration",USD_R,USD (constant prices and exchange rates),2022,,57.786,,I,Imputed Value,F,Non-confidential,6,Millions,3,
DATAFLOW,OECD.IEA:RDDPUBLIC(1.0),Public energy technology RD&D budgets,I,AUSTRALIA,Australia,A,Annual,PUBLIC,Total public,RENEWABLE,Group 3: Renewable energy sources,RDD,"Research, development and demonstration",USD_R,USD (constant prices and exchange rates),2023,,53.257,,I,Imputed Value,F,Non-confidential,6,Millions,3,
DATAFLOW,OECD.IEA:RDDPUBLIC(1.0),Public energy technology RD&D budgets,I,AUSTRALIA,Australia,A,Annual,PUBLIC,Total public,RENEWABLE,Group 3: Renewable energy sources,RDD,"Research, development and demonstration",USD_R,USD (constant prices and exchange rates),2024,,24.564,,P,Provisional Value,F,Non-confidential,6,Millions,3,
DATAFLOW,OECD.IEA:RDDPUBLIC(1.0),Public energy technology RD&D budgets,I,LITHUANIA,Lithuania,A,Annual,PUBLIC,Total public,RENEWABLE,Group 3: Renewable energy sources,RDD,"Research, development and demonstration",USD_R,USD (constant prices and exchange rates),2019,,3.535,,I,Imputed Value,F,Non-confidential,6,Millions,3,
DATAFLOW,OECD.IEA:RDDPUBLIC(1.0),Public energy technology RD&D budgets,I,LITHUANIA,Lithuania,A,Annual,PUBLIC,Total public,RENEWABLE,Group 3: Renewable energy sources,RDD,"Research, development and demonstration",USD_R,USD (constant prices and exchange rates),2020,,3.81,,I,Imputed Value,F,Non-confidential,6,Millions,3,
DATAFLOW,OECD.IEA:RDDPUBLIC(1.0),Public energy technology RD&D budgets,I,LITHUANIA,Lithuania,A,Annual,PUBLIC,Total public,RENEWABLE,Group 3: Renewable energy sources,RDD,"Research, development and demonstration",USD_R,USD (constant prices and exchange rates),2021,,3.557,,I,Imputed Value,F,Non-confidential,6,Millions,3,
DATAFLOW,OECD.IEA:RDDPUBLIC(1.0),Public energy technology RD&D budgets,I,LITHUANIA,Lithuania,A,Annual,PUBLIC,Total public,RENEWABLE,Group 3: Renewable energy sources,RDD,"Research, development and demonstration",USD_R,USD (constant prices and exchange rates),2022,,4.741,,I,Imputed Value,F,Non-confidential,6,Millions,3,
DATAFLOW,OECD.IEA:RDDPUBLIC(1.0),Public energy technology RD&D budgets,I,LITHUANIA,Lithuania,A,Annual,PUBLIC,Total public,RENEWABLE,Group 3: Renewable energy sources,RDD,"Research, development and demonstration",USD_R,USD (constant prices and exchange rates),2023,,4.972,,I,Imputed Value,F,Non-confidential,6,Millions,3,
DATAFLOW,OECD.IEA:RDDPUBLIC(1.0),Public energy technology RD&D budgets,I,LITHUANIA,Lithuania,A,Annual,PUBLIC,Total public,RENEWABLE,Group 3: Renewable energy sources,RDD,"Research, development and demonstration",USD_R,USD (constant prices and exchange rates),2024,,1.895,,P,Provisional Value,F,Non-confidential,6,Millions,3,
DATAFLOW,OECD.IEA:RDDPUBLIC(1.0),Public energy technology RD&D budgets,I,DENMARK,Denmark,A,Annual,PUBLIC,Total public,RENEWABLE,Group 3: Renewable energy sources,RDD,"Research, development and demonstration",USD_R,USD (constant prices and exchange rates),2000,,28.008,,I,Imputed Value,F,Non-confidential,6,Millions,3,
DATAFLOW,OECD.IEA:RDDPUBLIC(1.0),Public energy technology RD&D budgets,I,DENMARK,Denmark,A,Annual,PUBLIC,Total public,RENEWABLE,Group 3: Renewable energy sources,RDD,"Research, development and demonstration",USD_R,USD (constant prices and exchange rates),2001,,31.347,,I,Imputed Value,F,Non-confidential,6,Millions,3,
DATAFLOW,OECD.IEA:RDDPUBLIC(1.0),Public energy technology RD&D budgets,I,DENMARK,Denmark,A,Annual,PUBLIC,Total public,RENEWABLE,Group 3: Renewable energy sources,RDD,"Research, development and demonstration",USD_R,USD (constant prices and exchange rates),2002,,15.936,,I,Imputed Value,F,Non-confidential,6,Millions,3,
DATAFLOW,OECD.IEA:RDDPUBLIC(1.0),Public energy technology RD&D budgets,I,DENMARK,Denmark,A,Annual,PUBLIC,Total public,RENEWABLE,Group 3: Renewable energy sources,RDD,"Research, development and demonstration",USD_R,USD (constant prices and exchange rates),2003,,15.822,,I,Imputed Value,F,Non-confidential,6,Millions,3,
DATAFLOW,OECD.IEA:RDDPUBLIC(1.0),Public energy technology RD&D budgets,I,DENMARK,Denmark,A,Annual,PUBLIC,Total public,RENEWABLE,Group 3: Renewable energy sources,RDD,"Research, development and demonstration",USD_R,USD (constant prices and exchange rates),2004,,36.77,,I,Imputed Value,F,Non-confidential,6,Millions,3,
DATAFLOW,OECD.IEA:RDDPUBLIC(1.0),Public energy technology RD&D budgets,I,DENMARK,Denmark,A,Annual,PUBLIC,Total public,RENEWABLE,Group 3: Renewable energy sources,RDD,"Research, development and demonstration",USD_R,USD (constant prices and exchange rates),2005,,42.246,,I,Imputed Value,F,Non-confidential,6,Millions,3,
DATAFLOW,OECD.IEA:RDDPUBLIC(1.0),Public energy technology RD&D budgets,I,DENMARK,Denmark,A,Annual,PUBLIC,Total public,RENEWABLE,Group 3: Renewable energy sources,RDD,"Research, development and demonstration",USD_R,USD (constant prices and exchange rates),2006,,45.056,,I,Imputed Value,F,Non-confidential,6,Millions,3,
DATAFLOW,OECD.IEA:RDDPUBLIC(1.0),Public energy technology RD&D budgets,I,DENMARK,Denmark,A,Annual,PUBLIC,Total public,RENEWABLE,Group 3: Renewable energy sources,RDD,"Research, development and demonstration",USD_R,USD (constant prices and exchange rates),2007,,57.665,,I,Imputed Value,F,Non-confidential,6,Millions,3,
DATAFLOW,OECD.IEA:RDDPUBLIC(1.0),Public energy technology RD&D budgets,I,DENMARK,Denmark,A,Annual,PUBLIC,Total public,RENEWABLE,Group 3: Renewable energy sources,RDD,"Research, development and demonstration",USD_R,USD (constant prices and exchange rates),2008,,63.997,,I,Imputed Value,F,Non-confidential,6,Millions,3,
DATAFLOW,OECD.IEA:RDDPUBLIC(1.0),Public energy technology RD&D budgets,I,DENMARK,Denmark,A,Annual,PUBLIC,Total public,RENEWABLE,Group 3: Renewable energy sources,RDD,"Research, development and demonstration",USD_R,USD (constant prices and exchange rates),2009,,76.145,,I,Imputed Value,F,Non-confidential,6,Millions,3,
DATAFLOW,OECD.IEA:RDDPUBLIC(1.0),Public energy technology RD&D budgets,I,DENMARK,Denmark,A,Annual,PUBLIC,Total public,RENEWABLE,Group 3: Renewable energy sources,RDD,"Research, development and demonstration",USD_R,USD (constant prices and exchange rates),2010,,111.51,,I,Imputed Value,F,Non-confidential,6,Millions,3,
DATAFLOW,OECD.IEA:RDDPUBLIC(1.0),Public energy technology RD&D budgets,I,DENMARK,Denmark,A,Annual,PUBLIC,Total public,RENEWABLE,Group 3: Renewable energy sources,RDD,"Research, development and demonstration",USD_R,USD (constant prices and exchange rates),2011,,103.802,,I,Imputed Value,F,Non-confidential,6,Millions,3,
DATAFLOW,OECD.IEA:RDDPUBLIC(1.0),Public energy technology RD&D budgets,I,DENMARK,Denmark,A,Annual,PUBLIC,Total public,RENEWABLE,Group 3: Renewable energy sources,RDD,"Research, development and demonstration",USD_R,USD (constant prices and exchange rates),2012,,85.083,,I,Imputed Value,F,Non-confidential,6,Millions,3,
DATAFLOW,OECD.IEA:RDDPUBLIC(1.0),Public energy technology RD&D budgets,I,DENMARK,Denmark,A,Annual,PUBLIC,Total public,RENEWABLE,Group 3: Renewable energy sources,RDD,"Research, development and demonstration",USD_R,USD (constant prices and exchange rates),2013,,108.862,,I,Imputed Value,F,Non-confidential,6,Millions,3,
DATAFLOW,OECD.IEA:RDDPUBLIC(1.0),Public energy technology RD&D budgets,I,DENMARK,Denmark,A,Annual,PUBLIC,Total public,RENEWABLE,Group 3: Renewable energy sources,RDD,"Research, development and demonstration",USD_R,USD (constant prices and exchange rates),2014,,73.041,,I,Imputed Value,F,Non-confidential,6,Millions,3,
DATAFLOW,OECD.IEA:RDDPUBLIC(1.0),Public energy technology RD&D budgets,I,DENMARK,Denmark,A,Annual,PUBLIC,Total public,RENEWABLE,Group 3: Renewable energy sources,RDD,"Research, development and demonstration",USD_R,USD (constant prices and exchange rates),2015,,91.047,,I,Imputed Value,F,Non-confidential,6,Millions,3,
DATAFLOW,OECD.IEA:RDDPUBLIC(1.0),Public energy technology RD&D budgets,I,DENMARK,Denmark,A,Annual,PUBLIC,Total public,RENEWABLE,Group 3: Renewable energy sources,RDD,"Research, development and demonstration",USD_R,USD (constant prices and exchange rates),2016,,59.701,,I,Imputed Value,F,Non-confidential,6,Millions,3,
DATAFLOW,OECD.IEA:RDDPUBLIC(1.0),Public energy technology RD&D budgets,I,DENMARK,Denmark,A,Annual,PUBLIC,Total public,RENEWABLE,Group 3: Renewable energy sources,RDD,"Research, development and demonstration",USD_R,USD (constant prices and exchange rates),2017,,36.473,,I,Imputed Value,F,Non-confidential,6,Millions,3,
DATAFLOW,OECD.IEA:RDDPUBLIC(1.0),Public energy technology RD&D budgets,I,DENMARK,Denmark,A,Annual,PUBLIC,Total public,RENEWABLE,Group 3: Renewable energy sources,RDD,"Research, development and demonstration",USD_R,USD (constant prices and exchange rates),2018,,52.815,,I,Imputed Value,F,Non-confidential,6,Millions,3,
DATAFLOW,OECD.IEA:RDDPUBLIC(1.0),Public energy technology RD&D budgets,I,DENMARK,Denmark,A,Annual,PUBLIC,Total public,RENEWABLE,Group 3: Renewable energy sources,RDD,"Research, development and demonstration",USD_R,USD (constant prices and exchange rates),2019,,47.171,,I,Imputed Value,F,Non-confidential,6,Millions,3,
DATAFLOW,OECD.IEA:RDDPUBLIC(1.0),Public energy technology RD&D budgets,I,DENMARK,Denmark,A,Annual,PUBLIC,Total public,RENEWABLE,Group 3: Renewable energy sources,RDD,"Research, development and demonstration",USD_R,USD (constant prices and exchange rates),2020,,53.59,,I,Imputed Value,F,Non-confidential,6,Millions,3,
DATAFLOW,OECD.IEA:RDDPUBLIC(1.0),Public energy technology RD&D budgets,I,DENMARK,Denmark,A,Annual,PUBLIC,Total public,RENEWABLE,Group 3: Renewable energy sources,RDD,"Research, development and demonstration",USD_R,USD (constant prices and exchange rates),2021,,51.173,,I,Imputed Value,F,Non-confidential,6,Millions,3,
DATAFLOW,OECD.IEA:RDDPUBLIC(1.0),Public energy technology RD&D budgets,I,DENMARK,Denmark,A,Annual,PUBLIC,Total public,RENEWABLE,Group 3: Renewable energy sources,RDD,"Research, development and demonstration",USD_R,USD (constant prices and exchange rates),2022,,30.866,,I,Imputed Value,F,Non-confidential,6,Millions,3,
DATAFLOW,OECD.IEA:RDDPUBLIC(1.0),Public energy technology RD&D budgets,I,DENMARK,Denmark,A,Annual,PUBLIC,Total public,RENEWABLE,Group 3: Renewable energy sources,RDD,"Research, development and demonstration",USD_R,USD (constant prices and exchange rates),2023,,57.546,,I,Imputed Value,F,Non-confidential,6,Millions,3,
DATAFLOW,OECD.IEA:RDDPUBLIC(1.0),Public energy technology RD&D budgets,I,DENMARK,Denmark,A,Annual,PUBLIC,Total public,RENEWABLE,Group 3: Renewable energy sources,RDD,"Research, development and demonstration",USD_R,USD (constant prices and exchange rates),2024,,58.923,,P,Provisional Value,F,Non-confidential,6,Millions,3,
DATAFLOW,OECD.IEA:RDDPUBLIC(1.0),Public energy technology RD&D budgets,I,GERMANY,Germany,A,Annual,PUBLIC,Total public,RENEWABLE,Group 3: Renewable energy sources,RDD,"Research, development and demonstration",USD_R,USD (constant prices and exchange rates),2000,,126.166,,I,Imputed Value,F,Non-confidential,6,Millions,3,
DATAFLOW,OECD.IEA:RDDPUBLIC(1.0),Public energy technology RD&D budgets,I,GERMANY,Germany,A,Annual,PUBLIC,Total public,RENEWABLE,Group 3: Renewable energy sources,RDD,"Research, development and demonstration",USD_R,USD (constant prices and exchange rates),2001,,119.991,,I,Imputed Value,F,Non-confidential,6,Millions,3,
DATAFLOW,OECD.IEA:RDDPUBLIC(1.0),Public energy technology RD&D budgets,I,GERMANY,Germany,A,Annual,PUBLIC,Total public,RENEWABLE,Group 3: Renewable energy sources,RDD,"Research, development and demonstration",USD_R,USD (constant prices and exchange rates),2002,,126.686,,I,Imputed Value,F,Non-confidential,6,Millions,3,
DATAFLOW,OECD.IEA:RDDPUBLIC(1.0),Public energy technology RD&D budgets,I,GERMANY,Germany,A,Annual,PUBLIC,Total public,RENEWABLE,Group 3: Renewable energy sources,RDD,"Research, development and demonstration",USD_R,USD (constant prices and exchange rates),2003,,114.713,,I,Imputed Value,F,Non-confidential,6,Millions,3,
DATAFLOW,OECD.IEA:RDDPUBLIC(1.0),Public energy technology RD&D budgets,I,GERMANY,Germany,A,Annual,PUBLIC,Total public,RENEWABLE,Group 3: Renewable energy sources,RDD,"Research, development and demonstration",USD_R,USD (constant prices and exchange rates),2004,,92.806,,I,Imputed Value,F,Non-confidential,6,Millions,3,
DATAFLOW,OECD.IEA:RDDPUBLIC(1.0),Public energy technology RD&D budgets,I,GERMANY,Germany,A,Annual,PUBLIC,Total public,RENEWABLE,Group 3: Renewable energy sources,RDD,"Research, development and demonstration",USD_R,USD (constant prices and exchange rates),2005,,148.655,,I,Imputed Value,F,Non-confidential,6,Millions,3,
DATAFLOW,OECD.IEA:RDDPUBLIC(1.0),Public energy technology RD&D budgets,I,GERMANY,Germany,A,Annual,PUBLIC,Total public,RENEWABLE,Group 3: Renewable energy sources,RDD,"Research, development and demonstration",USD_R,USD (constant prices and exchange rates),2006,,143.199,,I,Imputed Value,F,Non-confidential,6,Millions,3,
DATAFLOW,OECD.IEA:RDDPUBLIC(1.0),Public energy technology RD&D budgets,I,GERMANY,Germany,A,Annual,PUBLIC,Total public,RENEWABLE,Group 3: Renewable energy sources,RDD,"Research, development and demonstration",USD_R,USD (constant prices and exchange rates),2007,,145.58,,I,Imputed Value,F,Non-confidential,6,Millions,3,
DATAFLOW,OECD.IEA:RDDPUBLIC(1.0),Public energy technology RD&D budgets,I,GERMANY,Germany,A,Annual,PUBLIC,Total public,RENEWABLE,Group 3: Renewable energy sources,RDD,"Research, development and demonstration",USD_R,USD (constant prices and exchange rates),2008,,186.974,,I,Imputed Value,F,Non-confidential,6,Millions,3,
DATAFLOW,OECD.IEA:RDDPUBLIC(1.0),Public energy technology RD&D budgets,I,GERMANY,Germany,A,Annual,PUBLIC,Total public,RENEWABLE,Group 3: Renewable energy sources,RDD,"Research, development and demonstration",USD_R,USD (constant prices and exchange rates),2009,,284.142,,I,Imputed Value,F,Non-confidential,6,Millions,3,
DATAFLOW,OECD.IEA:RDDPUBLIC(1.0),Public energy technology RD&D budgets,I,GERMANY,Germany,A,Annual,PUBLIC,Total public,RENEWABLE,Group 3: Renewable energy sources,RDD,"Research, development and demonstration",USD_R,USD (constant prices and exchange rates),2010,,290.888,,I,Imputed Value,F,Non-confidential,6,Millions,3,
DATAFLOW,OECD.IEA:RDDPUBLIC(1.0),Public energy technology RD&D budgets,I,GERMANY,Germany,A,Annual,PUBLIC,Total public,RENEWABLE,Group 3: Renewable energy sources,RDD,"Research, development and demonstration",USD_R,USD (constant prices and exchange rates),2011,,368.948,,I,Imputed Value,F,Non-confidential,6,Millions,3,
DATAFLOW,OECD.IEA:RDDPUBLIC(1.0),Public energy technology RD&D budgets,I,GERMANY,Germany,A,Annual,PUBLIC,Total public,RENEWABLE,Group 3: Renewable energy sources,RDD,"Research, development and demonstration",USD_R,USD (constant prices and exchange rates),2012,,356.671,,I,Imputed Value,F,Non-confidential,6,Millions,3,
DATAFLOW,OECD.IEA:RDDPUBLIC(1.0),Public energy technology RD&D budgets,I,GERMANY,Germany,A,Annual,PUBLIC,Total public,RENEWABLE,Group 3: Renewable energy sources,RDD,"Research, development and demonstration",USD_R,USD (constant prices and exchange rates),2013,,374.764,,I,Imputed Value,F,Non-confidential,6,Millions,3,
DATAFLOW,OECD.IEA:RDDPUBLIC(1.0),Public energy technology RD&D budgets,I,GERMANY,Germany,A,Annual,PUBLIC,Total public,RENEWABLE,Group 3: Renewable energy sources,RDD,"Research, development and demonstration",USD_R,USD (constant prices and exchange rates),2014,,273.934,,I,Imputed Value,F,Non-confidential,6,Millions,3,
DATAFLOW,OECD.IEA:RDDPUBLIC(1.0),Public energy technology RD&D budgets,I,GERMANY,Germany,A,Annual,PUBLIC,Total public,RENEWABLE,Group 3: Renewable energy sources,RDD,"Research, development and demonstration",USD_R,USD (constant prices and exchange rates),2015,,292.607,,I,Imputed Value,F,Non-confidential,6,Millions,3,
DATAFLOW,OECD.IEA:RDDPUBLIC(1.0),Public energy technology RD&D budgets,I,GERMANY,Germany,A,Annual,PUBLIC,Total public,RENEWABLE,Group 3: Renewable energy sources,RDD,"Research, development and demonstration",USD_R,USD (constant prices and exchange rates),2016,,262.751,,I,Imputed Value,F,Non-confidential,6,Millions,3,
DATAFLOW,OECD.IEA:RDDPUBLIC(1.0),Public energy technology RD&D budgets,I,GERMANY,Germany,A,Annual,PUBLIC,Total public,RENEWABLE,Group 3: Renewable energy sources,RDD,"Research, development and demonstration",USD_R,USD (constant prices and exchange rates),2017,,324.847,,I,Imputed Value,F,Non-confidential,6,Millions,3,
DATAFLOW,OECD.IEA:RDDPUBLIC(1.0),Public energy technology RD&D budgets,I,GERMANY,Germany,A,Annual,PUBLIC,Total public,RENEWABLE,Group 3: Renewable energy sources,RDD,"Research, development and demonstration",USD_R,USD (constant prices and exchange rates),2018,,280.138,,I,Imputed Value,F,Non-confidential,6,Millions,3,
DATAFLOW,OECD.IEA:RDDPUBLIC(1.0),Public energy technology RD&D budgets,I,GERMANY,Germany,A,Annual,PUBLIC,Total public,RENEWABLE,Group 3: Renewable energy sources,RDD,"Research, development and demonstration",USD_R,USD (constant prices and exchange rates),2019,,325.021,,I,Imputed Value,F,Non-confidential,6,Millions,3,
DATAFLOW,OECD.IEA:RDDPUBLIC(1.0),Public energy technology RD&D budgets,I,GERMANY,Germany,A,Annual,PUBLIC,Total public,RENEWABLE,Group 3: Renewable energy sources,RDD,"Research, development and demonstration",USD_R,USD (constant prices and exchange rates),2020,,315.826,,I,Imputed Value,F,Non-confidential,6,Millions,3,
DATAFLOW,OECD.IEA:RDDPUBLIC(1.0),Public energy technology RD&D budgets,I,GERMANY,Germany,A,Annual,PUBLIC,Total public,RENEWABLE,Group 3: Renewable energy sources,RDD,"Research, development and demonstration",USD_R,USD (constant prices and exchange rates),2021,,351.316,,I,Imputed Value,F,Non-confidential,6,Millions,3,
DATAFLOW,OECD.IEA:RDDPUBLIC(1.0),Public energy technology RD&D budgets,I,GERMANY,Germany,A,Annual,PUBLIC,Total public,RENEWABLE,Group 3: Renewable energy sources,RDD,"Research, development and demonstration",USD_R,USD (constant prices and exchange rates),2022,,291.887,,I,Imputed Value,F,Non-confidential,6,Millions,3,
DATAFLOW,OECD.IEA:RDDPUBLIC(1.0),Public energy technology RD&D budgets,I,GERMANY,Germany,A,Annual,PUBLIC,Total public,RENEWABLE,Group 3: Renewable energy sources,RDD,"Research, development and demonstration",USD_R,USD (constant prices and exchange rates),2023,,247.553,,I,Imputed Value,F,Non-confidential,6,Millions,3,
DATAFLOW,OECD.IEA:RDDPUBLIC(1.0),Public energy technology RD&D budgets,I,BRAZIL,Brazil,A,Annual,PUBLIC,Total public,RENEWABLE,Group 3: Renewable energy sources,RDD,"Research, development and demonstration",USD_R,USD (constant prices and exchange rates),2013,,216.765,,I,Imputed Value,F,Non-confidential,6,Millions,3,
DATAFLOW,OECD.IEA:RDDPUBLIC(1.0),Public energy technology RD&D budgets,I,BRAZIL,Brazil,A,Annual,PUBLIC,Total public,RENEWABLE,Group 3: Renewable energy sources,RDD,"Research, development and demonstration",USD_R,USD (constant prices and exchange rates),2014,,258.54,,I,Imputed Value,F,Non-confidential,6,Millions,3,
DATAFLOW,OECD.IEA:RDDPUBLIC(1.0),Public energy technology RD&D budgets,I,BRAZIL,Brazil,A,Annual,PUBLIC,Total public,RENEWABLE,Group 3: Renewable energy sources,RDD,"Research, development and demonstration",USD_R,USD (constant prices and exchange rates),2015,,205.485,,I,Imputed Value,F,Non-confidential,6,Millions,3,
DATAFLOW,OECD.IEA:RDDPUBLIC(1.0),Public energy technology RD&D budgets,I,BRAZIL,Brazil,A,Annual,PUBLIC,Total public,RENEWABLE,Group 3: Renewable energy sources,RDD,"Research, development and demonstration",USD_R,USD (constant prices and exchange rates),2016,,169.879,,I,Imputed Value,F,Non-confidential,6,Millions,3,
DATAFLOW,OECD.IEA:RDDPUBLIC(1.0),Public energy technology RD&D budgets,I,BRAZIL,Brazil,A,Annual,PUBLIC,Total public,RENEWABLE,Group 3: Renewable energy sources,RDD,"Research, development and demonstration",USD_R,USD (constant prices and exchange rates),2017,,153.289,,I,Imputed Value,F,Non-confidential,6,Millions,3,
DATAFLOW,OECD.IEA:RDDPUBLIC(1.0),Public energy technology RD&D budgets,I,BRAZIL,Brazil,A,Annual,PUBLIC,Total public,RENEWABLE,Group 3: Renewable energy sources,RDD,"Research, development and demonstration",USD_R,USD (constant prices and exchange rates),2018,,132.266,,I,Imputed Value,F,Non-confidential,6,Millions,3,
DATAFLOW,OECD.IEA:RDDPUBLIC(1.0),Public energy technology RD&D budgets,I,BRAZIL,Brazil,A,Annual,PUBLIC,Total public,RENEWABLE,Group 3: Renewable energy sources,RDD,"Research, development and demonstration",USD_R,USD (constant prices and exchange rates),2019,,145.232,,I,Imputed Value,F,Non-confidential,6,Millions,3,
DATAFLOW,OECD.IEA:RDDPUBLIC(1.0),Public energy technology RD&D budgets,I,BRAZIL,Brazil,A,Annual,PUBLIC,Total public,RENEWABLE,Group 3: Renewable energy sources,RDD,"Research, development and demonstration",USD_R,USD (constant prices and exchange rates),2020,,103.426,,I,Imputed Value,F,Non-confidential,6,Millions,3,
DATAFLOW,OECD.IEA:RDDPUBLIC(1.0),Public energy technology RD&D budgets,I,BRAZIL,Brazil,A,Annual,PUBLIC,Total public,RENEWABLE,Group 3: Renewable energy sources,RDD,"Research, development and demonstration",USD_R,USD (constant prices and exchange rates),2021,,79.96,,I,Imputed Value,F,Non-confidential,6,Millions,3,
DATAFLOW,OECD.IEA:RDDPUBLIC(1.0),Public energy technology RD&D budgets,I,BRAZIL,Brazil,A,Annual,PUBLIC,Total public,RENEWABLE,Group 3: Renewable energy sources,RDD,"Research, development and demonstration",USD_R,USD (constant prices and exchange rates),2022,,83.275,,I,Imputed Value,F,Non-confidential,6,Millions,3,
DATAFLOW,OECD.IEA:RDDPUBLIC(1.0),Public energy technology RD&D budgets,I,BRAZIL,Brazil,A,Annual,PUBLIC,Total public,RENEWABLE,Group 3: Renewable energy sources,RDD,"Research, development and demonstration",USD_R,USD (constant prices and exchange rates),2023,,107.616,,I,Imputed Value,F,Non-confidential,6,Millions,3,
DATAFLOW,OECD.IEA:RDDPUBLIC(1.0),Public energy technology RD&D budgets,I,AUSTRALIA,Australia,A,Annual,PUBLIC,Total public,FOSSILFUEL,Group 2: Fossil fuels,RDD,"Research, development and demonstration",USD_R,USD (constant prices and exchange rates),2001,,125.708,,I,Imputed Value,F,Non-confidential,6,Millions,3,
DATAFLOW,OECD.IEA:RDDPUBLIC(1.0),Public energy technology RD&D budgets,I,AUSTRALIA,Australia,A,Annual,PUBLIC,Total public,FOSSILFUEL,Group 2: Fossil fuels,RDD,"Research, development and demonstration",USD_R,USD (constant prices and exchange rates),2003,,103.295,,I,Imputed Value,F,Non-confidential,6,Millions,3,
DATAFLOW,OECD.IEA:RDDPUBLIC(1.0),Public energy technology RD&D budgets,I,AUSTRALIA,Australia,A,Annual,PUBLIC,Total public,FOSSILFUEL,Group 2: Fossil fuels,RDD,"Research, development and demonstration",USD_R,USD (constant prices and exchange rates),2004,,65.623,,I,Imputed Value,F,Non-confidential,6,Millions,3,
DATAFLOW,OECD.IEA:RDDPUBLIC(1.0),Public energy technology RD&D budgets,I,AUSTRALIA,Australia,A,Annual,PUBLIC,Total public,FOSSILFUEL,Group 2: Fossil fuels,RDD,"Research, development and demonstration",USD_R,USD (constant prices and exchange rates),2005,,62.03,,I,Imputed Value,F,Non-confidential,6,Millions,3,
DATAFLOW,OECD.IEA:RDDPUBLIC(1.0),Public energy technology RD&D budgets,I,AUSTRALIA,Australia,A,Annual,PUBLIC,Total public,FOSSILFUEL,Group 2: Fossil fuels,RDD,"Research, development and demonstration",USD_R,USD (constant prices and exchange rates),2006,,71.904,,I,Imputed Value,F,Non-confidential,6,Millions,3,
DATAFLOW,OECD.IEA:RDDPUBLIC(1.0),Public energy technology RD&D budgets,I,AUSTRALIA,Australia,A,Annual,PUBLIC,Total public,FOSSILFUEL,Group 2: Fossil fuels,RDD,"Research, development and demonstration",USD_R,USD (constant prices and exchange rates),2007,,75.848,,I,Imputed Value,F,Non-confidential,6,Millions,3,
DATAFLOW,OECD.IEA:RDDPUBLIC(1.0),Public energy technology RD&D budgets,I,AUSTRALIA,Australia,A,Annual,PUBLIC,Total public,FOSSILFUEL,Group 2: Fossil fuels,RDD,"Research, development and demonstration",USD_R,USD (constant prices and exchange rates),2008,,70.423,,I,Imputed Value,F,Non-confidential,6,Millions,3,
DATAFLOW,OECD.IEA:RDDPUBLIC(1.0),Public energy technology RD&D budgets,I,AUSTRALIA,Australia,A,Annual,PUBLIC,Total public,FOSSILFUEL,Group 2: Fossil fuels,RDD,"Research, development and demonstration",USD_R,USD (constant prices and exchange rates),2009,,293.112,,I,Imputed Value,F,Non-confidential,6,Millions,3,
DATAFLOW,OECD.IEA:RDDPUBLIC(1.0),Public energy technology RD&D budgets,I,AUSTRALIA,Australia,A,Annual,PUBLIC,Total public,FOSSILFUEL,Group 2: Fossil fuels,RDD,"Research, development and demonstration",USD_R,USD (constant prices and exchange rates),2010,,209.955,,I,Imputed Value,F,Non-confidential,6,Millions,3,
DATAFLOW,OECD.IEA:RDDPUBLIC(1.0),Public energy technology RD&D budgets,I,AUSTRALIA,Australia,A,Annual,PUBLIC,Total public,FOSSILFUEL,Group 2: Fossil fuels,RDD,"Research, development and demonstration",USD_R,USD (constant prices and exchange rates),2011,,236.673,,I,Imputed Value,F,Non-confidential,6,Millions,3,
DATAFLOW,OECD.IEA:RDDPUBLIC(1.0),Public energy technology RD&D budgets,I,AUSTRALIA,Australia,A,Annual,PUBLIC,Total public,FOSSILFUEL,Group 2: Fossil fuels,RDD,"Research, development and demonstration",USD_R,USD (constant prices and exchange rates),2012,,357.043,,I,Imputed Value,F,Non-confidential,6,Millions,3,
DATAFLOW,OECD.IEA:RDDPUBLIC(1.0),Public energy technology RD&D budgets,I,AUSTRALIA,Australia,A,Annual,PUBLIC,Total public,FOSSILFUEL,Group 2: Fossil fuels,RDD,"Research, development and demonstration",USD_R,USD (constant prices and exchange rates),2013,,290.356,,I,Imputed Value,F,Non-confidential,6,Millions,3,
DATAFLOW,OECD.IEA:RDDPUBLIC(1.0),Public energy technology RD&D budgets,I,AUSTRALIA,Australia,A,Annual,PUBLIC,Total public,FOSSILFUEL,Group 2: Fossil fuels,RDD,"Research, development and demonstration",USD_R,USD (constant prices and exchange rates),2014,,138.464,,I,Imputed Value,F,Non-confidential,6,Millions,3,
DATAFLOW,OECD.IEA:RDDPUBLIC(1.0),Public energy technology RD&D budgets,I,AUSTRALIA,Australia,A,Annual,PUBLIC,Total public,FOSSILFUEL,Group 2: Fossil fuels,RDD,"Research, development and demonstration",USD_R,USD (constant prices and exchange rates),2015,,57.593,,I,Imputed Value,F,Non-confidential,6,Millions,3,
DATAFLOW,OECD.IEA:RDDPUBLIC(1.0),Public energy technology RD&D budgets,I,AUSTRALIA,Australia,A,Annual,PUBLIC,Total public,FOSSILFUEL,Group 2: Fossil fuels,RDD,"Research, development and demonstration",USD_R,USD (constant prices and exchange rates),2016,,37.587,,I,Imputed Value,F,Non-confidential,6,Millions,3,
DATAFLOW,OECD.IEA:RDDPUBLIC(1.0),Public energy technology RD&D budgets,I,AUSTRALIA,Australia,A,Annual,PUBLIC,Total public,FOSSILFUEL,Group 2: Fossil fuels,RDD,"Research, development and demonstration",USD_R,USD (constant prices and exchange rates),2017,,58.162,,I,Imputed Value,F,Non-confidential,6,Millions,3,
DATAFLOW,OECD.IEA:RDDPUBLIC(1.0),Public energy technology RD&D budgets,I,AUSTRALIA,Australia,A,Annual,PUBLIC,Total public,FOSSILFUEL,Group 2: Fossil fuels,RDD,"Research, development and demonstration",USD_R,USD (constant prices and exchange rates),2018,,59.579,,I,Imputed Value,F,Non-confidential,6,Millions,3,
DATAFLOW,OECD.IEA:RDDPUBLIC(1.0),Public energy technology RD&D budgets,I,AUSTRALIA,Australia,A,Annual,PUBLIC,Total public,FOSSILFUEL,Group 2: Fossil fuels,RDD,"Research, development and demonstration",USD_R,USD (constant prices and exchange rates),2019,,55.493,,I,Imputed Value,F,Non-confidential,6,Millions,3,
DATAFLOW,OECD.IEA:RDDPUBLIC(1.0),Public energy technology RD&D budgets,I,AUSTRALIA,Australia,A,Annual,PUBLIC,Total public,FOSSILFUEL,Group 2: Fossil fuels,RDD,"Research, development and demonstration",USD_R,USD (constant prices and exchange rates),2020,,39.349,,I,Imputed Value,F,Non-confidential,6,Millions,3,
DATAFLOW,OECD.IEA:RDDPUBLIC(1.0),Public energy technology RD&D budgets,I,AUSTRALIA,Australia,A,Annual,PUBLIC,Total public,FOSSILFUEL,Group 2: Fossil fuels,RDD,"Research, development and demonstration",USD_R,USD (constant prices and exchange rates),2021,,35.208,,I,Imputed Value,F,Non-confidential,6,Millions,3,
DATAFLOW,OECD.IEA:RDDPUBLIC(1.0),Public energy technology RD&D budgets,I,AUSTRALIA,Australia,A,Annual,PUBLIC,Total public,FOSSILFUEL,Group 2: Fossil fuels,RDD,"Research, development and demonstration",USD_R,USD (constant prices and exchange rates),2022,,97.188,,I,Imputed Value,F,Non-confidential,6,Millions,3,
DATAFLOW,OECD.IEA:RDDPUBLIC(1.0),Public energy technology RD&D budgets,I,AUSTRALIA,Australia,A,Annual,PUBLIC,Total public,FOSSILFUEL,Group 2: Fossil fuels,RDD,"Research, development and demonstration",USD_R,USD (constant prices and exchange rates),2023,,50.944,,I,Imputed Value,F,Non-confidential,6,Millions,3,
DATAFLOW,OECD.IEA:RDDPUBLIC(1.0),Public energy technology RD&D budgets,I,AUSTRALIA,Australia,A,Annual,PUBLIC,Total public,FOSSILFUEL,Group 2: Fossil fuels,RDD,"Research, development and demonstration",USD_R,USD (constant prices and exchange rates),2024,,12.387,,P,Provisional Value,F,Non-confidential,6,Millions,3,
DATAFLOW,OECD.IEA:RDDPUBLIC(1.0),Public energy technology RD&D budgets,I,BELGIUM,Belgium,A,Annual,PUBLIC,Total public,RENEWABLE,Group 3: Renewable energy sources,RDD,"Research, development and demonstration",USD_R,USD (constant prices and exchange rates),2007,,23.281,,I,Imputed Value,F,Non-confidential,6,Millions,3,
DATAFLOW,OECD.IEA:RDDPUBLIC(1.0),Public energy technology RD&D budgets,I,BELGIUM,Belgium,A,Annual,PUBLIC,Total public,RENEWABLE,Group 3: Renewable energy sources,RDD,"Research, development and demonstration",USD_R,USD (constant prices and exchange rates),2010,,0,,I,Imputed Value,F,Non-confidential,6,Millions,3,
DATAFLOW,OECD.IEA:RDDPUBLIC(1.0),Public energy technology RD&D budgets,I,BELGIUM,Belgium,A,Annual,PUBLIC,Total public,RENEWABLE,Group 3: Renewable energy sources,RDD,"Research, development and demonstration",USD_R,USD (constant prices and exchange rates),2011,,24.989,,I,Imputed Value,F,Non-confidential,6,Millions,3,
DATAFLOW,OECD.IEA:RDDPUBLIC(1.0),Public energy technology RD&D budgets,I,BELGIUM,Belgium,A,Annual,PUBLIC,Total public,RENEWABLE,Group 3: Renewable energy sources,RDD,"Research, development and demonstration",USD_R,USD (constant prices and exchange rates),2012,,25.036,,I,Imputed Value,F,Non-confidential,6,Millions,3,
DATAFLOW,OECD.IEA:RDDPUBLIC(1.0),Public energy technology RD&D budgets,I,BELGIUM,Belgium,A,Annual,PUBLIC,Total public,RENEWABLE,Group 3: Renewable energy sources,RDD,"Research, development and demonstration",USD_R,USD (constant prices and exchange rates),2013,,26.956,,I,Imputed Value,F,Non-confidential,6,Millions,3,
DATAFLOW,OECD.IEA:RDDPUBLIC(1.0),Public energy technology RD&D budgets,I,BELGIUM,Belgium,A,Annual,PUBLIC,Total public,RENEWABLE,Group 3: Renewable energy sources,RDD,"Research, development and demonstration",USD_R,USD (constant prices and exchange rates),2014,,37.64,,I,Imputed Value,F,Non-confidential,6,Millions,3,
DATAFLOW,OECD.IEA:RDDPUBLIC(1.0),Public energy technology RD&D budgets,I,BELGIUM,Belgium,A,Annual,PUBLIC,Total public,RENEWABLE,Group 3: Renewable energy sources,RDD,"Research, development and demonstration",USD_R,USD (constant prices and exchange rates),2015,,24.36,,I,Imputed Value,F,Non-confidential,6,Millions,3,
DATAFLOW,OECD.IEA:RDDPUBLIC(1.0),Public energy technology RD&D budgets,I,BELGIUM,Belgium,A,Annual,PUBLIC,Total public,RENEWABLE,Group 3: Renewable energy sources,RDD,"Research, development and demonstration",USD_R,USD (constant prices and exchange rates),2016,,20.637,,I,Imputed Value,F,Non-confidential,6,Millions,3,
DATAFLOW,OECD.IEA:RDDPUBLIC(1.0),Public energy technology RD&D budgets,I,BELGIUM,Belgium,A,Annual,PUBLIC,Total public,RENEWABLE,Group 3: Renewable energy sources,RDD,"Research, development and demonstration",USD_R,USD (constant prices and exchange rates),2017,,21.758,,I,Imputed Value,F,Non-confidential,6,Millions,3,
DATAFLOW,OECD.IEA:RDDPUBLIC(1.0),Public energy technology RD&D budgets,I,BELGIUM,Belgium,A,Annual,PUBLIC,Total public,RENEWABLE,Group 3: Renewable energy sources,RDD,"Research, development and demonstration",USD_R,USD (constant prices and exchange rates),2018,,15.113,,I,Imputed Value,F,Non-confidential,6,Millions,3,
DATAFLOW,OECD.IEA:RDDPUBLIC(1.0),Public energy technology RD&D budgets,I,BELGIUM,Belgium,A,Annual,PUBLIC,Total public,RENEWABLE,Group 3: Renewable energy sources,RDD,"Research, development and demonstration",USD_R,USD (constant prices and exchange rates),2019,,31.196,,I,Imputed Value,F,Non-confidential,6,Millions,3,
DATAFLOW,OECD.IEA:RDDPUBLIC(1.0),Public energy technology RD&D budgets,I,BELGIUM,Belgium,A,Annual,PUBLIC,Total public,RENEWABLE,Group 3: Renewable energy sources,RDD,"Research, development and demonstration",USD_R,USD (constant prices and exchange rates),2020,,24.356,,I,Imputed Value,F,Non-confidential,6,Millions,3,
DATAFLOW,OECD.IEA:RDDPUBLIC(1.0),Public energy technology RD&D budgets,I,BELGIUM,Belgium,A,Annual,PUBLIC,Total public,RENEWABLE,Group 3: Renewable energy sources,RDD,"Research, development and demonstration",USD_R,USD (constant prices and exchange rates),2021,,9.072,,I,Imputed Value,F,Non-confidential,6,Millions,3,
DATAFLOW,OECD.IEA:RDDPUBLIC(1.0),Public energy technology RD&D budgets,I,BELGIUM,Belgium,A,Annual,PUBLIC,Total public,RENEWABLE,Group 3: Renewable energy sources,RDD,"Research, development and demonstration",USD_R,USD (constant prices and exchange rates),2022,,34.715,,I,Imputed Value,F,Non-confidential,6,Millions,3,
DATAFLOW,OECD.IEA:RDDPUBLIC(1.0),Public energy technology RD&D budgets,I,BELGIUM,Belgium,A,Annual,PUBLIC,Total public,RENEWABLE,Group 3: Renewable energy sources,RDD,"Research, development and demonstration",USD_R,USD (constant prices and exchange rates),2023,,32.73,,I,Imputed Value,F,Non-confidential,6,Millions,3,
DATAFLOW,OECD.IEA:RDDPUBLIC(1.0),Public energy technology RD&D budgets,I,BELGIUM,Belgium,A,Annual,PUBLIC,Total public,RENEWABLE,Group 3: Renewable energy sources,RDD,"Research, development and demonstration",USD_R,USD (constant prices and exchange rates),2024,,38.728,,P,Provisional Value,F,Non-confidential,6,Millions,3,
DATAFLOW,OECD.IEA:RDDPUBLIC(1.0),Public energy technology RD&D budgets,I,NORWAY,Norway,A,Annual,PUBLIC,Total public,RENEWABLE,Group 3: Renewable energy sources,RDD,"Research, development and demonstration",USD_R,USD (constant prices and exchange rates),2000,,9.501,,I,Imputed Value,F,Non-confidential,6,Millions,3,
DATAFLOW,OECD.IEA:RDDPUBLIC(1.0),Public energy technology RD&D budgets,I,NORWAY,Norway,A,Annual,PUBLIC,Total public,RENEWABLE,Group 3: Renewable energy sources,RDD,"Research, development and demonstration",USD_R,USD (constant prices and exchange rates),2001,,7.417,,I,Imputed Value,F,Non-confidential,6,Millions,3,
DATAFLOW,OECD.IEA:RDDPUBLIC(1.0),Public energy technology RD&D budgets,I,NORWAY,Norway,A,Annual,PUBLIC,Total public,RENEWABLE,Group 3: Renewable energy sources,RDD,"Research, development and demonstration",USD_R,USD (constant prices and exchange rates),2002,,7.07,,I,Imputed Value,F,Non-confidential,6,Millions,3,
DATAFLOW,OECD.IEA:RDDPUBLIC(1.0),Public energy technology RD&D budgets,I,NORWAY,Norway,A,Annual,PUBLIC,Total public,RENEWABLE,Group 3: Renewable energy sources,RDD,"Research, development and demonstration",USD_R,USD (constant prices and exchange rates),2003,,6.255,,I,Imputed Value,F,Non-confidential,6,Millions,3,
DATAFLOW,OECD.IEA:RDDPUBLIC(1.0),Public energy technology RD&D budgets,I,NORWAY,Norway,A,Annual,PUBLIC,Total public,RENEWABLE,Group 3: Renewable energy sources,RDD,"Research, development and demonstration",USD_R,USD (constant prices and exchange rates),2004,,6.857,,I,Imputed Value,F,Non-confidential,6,Millions,3,
DATAFLOW,OECD.IEA:RDDPUBLIC(1.0),Public energy technology RD&D budgets,I,NORWAY,Norway,A,Annual,PUBLIC,Total public,RENEWABLE,Group 3: Renewable energy sources,RDD,"Research, development and demonstration",USD_R,USD (constant prices and exchange rates),2005,,6.413,,I,Imputed Value,F,Non-confidential,6,Millions,3,
DATAFLOW,OECD.IEA:RDDPUBLIC(1.0),Public energy technology RD&D budgets,I,NORWAY,Norway,A,Annual,PUBLIC,Total public,RENEWABLE,Group 3: Renewable energy sources,RDD,"Research, development and demonstration",USD_R,USD (constant prices and exchange rates),2006,,7.52,,I,Imputed Value,F,Non-confidential,6,Millions,3,
DATAFLOW,OECD.IEA:RDDPUBLIC(1.0),Public energy technology RD&D budgets,I,NORWAY,Norway,A,Annual,PUBLIC,Total public,RENEWABLE,Group 3: Renewable energy sources,RDD,"Research, development and demonstration",USD_R,USD (constant prices and exchange rates),2007,,13.876,,I,Imputed Value,F,Non-confidential,6,Millions,3,
DATAFLOW,OECD.IEA:RDDPUBLIC(1.0),Public energy technology RD&D budgets,I,NORWAY,Norway,A,Annual,PUBLIC,Total public,RENEWABLE,Group 3: Renewable energy sources,RDD,"Research, development and demonstration",USD_R,USD (constant prices and exchange rates),2008,,15.528,,I,Imputed Value,F,Non-confidential,6,Millions,3,
DATAFLOW,OECD.IEA:RDDPUBLIC(1.0),Public energy technology RD&D budgets,I,NORWAY,Norway,A,Annual,PUBLIC,Total public,RENEWABLE,Group 3: Renewable energy sources,RDD,"Research, development and demonstration",USD_R,USD (constant prices and exchange rates),2009,,88.37,,I,Imputed Value,F,Non-confidential,6,Millions,3,
DATAFLOW,OECD.IEA:RDDPUBLIC(1.0),Public energy technology RD&D budgets,I,NORWAY,Norway,A,Annual,PUBLIC,Total public,RENEWABLE,Group 3: Renewable energy sources,RDD,"Research, development and demonstration",USD_R,USD (constant prices and exchange rates),2010,,108.047,,I,Imputed Value,F,Non-confidential,6,Millions,3,
DATAFLOW,OECD.IEA:RDDPUBLIC(1.0),Public energy technology RD&D budgets,I,NORWAY,Norway,A,Annual,PUBLIC,Total public,RENEWABLE,Group 3: Renewable energy sources,RDD,"Research, development and demonstration",USD_R,USD (constant prices and exchange rates),2011,,80.937,,I,Imputed Value,F,Non-confidential,6,Millions,3,
DATAFLOW,OECD.IEA:RDDPUBLIC(1.0),Public energy technology RD&D budgets,I,NORWAY,Norway,A,Annual,PUBLIC,Total public,RENEWABLE,Group 3: Renewable energy sources,RDD,"Research, development and demonstration",USD_R,USD (constant prices and exchange rates),2012,,78.16,,I,Imputed Value,F,Non-confidential,6,Millions,3,
DATAFLOW,OECD.IEA:RDDPUBLIC(1.0),Public energy technology RD&D budgets,I,NORWAY,Norway,A,Annual,PUBLIC,Total public,RENEWABLE,Group 3: Renewable energy sources,RDD,"Research, development and demonstration",USD_R,USD (constant prices and exchange rates),2013,,62.654,,I,Imputed Value,F,Non-confidential,6,Millions,3,
DATAFLOW,OECD.IEA:RDDPUBLIC(1.0),Public energy technology RD&D budgets,I,NORWAY,Norway,A,Annual,PUBLIC,Total public,RENEWABLE,Group 3: Renewable energy sources,RDD,"Research, development and demonstration",USD_R,USD (constant prices and exchange rates),2014,,68.63,,I,Imputed Value,F,Non-confidential,6,Millions,3,
DATAFLOW,OECD.IEA:RDDPUBLIC(1.0),Public energy technology RD&D budgets,I,NORWAY,Norway,A,Annual,PUBLIC,Total public,RENEWABLE,Group 3: Renewable energy sources,RDD,"Research, development and demonstration",USD_R,USD (constant prices and exchange rates),2015,,79.821,,I,Imputed Value,F,Non-confidential,6,Millions,3,
DATAFLOW,OECD.IEA:RDDPUBLIC(1.0),Public energy technology RD&D budgets,I,NORWAY,Norway,A,Annual,PUBLIC,Total public,RENEWABLE,Group 3: Renewable energy sources,RDD,"Research, development and demonstration",USD_R,USD (constant prices and exchange rates),2016,,74.414,,I,Imputed Value,F,Non-confidential,6,Millions,3,
DATAFLOW,OECD.IEA:RDDPUBLIC(1.0),Public energy technology RD&D budgets,I,NORWAY,Norway,A,Annual,PUBLIC,Total public,RENEWABLE,Group 3: Renewable energy sources,RDD,"Research, development and demonstration",USD_R,USD (constant prices and exchange rates),2017,,71.74,,I,Imputed Value,F,Non-confidential,6,Millions,3,
DATAFLOW,OECD.IEA:RDDPUBLIC(1.0),Public energy technology RD&D budgets,I,NORWAY,Norway,A,Annual,PUBLIC,Total public,RENEWABLE,Group 3: Renewable energy sources,RDD,"Research, development and demonstration",USD_R,USD (constant prices and exchange rates),2018,,75.422,,I,Imputed Value,F,Non-confidential,6,Millions,3,
DATAFLOW,OECD.IEA:RDDPUBLIC(1.0),Public energy technology RD&D budgets,I,NORWAY,Norway,A,Annual,PUBLIC,Total public,RENEWABLE,Group 3: Renewable energy sources,RDD,"Research, development and demonstration",USD_R,USD (constant prices and exchange rates),2019,,352.299,,I,Imputed Value,F,Non-confidential,6,Millions,3,
DATAFLOW,OECD.IEA:RDDPUBLIC(1.0),Public energy technology RD&D budgets,I,NORWAY,Norway,A,Annual,PUBLIC,Total public,RENEWABLE,Group 3: Renewable energy sources,RDD,"Research, development and demonstration",USD_R,USD (constant prices and exchange rates),2020,,89.931,,I,Imputed Value,F,Non-confidential,6,Millions,3,
DATAFLOW,OECD.IEA:RDDPUBLIC(1.0),Public energy technology RD&D budgets,I,NORWAY,Norway,A,Annual,PUBLIC,Total public,RENEWABLE,Group 3: Renewable energy sources,RDD,"Research, development and demonstration",USD_R,USD (constant prices and exchange rates),2021,,97.738,,I,Imputed Value,F,Non-confidential,6,Millions,3,
DATAFLOW,OECD.IEA:RDDPUBLIC(1.0),Public energy technology RD&D budgets,I,NORWAY,Norway,A,Annual,PUBLIC,Total public,RENEWABLE,Group 3: Renewable energy sources,RDD,"Research, development and demonstration",USD_R,USD (constant prices and exchange rates),2022,,107.182,,I,Imputed Value,F,Non-confidential,6,Millions,3,
DATAFLOW,OECD.IEA:RDDPUBLIC(1.0),Public energy technology RD&D budgets,I,NORWAY,Norway,A,Annual,PUBLIC,Total public,RENEWABLE,Group 3: Renewable energy sources,RDD,"Research, development and demonstration",USD_R,USD (constant prices and exchange rates),2023,,80.909,,I,Imputed Value,F,Non-confidential,6,Millions,3,
DATAFLOW,OECD.IEA:RDDPUBLIC(1.0),Public energy technology RD&D budgets,I,NORWAY,Norway,A,Annual,PUBLIC,Total public,RENEWABLE,Group 3: Renewable energy sources,RDD,"Research, development and demonstration",USD_R,USD (constant prices and exchange rates),2024,,254.471,,P,Provisional Value,F,Non-confidential,6,Millions,3,
DATAFLOW,OECD.IEA:RDDPUBLIC(1.0),Public energy technology RD&D budgets,I,USA,United States,A,Annual,PUBLIC,Total public,RENEWABLE,Group 3: Renewable energy sources,RDD,"Research, development and demonstration",USD_R,USD (constant prices and exchange rates),2000,,363.421,,I,Imputed Value,F,Non-confidential,6,Millions,3,
DATAFLOW,OECD.IEA:RDDPUBLIC(1.0),Public energy technology RD&D budgets,I,USA,United States,A,Annual,PUBLIC,Total public,RENEWABLE,Group 3: Renewable energy sources,RDD,"Research, development and demonstration",USD_R,USD (constant prices and exchange rates),2001,,422.357,,I,Imputed Value,F,Non-confidential,6,Millions,3,
DATAFLOW,OECD.IEA:RDDPUBLIC(1.0),Public energy technology RD&D budgets,I,USA,United States,A,Annual,PUBLIC,Total public,RENEWABLE,Group 3: Renewable energy sources,RDD,"Research, development and demonstration",USD_R,USD (constant prices and exchange rates),2002,,410.835,,I,Imputed Value,F,Non-confidential,6,Millions,3,
DATAFLOW,OECD.IEA:RDDPUBLIC(1.0),Public energy technology RD&D budgets,I,USA,United States,A,Annual,PUBLIC,Total public,RENEWABLE,Group 3: Renewable energy sources,RDD,"Research, development and demonstration",USD_R,USD (constant prices and exchange rates),2003,,395.231,,I,Imputed Value,F,Non-confidential,6,Millions,3,
DATAFLOW,OECD.IEA:RDDPUBLIC(1.0),Public energy technology RD&D budgets,I,USA,United States,A,Annual,PUBLIC,Total public,RENEWABLE,Group 3: Renewable energy sources,RDD,"Research, development and demonstration",USD_R,USD (constant prices and exchange rates),2004,,385.317,,I,Imputed Value,F,Non-confidential,6,Millions,3,
DATAFLOW,OECD.IEA:RDDPUBLIC(1.0),Public energy technology RD&D budgets,I,USA,United States,A,Annual,PUBLIC,Total public,RENEWABLE,Group 3: Renewable energy sources,RDD,"Research, development and demonstration",USD_R,USD (constant prices and exchange rates),2005,,384.976,,I,Imputed Value,F,Non-confidential,6,Millions,3,
DATAFLOW,OECD.IEA:RDDPUBLIC(1.0),Public energy technology RD&D budgets,I,USA,United States,A,Annual,PUBLIC,Total public,RENEWABLE,Group 3: Renewable energy sources,RDD,"Research, development and demonstration",USD_R,USD (constant prices and exchange rates),2006,,303.175,,I,Imputed Value,F,Non-confidential,6,Millions,3,
DATAFLOW,OECD.IEA:RDDPUBLIC(1.0),Public energy technology RD&D budgets,I,USA,United States,A,Annual,PUBLIC,Total public,RENEWABLE,Group 3: Renewable energy sources,RDD,"Research, development and demonstration",USD_R,USD (constant prices and exchange rates),2007,,808.082,,I,Imputed Value,F,Non-confidential,6,Millions,3,
DATAFLOW,OECD.IEA:RDDPUBLIC(1.0),Public energy technology RD&D budgets,I,USA,United States,A,Annual,PUBLIC,Total public,RENEWABLE,Group 3: Renewable energy sources,RDD,"Research, development and demonstration",USD_R,USD (constant prices and exchange rates),2008,,638.537,,I,Imputed Value,F,Non-confidential,6,Millions,3,
DATAFLOW,OECD.IEA:RDDPUBLIC(1.0),Public energy technology RD&D budgets,I,USA,United States,A,Annual,PUBLIC,Total public,RENEWABLE,Group 3: Renewable energy sources,RDD,"Research, development and demonstration",USD_R,USD (constant prices and exchange rates),2009,,3124.456,,I,Imputed Value,F,Non-confidential,6,Millions,3,
DATAFLOW,OECD.IEA:RDDPUBLIC(1.0),Public energy technology RD&D budgets,I,USA,United States,A,Annual,PUBLIC,Total public,RENEWABLE,Group 3: Renewable energy sources,RDD,"Research, development and demonstration",USD_R,USD (constant prices and exchange rates),2010,,1833.128,,I,Imputed Value,F,Non-confidential,6,Millions,3,
DATAFLOW,OECD.IEA:RDDPUBLIC(1.0),Public energy technology RD&D budgets,I,USA,United States,A,Annual,PUBLIC,Total public,RENEWABLE,Group 3: Renewable energy sources,RDD,"Research, development and demonstration",USD_R,USD (constant prices and exchange rates),2011,,1591.147,,I,Imputed Value,F,Non-confidential,6,Millions,3,
DATAFLOW,OECD.IEA:RDDPUBLIC(1.0),Public energy technology RD&D budgets,I,USA,United States,A,Annual,PUBLIC,Total public,RENEWABLE,Group 3: Renewable energy sources,RDD,"Research, development and demonstration",USD_R,USD (constant prices and exchange rates),2012,,2005.456,,I,Imputed Value,F,Non-confidential,6,Millions,3,
DATAFLOW,OECD.IEA:RDDPUBLIC(1.0),Public energy technology RD&D budgets,I,USA,United States,A,Annual,PUBLIC,Total public,RENEWABLE,Group 3: Renewable energy sources,RDD,"Research, development and demonstration",USD_R,USD (constant prices and exchange rates),2013,,1299.152,,I,Imputed Value,F,Non-confidential,6,Millions,3,
DATAFLOW,OECD.IEA:RDDPUBLIC(1.0),Public energy technology RD&D budgets,I,USA,United States,A,Annual,PUBLIC,Total public,RENEWABLE,Group 3: Renewable energy sources,RDD,"Research, development and demonstration",USD_R,USD (constant prices and exchange rates),2014,,1176.165,,I,Imputed Value,F,Non-confidential,6,Millions,3,
DATAFLOW,OECD.IEA:RDDPUBLIC(1.0),Public energy technology RD&D budgets,I,USA,United States,A,Annual,PUBLIC,Total public,RENEWABLE,Group 3: Renewable energy sources,RDD,"Research, development and demonstration",USD_R,USD (constant prices and exchange rates),2015,,1160.14,,I,Imputed Value,F,Non-confidential,6,Millions,3,
